{"type":"FeatureCollection","features":[
{"type":"Feature","id":"relation/14187864","properties":{"category":"place","center":[121.38500379999999,31.27046305],"campus":false,"name":"桃浦镇"},"geometry":{"type":"Polygon","coordinates":[[[121.3955543,31.2804226],[121.3936686,31.2809074],[121.3936365,31.2812283],[121.3931751,31.2813017],[121.3929713,31.2807057],[121.3921344,31.2807698],[121.3918447,31.2807515],[121.3922095,31.2798529],[121.3922417,31.2793578],[121.3921988,31.2790644],[121.3910079,31.2792569],[121.3905895,31.2792844],[121.3901818,31.2792661],[121.3901925,31.2784042],[121.3897741,31.2784042],[121.3896882,31.2778815],[121.3902247,31.277909],[121.3901603,31.2774872],[121.3899457,31.2774322],[121.3897848,31.277368],[121.3894308,31.2773038],[121.3888085,31.2772855],[121.388154,31.2772396],[121.3877571,31.2771846],[121.3878,31.2761301],[121.3875532,31.2760659],[121.387403,31.2760017],[121.3877892,31.2753048],[121.388036,31.2747638],[121.3881755,31.2743145],[121.388433,31.2738331],[121.3888353,31.2733012],[121.3891518,31.2725355],[121.3894898,31.2715864],[121.3896453,31.2713893],[121.3898438,31.2709537],[121.3863516,31.2707107],[121.386432,31.2684639],[121.3865393,31.2681017],[121.3867593,31.2678633],[121.3869792,31.2676203],[121.3872421,31.2674506],[121.3874888,31.2673497],[121.3878429,31.2672718],[121.3881272,31.2671847],[121.388272,31.2671296],[121.3882506,31.2668591],[121.3747698,31.2694864],[121.3744533,31.2693076],[121.3748234,31.2691701],[121.3752955,31.269005],[121.3758427,31.2689133],[121.3762987,31.2687666],[121.3767546,31.2685511],[121.376996,31.2683447],[121.3772535,31.2680834],[121.3774735,31.2677991],[121.3776451,31.2674827],[121.3777685,31.26707],[121.3778007,31.2664831],[121.3777685,31.2661255],[121.377688,31.2658366],[121.3775647,31.2655752],[121.3773233,31.2652313],[121.3771677,31.2650158],[121.3770926,31.2637961],[121.3770819,31.2627323],[121.3769638,31.2617968],[121.3768458,31.261164],[121.3766849,31.2607421],[121.3763161,31.2596244]]]}},
{"type":"Feature","id":"relation/18781565","properties":{"category":"place","center":[121.3846267,31.273595399999998],"campus":true,"name":"同济大学（沪西校区）","name:en":"Tongji University (Huxi Campus)","amenity":"university"},"geometry":{"type":"Polygon","coordinates":[[[121.3842462,31.2711867],[121.3842812,31.271331],[121.3843715,31.2715259],[121.384338,31.2716916],[121.3843589,31.2717684],[121.3844088,31.2718014],[121.3859269,31.2720358],[121.3859725,31.2718699],[121.3859829,31.2718208],[121.3859998,31.2717414],[121.3860222,31.2716356],[121.3860367,31.2715399],[121.3860858,31.2712155],[121.3861358,31.2709642],[121.3860863,31.27093],[121.3860638,31.2708646],[121.3863451,31.2708656],[121.3863627,31.2708744],[121.3868553,31.2709087],[121.3868629,31.2709284],[121.3874906,31.2709408],[121.387831,31.27099],[121.3880513,31.2710203],[121.3881845,31.2710386],[121.388222,31.2710437],[121.3883694,31.2711612],[121.3884826,31.2713239],[121.3884975,31.271373],[121.3886894,31.271751],[121.3888136,31.2719772],[121.3888599,31.272125],[121.3887976,31.2725004],[121.3887048,31.2728527],[121.388561,31.273221],[121.3884164,31.2734356],[121.3881834,31.2737369],[121.3876595,31.2736483],[121.3876404,31.2736451],[121.3875796,31.2738787],[121.3874985,31.274043],[121.3874215,31.2742829],[121.387352,31.2744672],[121.3877829,31.2745178],[121.3875931,31.2750108],[121.3870104,31.2749158],[121.3869606,31.2751502],[121.3875113,31.2752316],[121.3873407,31.27559],[121.3859262,31.2753872],[121.385971,31.2751128],[121.384865,31.2749847],[121.3846942,31.2750114],[121.384539,31.2752569],[121.384453,31.2756751],[121.3847842,31.2757293],[121.3870549,31.2761274],[121.3863789,31.2760194],[121.3863149,31.2763262],[121.3849677,31.2762098],[121.3841683,31.276135],[121.3803935,31.2758594],[121.380451,31.2748608],[121.3814783,31.2748627],[121.3814879,31.2751657],[121.3821803,31.2751654],[121.3821724,31.2748105],[121.3831511,31.2747968],[121.3831677,31.2734482],[121.3832747,31.2731653],[121.3834138,31.2715328],[121.3833711,31.2713877],[121.383439,31.2713711],[121.3841691,31.2712097],[121.3842462,31.2711867]]]}},
{"type":"Feature","id":"way/868440453","properties":{"category":"green","center":[121.38938605000001,31.2713373],"campus":false,"leisure":"park"},"geometry":{"type":"Polygon","coordinates":[[[121.3893259,31.2716156],[121.3891348,31.2713131],[121.3890604,31.2711286],[121.3890711,31.2710741],[121.3891383,31.271059],[121.3895205,31.2710681],[121.3897117,31.2710711],[121.3893259,31.2716156]]]}},
{"type":"Feature","id":"way/900800824","properties":{"category":"place","center":[121.387403,31.27714795],"campus":false,"name":"武威东路","name:en":"East Wuwei Road"},"geometry":{"type":"Polygon","coordinates":[[[121.3871021,31.2778099],[121.387394,31.2764378],[121.3877039,31.2764859],[121.387412,31.2778581],[121.3871021,31.2778099]]]}},
{"type":"Feature","id":"way/1244284406","properties":{"category":"place","center":[121.38044865,31.27064965],"campus":false,"name":"真南路公交停车保养场","building":"yes","amenity":"parking"},"geometry":{"type":"Polygon","coordinates":[[[121.3796312,31.2712686],[121.3793897,31.2704206],[121.3812634,31.2700307],[121.3815076,31.270888],[121.3813616,31.2709184],[121.3813239,31.2707862],[121.3806422,31.2709282],[121.3806771,31.271051],[121.3796312,31.2712686]]]}},
{"type":"Feature","id":"way/1244284407","properties":{"category":"place","center":[121.38101005,31.27095025],"campus":false,"building":"yes"},"geometry":{"type":"Polygon","coordinates":[[[121.3806973,31.2711143],[121.3806771,31.271051],[121.3806422,31.2709282],[121.3813239,31.2707862],[121.3813616,31.2709184],[121.3813779,31.2709707],[121.3806973,31.2711143]]]}},
{"type":"Feature","id":"way/1360806137","properties":{"category":"sport","center":[121.38488575,31.273710299999998],"campus":true,"name":"同济沪西操场","leisure":"track","sport":"running"},"geometry":{"type":"Polygon","coordinates":[[[121.3847878,31.2745146],[121.3846237,31.2744881],[121.3845173,31.2744407],[121.3844381,31.2743806],[121.3843739,31.2743141],[121.3843336,31.2742418],[121.3843045,31.2741599],[121.3843011,31.2740447],[121.3843276,31.2738911],[121.3844479,31.2733454],[121.3844673,31.2732623],[121.3844941,31.2731952],[121.3845296,31.2731232],[121.3845913,31.2730449],[121.3846398,31.2730058],[121.3847069,31.2729698],[121.3847965,31.2729374],[121.3849197,31.2729145],[121.3850613,31.272906],[121.3851916,31.2729309],[121.3852959,31.2729636],[121.3853739,31.2730254],[121.3854415,31.2731126],[121.3854704,31.2732172],[121.3854602,31.2733355],[121.3854332,31.273472],[121.3852852,31.2741639],[121.3852375,31.2742734],[121.3851773,31.274351],[121.3850904,31.2744275],[121.384966,31.2744908],[121.3847878,31.2745146]]]}},
{"type":"Feature","id":"way/1361142663","properties":{"category":"sport","center":[121.38569050000001,31.274470649999998],"campus":true,"name":"篮球场","leisure":"pitch","sport":"basketball"},"geometry":{"type":"Polygon","coordinates":[[[121.3854072,31.2746698],[121.3855108,31.2742361],[121.3859738,31.2743028],[121.3859054,31.2746631],[121.3856444,31.274633],[121.3856313,31.2747052],[121.3854072,31.2746698]]]}},
{"type":"Feature","id":"way/1361142664","properties":{"category":"place","center":[121.38373865,31.2750501],"campus":true,"amenity":"parking"},"geometry":{"type":"Polygon","coordinates":[[[121.3834448,31.275347],[121.3833832,31.2747405],[121.3840141,31.2747383],[121.3840941,31.2753619],[121.3834448,31.275347]]]}},
{"type":"Feature","id":"way/1361142666","properties":{"category":"academic","center":[121.38705725,31.2728087],"campus":true,"name":"第二教学楼（实验教学中心）","building":"university"},"geometry":{"type":"Polygon","coordinates":[[[121.3863925,31.2727649],[121.3864136,31.2726673],[121.3866232,31.2727004],[121.3866348,31.2726468],[121.3873397,31.2727598],[121.3873971,31.272769],[121.3874407,31.272774],[121.3874349,31.2728008],[121.387722,31.2728461],[121.3876951,31.2729706],[121.3863925,31.2727649]]]}},
{"type":"Feature","id":"way/1361142667","properties":{"category":"library","center":[121.386597,31.2721111],"campus":true,"name":"同济大学沪西校区图书馆","building":"yes","amenity":"library"},"geometry":{"type":"Polygon","coordinates":[[[121.3862671,31.2721679],[121.386309,31.2719726],[121.3865598,31.2720119],[121.3865548,31.2720354],[121.3866579,31.2720515],[121.3866741,31.2720261],[121.3867112,31.2720321],[121.386728,31.2719562],[121.3864238,31.2719071],[121.3864567,31.2717579],[121.386797,31.2718127],[121.386791,31.27184],[121.3869269,31.2718617],[121.3868019,31.2724334],[121.3866776,31.2724136],[121.3866666,31.2724643],[121.3863291,31.2724108],[121.38635,31.2723143],[121.3866492,31.2723616],[121.3866763,31.2722366],[121.3866316,31.2722296],[121.386639,31.2721954],[121.3865327,31.2721787],[121.3865263,31.2722085],[121.3862671,31.2721679]]]}},
{"type":"Feature","id":"way/1361142668","properties":{"category":"academic","center":[121.3875425,31.2726194],"campus":true,"name":"小礼堂","building":"university"},"geometry":{"type":"Polygon","coordinates":[[[121.3873172,31.2726219],[121.3873504,31.2724698],[121.3876663,31.2725202],[121.3876608,31.2725456],[121.3877678,31.2725627],[121.3877395,31.2726922],[121.3874249,31.2726419],[121.3874223,31.2726537],[121.3873971,31.272769],[121.3873397,31.2727598],[121.387365,31.2726441],[121.3873681,31.27263],[121.3873172,31.2726219]]]}},
{"type":"Feature","id":"way/1361142669","properties":{"category":"place","center":[121.3871388,31.2721867],"campus":true,"natural":"grassland"},"geometry":{"type":"Polygon","coordinates":[[[121.387007,31.2724758],[121.3870008,31.2724596],[121.3871219,31.2718832],[121.3871368,31.2718703],[121.3871587,31.2718712],[121.3872519,31.271888],[121.3872698,31.2718942],[121.3872768,31.2719082],[121.387155,31.2724878],[121.3871396,31.2725004],[121.387115,31.2725031],[121.3870241,31.2724869],[121.387007,31.2724758]]]}},
{"type":"Feature","id":"way/1361142670","properties":{"category":"food","center":[121.38592175,31.273308999999998],"campus":true,"name":"学子广场餐厅","building":"yes","amenity":"restaurant"},"geometry":{"type":"Polygon","coordinates":[[[121.3856215,31.2733793],[121.3856658,31.2731773],[121.3857869,31.2731967],[121.385779,31.273233],[121.3859237,31.2732562],[121.3859329,31.2732141],[121.3859014,31.2732091],[121.3859134,31.2731542],[121.386222,31.2732035],[121.3862065,31.2732745],[121.3861303,31.2732623],[121.3861239,31.2732916],[121.3861926,31.2733026],[121.3861716,31.2734053],[121.3861591,31.2734638],[121.3856215,31.2733793]]]}},
{"type":"Feature","id":"way/1361142671","properties":{"category":"food","center":[121.3863164,31.273344350000002],"campus":true,"name":"生乐餐厅","building":"yes","amenity":"restaurant"},"geometry":{"type":"Polygon","coordinates":[[[121.3861591,31.2734638],[121.3861716,31.2734053],[121.3862173,31.2734125],[121.3862674,31.2731789],[121.3864737,31.2732112],[121.3864638,31.2732572],[121.3864282,31.2732516],[121.3864096,31.2733383],[121.3864546,31.2733453],[121.3864371,31.2734267],[121.38647,31.2734319],[121.3864534,31.2735098],[121.3861591,31.2734638]]]}},
{"type":"Feature","id":"way/1361142678","properties":{"category":"academic","center":[121.38506534999999,31.2726748],"campus":true,"name":"第一教学楼","building":"university"},"geometry":{"type":"Polygon","coordinates":[[[121.3845891,31.2725661],[121.3855073,31.2726976],[121.3855154,31.2726564],[121.3858206,31.2727001],[121.3857917,31.2728474],[121.3855183,31.2728083],[121.3855092,31.272855],[121.3844622,31.2727053],[121.3844794,31.2726176],[121.3843101,31.2725934],[121.3843295,31.2724946],[121.3845956,31.2725326],[121.3845891,31.2725661]]]}},
{"type":"Feature","id":"way/1361142679","properties":{"category":"place","center":[121.385191,31.2714502],"campus":false,"name":"上海天佑医院","amenity":"hospital"},"geometry":{"type":"Polygon","coordinates":[[[121.3844088,31.2718014],[121.3843589,31.2717684],[121.384338,31.2716916],[121.3843715,31.2715259],[121.3842812,31.271331],[121.384275,31.2712852],[121.3842462,31.2711867],[121.3852348,31.2709754],[121.385354,31.2709494],[121.3854643,31.270929],[121.3854855,31.2710126],[121.3856963,31.2709796],[121.3856869,31.2708994],[121.3860638,31.2708646],[121.3860863,31.27093],[121.3861358,31.2709642],[121.3860717,31.2712853],[121.3860367,31.2715399],[121.3859829,31.2718208],[121.3859269,31.2720358],[121.3844088,31.2718014]]]}},
{"type":"Feature","id":"way/1361142680","properties":{"category":"place","center":[121.3850258,31.271439450000003],"campus":false,"building":"hospital"},"geometry":{"type":"Polygon","coordinates":[[[121.3857635,31.2718223],[121.3857473,31.2719035],[121.3853093,31.2718397],[121.3853205,31.2717836],[121.384667,31.2716884],[121.3846936,31.2717516],[121.3846814,31.2718064],[121.3843589,31.2717684],[121.384338,31.2716916],[121.3843715,31.2715259],[121.384378,31.2714659],[121.3845067,31.2714804],[121.3845143,31.2714281],[121.3847056,31.2714485],[121.3847122,31.2714031],[121.3847961,31.271412],[121.3848,31.2713853],[121.3847752,31.2713004],[121.3847416,31.2711855],[121.384275,31.2712852],[121.3842462,31.2711867],[121.3852348,31.2709754],[121.3852778,31.2711222],[121.3848642,31.2712106],[121.384884,31.2712783],[121.3849123,31.2713752],[121.3848922,31.2714789],[121.3856351,31.2715845],[121.3857057,31.2715945],[121.3856844,31.2717038],[121.3858054,31.271721],[121.3857871,31.2718147],[121.3857635,31.2718223]]]}},
{"type":"Feature","id":"way/1361628203","properties":{"category":"academic","center":[121.3859106,31.27406635],"campus":true,"name":"游泳馆（废弃）","building":"university","amenity":"public_bath"},"geometry":{"type":"Polygon","coordinates":[[[121.3860756,31.2742892],[121.3856609,31.2742213],[121.3857455,31.2738435],[121.3861603,31.2739114],[121.3860756,31.2742892]]]}},
{"type":"Feature","id":"way/1361628204","properties":{"category":"living","center":[121.3830672,31.27559755],"campus":true,"name":"生乐B区14、15、16号楼","building":"dormitory"},"geometry":{"type":"Polygon","coordinates":[[[121.3834091,31.2756539],[121.3832045,31.2756417],[121.3832009,31.2756848],[121.3828988,31.2756667],[121.382717,31.2756558],[121.382729,31.2755103],[121.3834174,31.2755514],[121.3834091,31.2756539]]]}},
{"type":"Feature","id":"way/1361628205","properties":{"category":"living","center":[121.38304885,31.275899799999998],"campus":true,"name":"生乐B区23、24号楼","building":"dormitory"},"geometry":{"type":"Polygon","coordinates":[[[121.3828854,31.2758146],[121.3832335,31.2758567],[121.3832122,31.275985],[121.3828642,31.2759429],[121.3828854,31.2758146]]]}},
{"type":"Feature","id":"way/1361628206","properties":{"category":"living","center":[121.38357715000001,31.2759365],"campus":true,"name":"生乐B区20、21号楼","building":"dormitory"},"geometry":{"type":"Polygon","coordinates":[[[121.3833964,31.2758602],[121.3837753,31.275906],[121.3837439,31.2760128],[121.383379,31.2759711],[121.3833964,31.2758602]]]}},
{"type":"Feature","id":"way/1361628207","properties":{"category":"living","center":[121.38407045,31.2759937],"campus":true,"name":"生乐B区17、18号楼","building":"dormitory"},"geometry":{"type":"Polygon","coordinates":[[[121.3839108,31.2759095],[121.3842515,31.2759518],[121.3842301,31.2760779],[121.3838894,31.2760356],[121.3839108,31.2759095]]]}},
{"type":"Feature","id":"way/1361628208","properties":{"category":"living","center":[121.38393945,31.275667],"campus":true,"name":"生乐B区11、12、13号楼","building":"dormitory"},"geometry":{"type":"Polygon","coordinates":[[[121.3836056,31.2756647],[121.3836178,31.2755657],[121.3842733,31.2756243],[121.3842557,31.2757683],[121.3841629,31.2757621],[121.3837701,31.2757249],[121.3837756,31.2756799],[121.3836056,31.2756647]]]}},
{"type":"Feature","id":"way/1361628211","properties":{"category":"food","center":[121.38246419999999,31.27570945],"campus":true,"name":"原学子广场餐厅（已废弃）","building":"yes","amenity":"restaurant"},"geometry":{"type":"Polygon","coordinates":[[[121.3826849,31.2759132],[121.382241,31.2759137],[121.3822602,31.2755052],[121.3826874,31.2755123],[121.3826849,31.2759132]]]}},
{"type":"Feature","id":"way/1361628213","properties":{"category":"living","center":[121.383129,31.27520945],"campus":true,"name":"生乐A区7、8号楼","building":"dormitory"},"geometry":{"type":"Polygon","coordinates":[[[121.3833973,31.2752696],[121.3828594,31.2752652],[121.3828607,31.2751493],[121.3833986,31.2751538],[121.3833973,31.2752696]]]}},
{"type":"Feature","id":"way/1361628214","properties":{"category":"living","center":[121.38248305,31.275210450000003],"campus":true,"name":"生乐A区9、10号楼","building":"dormitory"},"geometry":{"type":"Polygon","coordinates":[[[121.382674,31.2752784],[121.3822877,31.2752686],[121.3822921,31.2751425],[121.3826784,31.2751524],[121.382674,31.2752784]]]}},
{"type":"Feature","id":"way/1361628215","properties":{"category":"living","center":[121.3830585,31.27489565],"campus":true,"name":"生乐A区1、2、3、4号楼","building":"dormitory"},"geometry":{"type":"Polygon","coordinates":[[[121.3833698,31.2749378],[121.3831,31.2749338],[121.3830992,31.2749741],[121.3827449,31.2749691],[121.3827467,31.2748746],[121.3831064,31.2748798],[121.3831076,31.2748172],[121.3833721,31.274821],[121.3833698,31.2749378]]]}},
{"type":"Feature","id":"way/1361628216","properties":{"category":"living","center":[121.38247050000001,31.274918200000002],"campus":true,"name":"生乐A区5、6号楼","building":"dormitory"},"geometry":{"type":"Polygon","coordinates":[[[121.3826774,31.2749766],[121.3822624,31.2749734],[121.3822636,31.2748598],[121.3826786,31.2748631],[121.3826774,31.2749766]]]}},
{"type":"Feature","id":"way/1361628217","properties":{"category":"sport","center":[121.3855221,31.2748687],"campus":true,"leisure":"pitch","sport":"tennis"},"geometry":{"type":"Polygon","coordinates":[[[121.3853588,31.2749074],[121.3853845,31.2747841],[121.3856079,31.2748182],[121.3856854,31.2748299],[121.3856597,31.2749533],[121.3853588,31.2749074]]]}},
{"type":"Feature","id":"way/1361628218","properties":{"category":"sport","center":[121.3855079,31.274744],"campus":true,"leisure":"pitch","sport":"volleyball"},"geometry":{"type":"Polygon","coordinates":[[[121.3853845,31.2747841],[121.3854072,31.2746698],[121.3856313,31.2747052],[121.3856079,31.2748182],[121.3853845,31.2747841]]]}},
{"type":"Feature","id":"way/1361628220","properties":{"category":"academic","center":[121.38581575,31.27473775],"campus":true,"name":"卫生所（废弃）","building":"university","amenity":"clinic"},"geometry":{"type":"Polygon","coordinates":[[[121.3859513,31.2748342],[121.3858195,31.2748175],[121.3858228,31.2747981],[121.3858374,31.2747999],[121.3858439,31.2747621],[121.3856594,31.2747388],[121.3856763,31.2746413],[121.3858731,31.2746662],[121.3858672,31.2747006],[121.3859721,31.2747138],[121.3859513,31.2748342]]]}},
{"type":"Feature","id":"way/1361628221","properties":{"category":"living","center":[121.3862653,31.27496185],"campus":true,"name":"第十一宿舍楼","building":"dormitory"},"geometry":{"type":"Polygon","coordinates":[[[121.3864782,31.2750654],[121.3862763,31.2750302],[121.3862727,31.2750451],[121.3860149,31.2750001],[121.3860462,31.2748694],[121.3862193,31.2748996],[121.3862292,31.2748583],[121.3865157,31.2749082],[121.3864782,31.2750654]]]}},
{"type":"Feature","id":"way/1361628222","properties":{"category":"living","center":[121.3863813,31.27475055],"campus":true,"name":"第四宿舍楼","building":"dormitory"},"geometry":{"type":"Polygon","coordinates":[[[121.3865913,31.2748351],[121.3861496,31.2747628],[121.3861713,31.274666],[121.386613,31.2747384],[121.3865913,31.2748351]]]}},
{"type":"Feature","id":"way/1361628223","properties":{"category":"living","center":[121.38640219999999,31.2744998],"campus":true,"name":"第二宿舍楼","building":"dormitory"},"geometry":{"type":"Polygon","coordinates":[[[121.3866012,31.2745809],[121.386183,31.2745201],[121.3862032,31.2744187],[121.3866214,31.2744796],[121.3866012,31.2745809]]]}},
{"type":"Feature","id":"way/1361628224","properties":{"category":"living","center":[121.3873122,31.27488985],"campus":true,"name":"第三宿舍楼","building":"dormitory"},"geometry":{"type":"Polygon","coordinates":[[[121.3875306,31.2749823],[121.38707,31.2749133],[121.3870938,31.2747974],[121.3875544,31.2748665],[121.3875306,31.2749823]]]}},
{"type":"Feature","id":"way/1361628225","properties":{"category":"living","center":[121.3873475,31.2746465],"campus":true,"name":"第一宿舍楼","building":"dormitory"},"geometry":{"type":"Polygon","coordinates":[[[121.3875718,31.2747356],[121.3871014,31.2746676],[121.3871232,31.2745574],[121.3875936,31.2746255],[121.3875718,31.2747356]]]}},
{"type":"Feature","id":"way/1361628226","properties":{"category":"academic","center":[121.3868844,31.27420025],"campus":true,"name":"第三教学楼（癌症研究中心）","building":"university"},"geometry":{"type":"Polygon","coordinates":[[[121.3873332,31.274348],[121.3869215,31.2742882],[121.3869161,31.2743152],[121.3867291,31.2742882],[121.3867353,31.2742568],[121.3864024,31.2742089],[121.3864332,31.2740525],[121.3867668,31.2741005],[121.3867803,31.2740749],[121.3869515,31.2740998],[121.3869475,31.2741198],[121.3873664,31.2741806],[121.3873332,31.274348]]]}},
{"type":"Feature","id":"way/1361628227","properties":{"category":"academic","center":[121.3871532,31.27332175],"campus":true,"name":"竹喧楼","building":"university"},"geometry":{"type":"Polygon","coordinates":[[[121.3874967,31.2734531],[121.3867777,31.2733428],[121.3868097,31.2731904],[121.3875287,31.2733008],[121.3874967,31.2734531]]]}},
{"type":"Feature","id":"way/1361628228","properties":{"category":"academic","center":[121.38595275,31.2736692],"campus":true,"name":"老礼堂（废弃）","building":"university"},"geometry":{"type":"Polygon","coordinates":[[[121.3862264,31.2738857],[121.3855901,31.2737799],[121.3856646,31.2734527],[121.3858748,31.2734877],[121.385861,31.2735485],[121.386138,31.2735945],[121.3861505,31.2735394],[121.3863042,31.2735649],[121.3862905,31.2736253],[121.3863154,31.2736294],[121.386299,31.2737017],[121.3862687,31.2736967],[121.3862529,31.2737664],[121.3862789,31.2737707],[121.3862642,31.2738351],[121.3862389,31.2738309],[121.3862264,31.2738857]]]}},
{"type":"Feature","id":"way/1361628238","properties":{"category":"academic","center":[121.3836996,31.274321399999998],"campus":true,"name":"国家土建结构预制装配化工程技术研究中心","building":"yes"},"geometry":{"type":"Polygon","coordinates":[[[121.3840216,31.2744539],[121.3833446,31.2743566],[121.3833776,31.2741889],[121.3840546,31.2742862],[121.3840216,31.2744539]]]}},
{"type":"Feature","id":"way/1361628239","properties":{"category":"academic","center":[121.38374635,31.27383855],"campus":true,"name":"精密光学工程级数研究所","building":"university"},"geometry":{"type":"Polygon","coordinates":[[[121.383808,31.274094],[121.3833063,31.2740257],[121.3833889,31.2735831],[121.3841864,31.2736918],[121.3841595,31.2738362],[121.3838636,31.2737958],[121.383808,31.274094]]]}},
{"type":"Feature","id":"way/1361628240","properties":{"category":"living","center":[121.383769,31.27329795],"campus":true,"name":"第五、六宿舍楼","building":"university"},"geometry":{"type":"Polygon","coordinates":[[[121.384163,31.2735689],[121.3833502,31.2734518],[121.3833715,31.2733439],[121.3838482,31.2734127],[121.3838798,31.2732527],[121.3833804,31.2731806],[121.3834107,31.273027],[121.3841363,31.2731318],[121.3841023,31.2733035],[121.3839873,31.2732869],[121.3839628,31.2734109],[121.3841878,31.2734434],[121.384163,31.2735689]]]}},
{"type":"Feature","id":"way/1361628241","properties":{"category":"living","center":[121.38379705,31.2727559],"campus":true,"name":"第七宿舍楼","building":"university"},"geometry":{"type":"Polygon","coordinates":[[[121.38414,31.2728696],[121.3834294,31.2727661],[121.3834542,31.2726422],[121.3841647,31.2727458],[121.38414,31.2728696]]]}},
{"type":"Feature","id":"way/1361628242","properties":{"category":"living","center":[121.38384055,31.2724846],"campus":true,"name":"第八宿舍楼","building":"university"},"geometry":{"type":"Polygon","coordinates":[[[121.3841793,31.2726038],[121.3834748,31.2725025],[121.3835018,31.2723654],[121.3842063,31.2724668],[121.3841793,31.2726038]]]}},
{"type":"Feature","id":"way/1361628246","properties":{"category":"place","center":[121.38589685,31.27555605],"campus":false,"name":"同济大学沪西小区","building":"yes"},"geometry":{"type":"Polygon","coordinates":[[[121.3873407,31.27559],[121.3870549,31.2761274],[121.3847842,31.2757293],[121.384453,31.2756751],[121.384539,31.2752569],[121.3846942,31.2750114],[121.384865,31.2749847],[121.385971,31.2751128],[121.3859262,31.2753872],[121.3873407,31.27559]]]}},
{"type":"Feature","id":"way/1361628247","properties":{"category":"place","center":[121.3867312,31.2762229],"campus":false,"building":"yes"},"geometry":{"type":"Polygon","coordinates":[[[121.386949,31.276373],[121.3867273,31.2763333],[121.3867609,31.2761963],[121.3864748,31.276145],[121.3864925,31.2760728],[121.3869595,31.2761565],[121.3869794,31.2761874],[121.3869876,31.2762158],[121.386949,31.276373]]]}},
{"type":"Feature","id":"way/1361628252","properties":{"category":"academic","center":[121.38657090000001,31.2711216],"campus":true,"name":"大礼堂（废弃）","building":"university"},"geometry":{"type":"Polygon","coordinates":[[[121.386898,31.2710729],[121.3868638,31.2713083],[121.3867452,31.2712957],[121.3867355,31.2712726],[121.386341,31.2712229],[121.3863159,31.2713688],[121.3862438,31.2713598],[121.3863113,31.2709662],[121.3865724,31.2709988],[121.3865784,31.2709631],[121.3865633,31.2709613],[121.3865662,31.2709432],[121.3865468,31.270941],[121.3865428,31.2709674],[121.386352,31.2709466],[121.3863627,31.2708744],[121.3868629,31.2709284],[121.386853,31.2709956],[121.3868835,31.2709988],[121.386873,31.2710702],[121.386898,31.2710729]]]}},
{"type":"Feature","id":"way/1361628253","properties":{"category":"academic","center":[121.38663645,31.271502849999997],"campus":true,"name":"闻信楼（脑与脊髓临床研究中心）","building":"university"},"geometry":{"type":"Polygon","coordinates":[[[121.3869968,31.2716459],[121.3867146,31.2716035],[121.3867189,31.2715823],[121.3862882,31.2715171],[121.3862951,31.2714799],[121.3862802,31.2714474],[121.386242,31.2714329],[121.3862438,31.2713598],[121.3863159,31.2713688],[121.3867942,31.2714282],[121.386791,31.271444],[121.3870309,31.27148],[121.3869968,31.2716459]]]}},
{"type":"Feature","id":"way/1364506781","properties":{"category":"place","center":[121.38576345,31.271462999999997],"campus":false,"name":"天佑医院礼堂","building":"hospital"},"geometry":{"type":"Polygon","coordinates":[[[121.3859307,31.2716298],[121.3857057,31.2715945],[121.3856351,31.2715845],[121.3856502,31.271523],[121.3855471,31.27151],[121.3855539,31.2714825],[121.3855674,31.2714536],[121.3855995,31.2714074],[121.3856232,31.2713828],[121.385662,31.2713626],[121.3856992,31.2713395],[121.3857482,31.271328],[121.385782,31.2713164],[121.3858412,31.2713063],[121.3859037,31.2712962],[121.3859324,31.2713121],[121.3859476,31.2713366],[121.3859358,31.2713785],[121.3859798,31.2713828],[121.3859307,31.2716298]]]}},
{"type":"Feature","id":"way/1364506782","properties":{"category":"academic","center":[121.38716525000001,31.27128875],"campus":true,"name":"管委办","building":"school"},"geometry":{"type":"Polygon","coordinates":[[[121.3872492,31.2713467],[121.3870704,31.2713187],[121.3870893,31.2712308],[121.3871792,31.2712448],[121.3871713,31.2712818],[121.3872601,31.2712957],[121.3872492,31.2713467]]]}},
{"type":"Feature","id":"way/1364506783","properties":{"category":"academic","center":[121.38719585000001,31.271138800000003],"campus":true,"name":"保卫办","building":"school"},"geometry":{"type":"Polygon","coordinates":[[[121.3872765,31.2711626],[121.3871992,31.2711492],[121.3871911,31.271183],[121.3871057,31.2711682],[121.3871231,31.2710946],[121.387286,31.2711228],[121.3872765,31.2711626]]]}},
{"type":"Feature","id":"way/1364506784","properties":{"category":"academic","center":[121.38750185,31.2712503],"campus":true,"name":"保卫办","building":"school"},"geometry":{"type":"Polygon","coordinates":[[[121.3873952,31.2713595],[121.3874045,31.2713138],[121.3874807,31.2713252],[121.387486,31.2712992],[121.3874652,31.2712961],[121.3874783,31.2712318],[121.3875,31.271235],[121.3875063,31.271204],[121.3874339,31.2711933],[121.3874494,31.2711171],[121.3876085,31.2711407],[121.3875869,31.2712471],[121.387566,31.271244],[121.3875543,31.2713015],[121.3875729,31.2713043],[121.3875567,31.2713835],[121.3873952,31.2713595]]]}},
{"type":"Feature","id":"way/1364506785","properties":{"category":"academic","center":[121.38780510000001,31.2716266],"campus":true,"name":"秋实楼（心脏临床研究中心）","building":"school"},"geometry":{"type":"Polygon","coordinates":[[[121.3880435,31.2718142],[121.3875499,31.2717345],[121.3875615,31.2716821],[121.3875392,31.2716785],[121.3875517,31.2716218],[121.3875753,31.2716256],[121.3876171,31.271439],[121.3877195,31.2714573],[121.387682,31.2716272],[121.388071,31.27169],[121.3880435,31.2718142]]]}},
{"type":"Feature","id":"way/1364506786","properties":{"category":"academic","center":[121.38786105,31.27148425],"campus":true,"name":"春华楼（干细胞研究中心）","building":"school"},"geometry":{"type":"Polygon","coordinates":[[[121.388105,31.2714271],[121.3880634,31.271598],[121.3880502,31.2716184],[121.3880281,31.2716275],[121.3880039,31.2716305],[121.3879776,31.2716273],[121.3879548,31.271615],[121.3879453,31.2715991],[121.3879782,31.2714652],[121.3879554,31.2714611],[121.3879463,31.271498],[121.3877195,31.2714573],[121.3876171,31.271439],[121.3876257,31.2714041],[121.3876537,31.2714091],[121.3876711,31.271338],[121.38801,31.2713986],[121.3880073,31.2714097],[121.388105,31.2714271]]]}},
{"type":"Feature","id":"way/1364506787","properties":{"category":"academic","center":[121.38815715,31.2712139],"campus":true,"name":"街面楼2","building":"school"},"geometry":{"type":"Polygon","coordinates":[[[121.3878168,31.2710689],[121.387831,31.27099],[121.3880513,31.2710203],[121.3881845,31.2710386],[121.388222,31.2710437],[121.3883694,31.2711612],[121.3884826,31.2713239],[121.3884975,31.271373],[121.3884706,31.2713693],[121.3884578,31.2714378],[121.3883179,31.2714186],[121.3883204,31.2714054],[121.3882844,31.2714005],[121.3881948,31.2713882],[121.3882194,31.2712575],[121.3881654,31.2712501],[121.3881899,31.2711196],[121.3881644,31.2711167],[121.3878168,31.2710689]]]}},
{"type":"Feature","id":"way/1364643959","properties":{"category":"academic","center":[121.38833725,31.2714814],"campus":true,"name":"如故楼（药学院）","building":"school"},"geometry":{"type":"Polygon","coordinates":[[[121.3885003,31.2714688],[121.3884968,31.2714813],[121.3884746,31.2715746],[121.3882593,31.2715457],[121.3882641,31.2715169],[121.3881726,31.2715032],[121.3881948,31.2713882],[121.3882844,31.2714005],[121.3882834,31.2714139],[121.3883179,31.2714186],[121.3884578,31.2714378],[121.3885019,31.2714469],[121.3885003,31.2714688]]]}},
{"type":"Feature","id":"way/1364643960","properties":{"category":"academic","center":[121.38856089999999,31.271696900000002],"campus":true,"name":"如故楼（药学院）","building":"school"},"geometry":{"type":"Polygon","coordinates":[[[121.3884291,31.2718753],[121.3884402,31.2718223],[121.3885928,31.2718458],[121.3885996,31.2718136],[121.3884746,31.2715746],[121.3884968,31.2714813],[121.3885357,31.2714881],[121.3886927,31.271823],[121.3886734,31.2719125],[121.3884291,31.2718753]]]}},
{"type":"Feature","id":"way/1364643961","properties":{"category":"academic","center":[121.38845265,31.272002999999998],"campus":true,"name":"车辆实验楼（废弃）","building":"university"},"geometry":{"type":"Polygon","coordinates":[[[121.3886734,31.2719125],[121.3887422,31.271922],[121.3888016,31.2720996],[121.3885294,31.2720658],[121.3885211,31.2720827],[121.3884551,31.2720733],[121.3884593,31.2720522],[121.3883465,31.2720361],[121.3883365,31.2720874],[121.3881037,31.2720541],[121.3881251,31.2719445],[121.3881548,31.2719488],[121.3881845,31.2719064],[121.3882241,31.2719121],[121.3882357,31.2719614],[121.388538,31.2720024],[121.3885319,31.2720355],[121.3887101,31.2720597],[121.3887149,31.2720337],[121.3886951,31.272031],[121.3887006,31.2720013],[121.3886808,31.2719986],[121.3886862,31.2719702],[121.3886631,31.271967],[121.3886734,31.2719125]]]}},
{"type":"Feature","id":"way/1364643962","properties":{"category":"academic","center":[121.38845230000001,31.27217705],"campus":true,"name":"车辆实验楼（废弃）","building":"university"},"geometry":{"type":"Polygon","coordinates":[[[121.3887686,31.2722744],[121.3884519,31.2722331],[121.3884449,31.2722725],[121.3881111,31.2722289],[121.3881378,31.2720797],[121.388426,31.2721174],[121.3884313,31.2720875],[121.3887935,31.2721348],[121.3887686,31.2722744]]]}},
{"type":"Feature","id":"way/1364643963","properties":{"category":"academic","center":[121.38839835,31.272580599999998],"campus":true,"name":"热机、结构实验楼（废弃）","building":"university"},"geometry":{"type":"Polygon","coordinates":[[[121.3885945,31.2728266],[121.3880395,31.2727408],[121.3880773,31.272562],[121.3883151,31.2725988],[121.3883114,31.2726159],[121.3885177,31.2726479],[121.388545,31.2725193],[121.3880554,31.2724433],[121.3880785,31.2723346],[121.388596,31.2724149],[121.388607,31.2723627],[121.3887572,31.2723859],[121.3886957,31.2726761],[121.3885681,31.2726563],[121.3885529,31.272728],[121.3886135,31.2727374],[121.3885945,31.2728266]]]}},
{"type":"Feature","id":"way/1364643964","properties":{"category":"academic","center":[121.3882201,31.2730867],"campus":true,"name":"中铁三局","building":"university"},"geometry":{"type":"Polygon","coordinates":[[[121.3884571,31.2733159],[121.3879858,31.2732385],[121.3880162,31.2731033],[121.3879325,31.2730896],[121.387967,31.2729365],[121.3879029,31.272926],[121.3879183,31.2728575],[121.3885373,31.2729593],[121.3884571,31.2733159]]]}},
{"type":"Feature","id":"way/1364643965","properties":{"category":"academic","center":[121.38792985,31.271166649999998],"campus":true,"name":"落飞楼 （感染与免疫中心、 干细胞研究中心）","building":"school"},"geometry":{"type":"Polygon","coordinates":[[[121.3881366,31.2712644],[121.3877826,31.2712157],[121.387787,31.2711925],[121.3876953,31.2711799],[121.3877128,31.2710871],[121.3878109,31.2711006],[121.3878168,31.2710689],[121.3881644,31.2711167],[121.3881366,31.2712644]]]}},
{"type":"Feature","id":"way/1364643966","properties":{"category":"academic","center":[121.38836345,31.27174955],"campus":true,"building":"school"},"geometry":{"type":"Polygon","coordinates":[[[121.3883863,31.2718615],[121.3882917,31.2718453],[121.3883406,31.2716376],[121.3884352,31.2716539],[121.3883863,31.2718615]]]}},
{"type":"Feature","id":"way/1364643967","properties":{"category":"academic","center":[121.38822715,31.271821600000003],"campus":true,"building":"school"},"geometry":{"type":"Polygon","coordinates":[[[121.3882729,31.2718701],[121.3881635,31.271852],[121.3881814,31.2717731],[121.3882908,31.2717912],[121.3882729,31.2718701]]]}},
{"type":"Feature","id":"way/1364643968","properties":{"category":"place","center":[121.3882565,31.271678350000002],"campus":true,"amenity":"parking"},"geometry":{"type":"Polygon","coordinates":[[[121.3881943,31.2717399],[121.3882245,31.2716017],[121.3883187,31.2716168],[121.3882884,31.271755],[121.3881943,31.2717399]]]}},
{"type":"Feature","id":"way/1364643969","properties":{"category":"place","center":[121.38783355000001,31.2719772],"campus":true,"amenity":"parking"},"geometry":{"type":"Polygon","coordinates":[[[121.3879779,31.2720742],[121.3876616,31.2720323],[121.3876892,31.2718802],[121.3880055,31.2719221],[121.3879779,31.2720742]]]}},
{"type":"Feature","id":"way/1364643970","properties":{"category":"place","center":[121.3873059,31.271489850000002],"campus":true,"amenity":"parking"},"geometry":{"type":"Polygon","coordinates":[[[121.3871982,31.2715652],[121.3872331,31.2713884],[121.3874136,31.2714145],[121.3873786,31.2715913],[121.3871982,31.2715652]]]}},
{"type":"Feature","id":"way/1364643971","properties":{"category":"place","center":[121.3878631,31.27376155],"campus":false,"name":"鸳鸯楼（教师公寓）","building":"apartments"},"geometry":{"type":"Polygon","coordinates":[[[121.3880689,31.2737719],[121.3880641,31.2738003],[121.3880433,31.2737978],[121.3880372,31.2738338],[121.3876688,31.273788],[121.3876755,31.273749],[121.3876573,31.2737467],[121.3876623,31.2737174],[121.3876846,31.2737201],[121.3876875,31.273703],[121.387737,31.2737092],[121.3877404,31.2736893],[121.3877708,31.2736931],[121.3877682,31.2737082],[121.3878051,31.2737129],[121.3878077,31.2736977],[121.3879311,31.2737132],[121.3879287,31.2737272],[121.3879556,31.2737305],[121.3879586,31.2737129],[121.3880027,31.2737184],[121.3879999,31.2737349],[121.3880497,31.2737411],[121.388045,31.2737689],[121.3880689,31.2737719]]]}},
{"type":"Feature","id":"way/1364643972","properties":{"category":"place","center":[121.3877479,31.273985449999998],"campus":false,"name":"鸳鸯楼（教师公寓）","building":"apartments"},"geometry":{"type":"Polygon","coordinates":[[[121.3879537,31.2739958],[121.3879488,31.2740242],[121.3879281,31.2740216],[121.3879219,31.2740577],[121.3875536,31.2740119],[121.3875602,31.2739729],[121.3875421,31.2739706],[121.3875471,31.2739413],[121.3875693,31.273944],[121.3875723,31.2739269],[121.3876217,31.273933],[121.3876251,31.2739132],[121.3876555,31.273917],[121.3876529,31.2739321],[121.3876898,31.2739367],[121.3876924,31.2739216],[121.3878159,31.2739371],[121.3878135,31.2739511],[121.3878403,31.2739544],[121.3878434,31.2739368],[121.3878874,31.2739423],[121.3878846,31.2739588],[121.3879345,31.273965],[121.3879297,31.2739928],[121.3879537,31.2739958]]]}},
{"type":"Feature","id":"way/1364643973","properties":{"category":"place","center":[121.3876646,31.27421215],"campus":false,"name":"鸳鸯楼（教师公寓）","building":"apartments"},"geometry":{"type":"Polygon","coordinates":[[[121.3878704,31.2742225],[121.3878655,31.2742509],[121.3878448,31.2742484],[121.3878386,31.2742844],[121.3874703,31.2742386],[121.3874769,31.2741996],[121.3874588,31.2741973],[121.3874638,31.274168],[121.387486,31.2741708],[121.387489,31.2741536],[121.3875384,31.2741598],[121.3875418,31.2741399],[121.3875722,31.2741437],[121.3875696,31.2741588],[121.3876065,31.2741635],[121.3876091,31.2741483],[121.3877326,31.2741638],[121.3877302,31.2741778],[121.3877571,31.2741811],[121.3877601,31.2741635],[121.3878041,31.274169],[121.3878013,31.2741855],[121.3878512,31.2741917],[121.3878464,31.2742195],[121.3878704,31.2742225]]]}},
{"type":"Feature","id":"way/1364643974","properties":{"category":"place","center":[121.3875912,31.27443735],"campus":false,"name":"鸳鸯楼（教师公寓）","building":"apartments"},"geometry":{"type":"Polygon","coordinates":[[[121.387797,31.2744477],[121.3877922,31.2744761],[121.3877714,31.2744735],[121.3877653,31.2745096],[121.3873969,31.2744638],[121.3874036,31.2744248],[121.3873854,31.2744225],[121.3873904,31.2743931],[121.3874127,31.2743959],[121.3874156,31.2743787],[121.3874651,31.2743849],[121.3874685,31.2743651],[121.3874989,31.2743689],[121.3874963,31.274384],[121.3875332,31.2743886],[121.3875358,31.2743735],[121.3876592,31.2743889],[121.3876568,31.2744029],[121.3876837,31.2744063],[121.3876867,31.2743887],[121.3877308,31.2743942],[121.387728,31.2744107],[121.3877778,31.2744169],[121.3877731,31.2744447],[121.387797,31.2744477]]]}},
{"type":"Feature","id":"way/1364651571","properties":{"category":"place","center":[121.38574445,31.2710642],"campus":false,"amenity":"parking"},"geometry":{"type":"Polygon","coordinates":[[[121.3859729,31.2712515],[121.385456,31.2711878],[121.385476,31.2710227],[121.3857238,31.270984],[121.3857238,31.27091],[121.3860329,31.2708769],[121.3860262,31.27091],[121.3859956,31.2711081],[121.3859729,31.2712515]]]}},
{"type":"Feature","id":"way/1364659959","properties":{"category":"green","center":[121.38683505,31.272999],"campus":true,"landuse":"forest"},"geometry":{"type":"Polygon","coordinates":[[[121.3877306,31.2732538],[121.3858934,31.2729564],[121.3859855,31.2727442],[121.3872879,31.2729542],[121.3872879,31.2729957],[121.3877767,31.2730723],[121.3877306,31.2732538]]]}},
{"type":"Feature","id":"way/1364659960","properties":{"category":"green","center":[121.3875776,31.2721658],"campus":true,"landuse":"forest"},"geometry":{"type":"Polygon","coordinates":[[[121.387928,31.2720872],[121.3878286,31.2725208],[121.3872272,31.272423],[121.3873552,31.2718108],[121.3876645,31.2718591],[121.3876259,31.27204],[121.387928,31.2720872]]]}},
{"type":"Feature","id":"way/1364659961","properties":{"category":"green","center":[121.38702760000001,31.27375425],"campus":true,"landuse":"forest"},"geometry":{"type":"Polygon","coordinates":[[[121.3875745,31.2735327],[121.3873917,31.2741397],[121.3864807,31.2739937],[121.3866036,31.2733688],[121.3875745,31.2735327]]]}},
{"type":"Feature","id":"way/1364659962","properties":{"category":"green","center":[121.3868148,31.27478775],"campus":true,"landuse":"forest"},"geometry":{"type":"Polygon","coordinates":[[[121.3866035,31.2751104],[121.3867564,31.2744215],[121.3870261,31.2744522],[121.3868822,31.275154],[121.3866035,31.2751104]]]}},
{"type":"Feature","id":"way/1364659963","properties":{"category":"place","center":[121.38536905000001,31.27600315],"campus":true,"landuse":"construction"},"geometry":{"type":"Polygon","coordinates":[[[121.3843848,31.2761371],[121.3844512,31.2756989],[121.3863533,31.2760281],[121.3862922,31.2763074],[121.3843848,31.2761371]]]}},
{"type":"Feature","id":"way/1364659965","properties":{"category":"academic","center":[121.38381319999999,31.27137025],"campus":true,"name":"同济大学科技园","building":"university"},"geometry":{"type":"Polygon","coordinates":[[[121.3842141,31.2713554],[121.3834362,31.2715308],[121.3834123,31.2714535],[121.3834618,31.2714424],[121.383439,31.2713711],[121.3841691,31.2712097],[121.3842141,31.2713554]]]}},
{"type":"Feature","id":"way/1364659966","properties":{"category":"place","center":[121.38541975000001,31.270981],"campus":false,"building":"yes"},"geometry":{"type":"Polygon","coordinates":[[[121.3853752,31.271033],[121.385354,31.2709494],[121.3854643,31.270929],[121.3854855,31.2710126],[121.3853752,31.271033]]]}},
{"type":"Feature","id":"way/1364659967","properties":{"category":"academic","center":[121.3861334,31.270908900000002],"campus":true,"building":"yes"},"geometry":{"type":"Polygon","coordinates":[[[121.3861648,31.2709371],[121.386094,31.2709289],[121.3860891,31.2708807],[121.3861407,31.2708835],[121.3861648,31.2708904],[121.3861777,31.2709034],[121.3861777,31.2709248],[121.3861648,31.2709371]]]}},
{"type":"Feature","id":"way/1364659968","properties":{"category":"living","center":[121.3839172,31.27159825],"campus":true,"name":"教工宿舍","building":"dormitory"},"geometry":{"type":"Polygon","coordinates":[[[121.3842666,31.2715575],[121.3842267,31.2715645],[121.3842331,31.2715909],[121.38415,31.2716056],[121.3841441,31.2715814],[121.3840518,31.2715977],[121.3840583,31.2716247],[121.3840055,31.271634],[121.3839992,31.2716077],[121.3839817,31.2716108],[121.3840021,31.2716952],[121.3839072,31.2717119],[121.3839006,31.2716847],[121.3838378,31.2716958],[121.3838461,31.2717303],[121.3837103,31.2717543],[121.3837012,31.2717168],[121.3836477,31.2717262],[121.3836557,31.2717589],[121.383605,31.2717679],[121.3835934,31.2717198],[121.3835625,31.2717252],[121.3835468,31.2716605],[121.3835765,31.2716552],[121.3835608,31.2715904],[121.3839585,31.2715199],[121.3839483,31.2714779],[121.3842264,31.2714286],[121.3842397,31.2714832],[121.3842738,31.2714772],[121.3842876,31.2715338],[121.384262,31.2715384],[121.3842666,31.2715575]]]}},
{"type":"Feature","id":"way/1364659969","properties":{"category":"academic","center":[121.3840893,31.271884999999997],"campus":true,"name":"霜红庐","building":"yes"},"geometry":{"type":"Polygon","coordinates":[[[121.3842554,31.271998],[121.3840421,31.2719619],[121.3840297,31.2719443],[121.3840331,31.2719283],[121.383923,31.2719114],[121.3839167,31.2719329],[121.3838972,31.2719394],[121.3838807,31.2719282],[121.3838784,31.2719107],[121.3838829,31.2718875],[121.3839091,31.2718913],[121.3839249,31.2718119],[121.3840992,31.2718372],[121.3841033,31.2718167],[121.3840821,31.271812],[121.3840666,31.2717975],[121.38407,31.2717834],[121.3840837,31.2717736],[121.384107,31.271772],[121.3843002,31.2718047],[121.3842554,31.271998]]]}},
{"type":"Feature","id":"way/1364659970","properties":{"category":"place","center":[121.38345054999999,31.27194785],"campus":true,"name":"花房","landuse":"plant_nursery"},"geometry":{"type":"Polygon","coordinates":[[[121.3833834,31.2721461],[121.3834129,31.271744],[121.3835177,31.2717496],[121.3834883,31.2721517],[121.3833834,31.2721461]]]}},
{"type":"Feature","id":"way/1364659971","properties":{"category":"place","center":[121.38354435,31.272103100000002],"campus":true,"name":"花房","landuse":"plant_nursery"},"geometry":{"type":"Polygon","coordinates":[[[121.383503,31.2721648],[121.3835156,31.2720364],[121.3835857,31.2720414],[121.383573,31.2721698],[121.383503,31.2721648]]]}},
{"type":"Feature","id":"way/1364659972","properties":{"category":"place","center":[121.38355985,31.271904300000003],"campus":true,"name":"花房","landuse":"plant_nursery"},"geometry":{"type":"Polygon","coordinates":[[[121.383511,31.2720155],[121.3835283,31.2717886],[121.3836087,31.2717931],[121.3835913,31.27202],[121.383511,31.2720155]]]}},
{"type":"Feature","id":"way/1364659973","properties":{"category":"academic","center":[121.38403235000001,31.2721847],"campus":true,"name":"天佑医院办公楼","building":"yes"},"geometry":{"type":"Polygon","coordinates":[[[121.3842448,31.2722019],[121.3841268,31.2721838],[121.38413,31.2721688],[121.3841199,31.2721673],[121.3841014,31.272256],[121.3841779,31.2722676],[121.384161,31.2723485],[121.3841723,31.2723502],[121.3841683,31.2723692],[121.3840626,31.272353],[121.3840667,31.2723335],[121.3838706,31.2723035],[121.3838857,31.2722314],[121.3840533,31.272257],[121.3840761,31.2721487],[121.3837924,31.2721052],[121.3838144,31.2720002],[121.3842723,31.2720703],[121.3842448,31.2722019]]]}},
{"type":"Feature","id":"way/1364659974","properties":{"category":"academic","center":[121.38369795,31.27219995],"campus":true,"name":"大学生活动中心","building":"university"},"geometry":{"type":"Polygon","coordinates":[[[121.3838199,31.2723107],[121.3835629,31.2722819],[121.3835924,31.2720892],[121.3836868,31.2720998],[121.3836704,31.2722072],[121.383833,31.2722254],[121.3838199,31.2723107]]]}},
{"type":"Feature","id":"way/1364659975","properties":{"category":"place","center":[121.38804465000001,31.273524600000002],"campus":true,"name":"能源办"},"geometry":{"type":"Polygon","coordinates":[[[121.3882107,31.2736766],[121.3879288,31.2736351],[121.3879545,31.2735077],[121.3878859,31.2734976],[121.3878906,31.2734743],[121.3877635,31.2734557],[121.387776,31.2733938],[121.3879649,31.2734216],[121.3879747,31.2733726],[121.388236,31.273411],[121.3882415,31.2733839],[121.3882818,31.2733899],[121.3882761,31.273418],[121.3883258,31.2734253],[121.3883131,31.2734885],[121.3882563,31.2734801],[121.3882321,31.2736003],[121.3879667,31.2735612],[121.38796,31.2735941],[121.3882196,31.2736324],[121.3882107,31.2736766]]]}},
{"type":"Feature","id":"way/1364659976","properties":{"category":"place","center":[121.38779705,31.2735573],"campus":true,"name":"能源办"},"geometry":{"type":"Polygon","coordinates":[[[121.3878731,31.2736117],[121.3877049,31.2735887],[121.387721,31.2735029],[121.3878892,31.2735259],[121.3878731,31.2736117]]]}},
{"type":"Feature","id":"way/1364659977","properties":{"category":"place","center":[121.3859812,31.27451455],"campus":true,"name":"消防楼（废弃）","amenity":"fire_station"},"geometry":{"type":"Polygon","coordinates":[[[121.3859987,31.2746484],[121.3859196,31.2746353],[121.3859509,31.2744974],[121.3859736,31.2745012],[121.386001,31.2743807],[121.3860428,31.2743877],[121.3860156,31.2745073],[121.3860302,31.2745097],[121.3859987,31.2746484]]]}},
{"type":"Feature","id":"way/1364659978","properties":{"category":"academic","center":[121.38671034999999,31.27528815],"campus":true,"name":"第四教学楼","building":"university"},"geometry":{"type":"Polygon","coordinates":[[[121.3871141,31.2754352],[121.3862717,31.2752987],[121.3863067,31.2751411],[121.387149,31.2752778],[121.3871141,31.2754352]]]}},
{"type":"Feature","id":"way/1364659979","properties":{"category":"academic","center":[121.38722874999999,31.2754149],"campus":true,"name":"动物实验楼","building":"yes"},"geometry":{"type":"Polygon","coordinates":[[[121.3873907,31.2753197],[121.3873136,31.2755465],[121.3870668,31.2755087],[121.3870837,31.2754471],[121.3871584,31.2754563],[121.3872094,31.2752833],[121.3873907,31.2753197]]]}},
{"type":"Feature","id":"way/1364659980","properties":{"category":"academic","center":[121.38621905,31.27536865],"campus":true,"name":"凌风楼","building":"university"},"geometry":{"type":"Polygon","coordinates":[[[121.3864573,31.2754392],[121.3859669,31.2753724],[121.3859807,31.2752981],[121.3864712,31.2753649],[121.3864573,31.2754392]]]}},
{"type":"Feature","id":"way/1364659981","properties":{"category":"place","center":[121.38610779999999,31.27518775],"campus":true,"amenity":"parking"},"geometry":{"type":"Polygon","coordinates":[[[121.3859688,31.2752563],[121.3859988,31.2750863],[121.3862468,31.2751174],[121.3862147,31.2752892],[121.3859688,31.2752563]]]}},
{"type":"Feature","id":"way/1364659982","properties":{"category":"place","center":[121.3872722,31.27510435],"campus":false,"name":"沪西小区","building":"apartments"},"geometry":{"type":"Polygon","coordinates":[[[121.3875046,31.2751948],[121.3870173,31.2751172],[121.3870398,31.2750139],[121.3875271,31.2750915],[121.3875046,31.2751948]]]}},
{"type":"Feature","id":"way/1364659983","properties":{"category":"place","center":[121.3836984,31.2745355],"campus":true,"name":"国家土建结构预制装配化工程技术研究中心"},"geometry":{"type":"Polygon","coordinates":[[[121.3839364,31.2746222],[121.3834398,31.2745419],[121.3834604,31.2744488],[121.383957,31.2745291],[121.3839364,31.2746222]]]}},
{"type":"Feature","id":"way/1364659984","properties":{"category":"academic","center":[121.38325325,31.2745126],"campus":true,"building":"yes"},"geometry":{"type":"Polygon","coordinates":[[[121.383316,31.2747565],[121.3831957,31.2747575],[121.3831905,31.2742683],[121.3832674,31.2742677],[121.3832692,31.27443],[121.3833125,31.2744296],[121.383316,31.2747565]]]}},
{"type":"Feature","id":"way/1364659985","properties":{"category":"academic","center":[121.38561835,31.272252100000003],"campus":true,"name":"秋色楼","building":"university"},"geometry":{"type":"Polygon","coordinates":[[[121.3859446,31.2724186],[121.3857539,31.2723879],[121.3857602,31.2723593],[121.3854188,31.2723043],[121.3854124,31.2723337],[121.3852451,31.2723068],[121.3852938,31.2720856],[121.3854626,31.2721128],[121.385455,31.2721474],[121.3858125,31.2722049],[121.3858185,31.2721775],[121.3859916,31.2722053],[121.3859446,31.2724186]]]}},
{"type":"Feature","id":"way/1364659986","properties":{"category":"academic","center":[121.38471145,31.272102],"campus":true,"name":"帘青楼（沪西动物中心）","building":"university"},"geometry":{"type":"Polygon","coordinates":[[[121.3850377,31.2722685],[121.384847,31.2722378],[121.3848533,31.2722091],[121.3845119,31.2721542],[121.3845055,31.2721835],[121.3843382,31.2721566],[121.3843869,31.2719355],[121.3845558,31.2719626],[121.3845481,31.2719972],[121.3849056,31.2720547],[121.3849117,31.2720273],[121.3850847,31.2720552],[121.3850377,31.2722685]]]}},
{"type":"Feature","id":"way/1364659987","properties":{"category":"sport","center":[121.38488505000001,31.27371355],"campus":true,"leisure":"pitch","sport":"soccer"},"geometry":{"type":"Polygon","coordinates":[[[121.3844247,31.2741494],[121.3846045,31.2731691],[121.3853454,31.2732909],[121.3851253,31.274258],[121.3844247,31.2741494]]]}},
{"type":"Feature","id":"way/1364659988","properties":{"category":"place","center":[121.38489874999999,31.273851399999998],"campus":true,"natural":"grassland"},"geometry":{"type":"Polygon","coordinates":[[[121.3847263,31.2749209],[121.3846135,31.2749336],[121.3845745,31.274853],[121.3845718,31.2748001],[121.3846216,31.2747472],[121.3844251,31.2744124],[121.3843807,31.2743353],[121.384337,31.2743055],[121.3841872,31.2743087],[121.3841872,31.2742639],[121.3842322,31.2740591],[121.3842884,31.2738318],[121.3843295,31.2736174],[121.3843258,31.2734797],[121.3842958,31.2733133],[121.3842472,31.2731853],[121.384206,31.2730668],[121.384206,31.272974],[121.3842322,31.2727692],[121.3856103,31.27299],[121.3852283,31.2748048],[121.3847263,31.2749209]]]}},
{"type":"Feature","id":"way/1364659989","properties":{"category":"living","center":[121.38186055,31.275723550000002],"campus":true,"name":"桃李学生公寓17、18、19号楼","building":"dormitory"},"geometry":{"type":"Polygon","coordinates":[[[121.382036,31.2758046],[121.3815761,31.2757881],[121.3815806,31.2756949],[121.3819872,31.2757095],[121.3819891,31.2756706],[121.3820199,31.2756717],[121.3820213,31.2756425],[121.3821035,31.2756455],[121.3821023,31.2756698],[121.382145,31.2756713],[121.3821415,31.2757429],[121.3821106,31.2757418],[121.3821094,31.2757661],[121.382038,31.2757635],[121.382036,31.2758046]]]}},
{"type":"Feature","id":"way/1364659990","properties":{"category":"living","center":[121.3812484,31.2757152],"campus":true,"name":"桃李学生公寓20、21号楼","building":"dormitory"},"geometry":{"type":"Polygon","coordinates":[[[121.3814782,31.275783],[121.3810121,31.275764],[121.3810186,31.2756474],[121.3814847,31.2756665],[121.3814782,31.275783]]]}},
{"type":"Feature","id":"way/1364659991","properties":{"category":"living","center":[121.3806869,31.2756887],"campus":true,"name":"桃李学生公寓22、23号楼","building":"dormitory"},"geometry":{"type":"Polygon","coordinates":[[[121.3809167,31.2757565],[121.3804506,31.2757375],[121.3804571,31.2756209],[121.3809232,31.27564],[121.3809167,31.2757565]]]}},
{"type":"Feature","id":"way/1364659992","properties":{"category":"living","center":[121.3808866,31.2753735],"campus":true,"name":"桃李学生公寓15、16号楼","building":"dormitory"},"geometry":{"type":"Polygon","coordinates":[[[121.3811199,31.2754304],[121.3806533,31.2754333],[121.3806554,31.2753193],[121.3811189,31.2753137],[121.3811199,31.2754304]]]}},
{"type":"Feature","id":"way/1364659993","properties":{"category":"living","center":[121.381854,31.2754435],"campus":true,"name":"桃李学生公寓12、13号楼","building":"dormitory"},"geometry":{"type":"Polygon","coordinates":[[[121.3820838,31.2755113],[121.3816177,31.2754923],[121.3816243,31.2753757],[121.3820903,31.2753948],[121.3820838,31.2755113]]]}},
{"type":"Feature","id":"way/1364659994","properties":{"category":"living","center":[121.3808967,31.2749759],"campus":true,"name":"桃李学生公寓8、9号楼","building":"dormitory"},"geometry":{"type":"Polygon","coordinates":[[[121.3811301,31.2750352],[121.3806626,31.2750342],[121.3806642,31.2749166],[121.3811308,31.2749185],[121.3811301,31.2750352]]]}},
{"type":"Feature","id":"way/1364659995","properties":{"category":"living","center":[121.38059279999999,31.27517555],"campus":true,"name":"桃李学生公寓10、11号楼","building":"dormitory"},"geometry":{"type":"Polygon","coordinates":[[[121.3806626,31.2750342],[121.3806554,31.2753193],[121.380523,31.2753169],[121.3805301,31.2750318],[121.3806626,31.2750342]]]}},
{"type":"Feature","id":"way/1364659996","properties":{"category":"living","center":[121.38131145,31.2754086],"campus":true,"name":"桃李学生公寓14号楼","building":"dormitory"},"geometry":{"type":"Polygon","coordinates":[[[121.3814362,31.275467],[121.3811816,31.2754581],[121.3811867,31.2753502],[121.3814413,31.275359],[121.3814362,31.275467]]]}},
{"type":"Feature","id":"way/1364659997","properties":{"category":"living","center":[121.38132685,31.2749494],"campus":true,"name":"桃李学生公寓7号楼","building":"dormitory"},"geometry":{"type":"Polygon","coordinates":[[[121.3814516,31.2750078],[121.381197,31.274999],[121.3812021,31.274891],[121.3814567,31.2748999],[121.3814516,31.2750078]]]}},
{"type":"Feature","id":"way/1364899147","properties":{"category":"place","center":[121.38776770000001,31.27408145],"campus":false,"name":"桃浦西路411弄小区","amenity":"university"},"geometry":{"type":"Polygon","coordinates":[[[121.3877829,31.2745178],[121.387352,31.2744672],[121.3874215,31.2742829],[121.3874985,31.274043],[121.3875796,31.2738787],[121.3876404,31.2736451],[121.3876595,31.2736483],[121.3881834,31.2737369],[121.3880206,31.2739608],[121.3879229,31.274137],[121.3877829,31.2745178]]]}},
{"type":"Feature","id":"way/1369155220","properties":{"category":"place","center":[121.38793135,31.2731662],"campus":true,"amenity":"waste_transfer_station"},"geometry":{"type":"Polygon","coordinates":[[[121.3879575,31.2732314],[121.3878776,31.2732176],[121.3879052,31.273101],[121.3879851,31.2731148],[121.3879575,31.2732314]]]}},
{"type":"Feature","id":"way/1370430842","properties":{"category":"place","center":[121.3867195,31.2759544],"campus":false,"building":"residential"},"geometry":{"type":"Polygon","coordinates":[[[121.3869956,31.2760531],[121.3864203,31.2759615],[121.3864434,31.2758557],[121.3870187,31.2759474],[121.3869956,31.2760531]]]}},
{"type":"Feature","id":"way/1370430843","properties":{"category":"place","center":[121.3860559,31.275845699999998],"campus":false,"building":"residential"},"geometry":{"type":"Polygon","coordinates":[[[121.386332,31.2759444],[121.3857567,31.2758528],[121.3857798,31.275747],[121.3863551,31.2758387],[121.386332,31.2759444]]]}},
{"type":"Feature","id":"way/1370430844","properties":{"category":"place","center":[121.38477695,31.275593999999998],"campus":false,"building":"residential"},"geometry":{"type":"Polygon","coordinates":[[[121.3850531,31.2756927],[121.3844778,31.2756011],[121.3845009,31.2754953],[121.3850761,31.275587],[121.3850531,31.2756927]]]}},
{"type":"Feature","id":"way/1370430845","properties":{"category":"place","center":[121.38484145000001,31.275347099999998],"campus":false,"building":"residential"},"geometry":{"type":"Polygon","coordinates":[[[121.3851176,31.2754458],[121.3845423,31.2753542],[121.3845654,31.2752484],[121.3851406,31.2753401],[121.3851176,31.2754458]]]}},
{"type":"Feature","id":"way/1370430846","properties":{"category":"place","center":[121.38493635,31.275117899999998],"campus":false,"building":"residential"},"geometry":{"type":"Polygon","coordinates":[[[121.3851658,31.2752058],[121.3846865,31.2751419],[121.3847069,31.27503],[121.3851862,31.2750938],[121.3851658,31.2752058]]]}},
{"type":"Feature","id":"way/1370430847","properties":{"category":"place","center":[121.3855198,31.27571925],"campus":false,"building":"residential"},"geometry":{"type":"Polygon","coordinates":[[[121.3856287,31.2757834],[121.3853916,31.2757471],[121.3854109,31.2756551],[121.385648,31.2756913],[121.3856287,31.2757834]]]}},
{"type":"Feature","id":"way/1370430848","properties":{"category":"place","center":[121.38525095,31.27568265],"campus":false,"building":"residential"},"geometry":{"type":"Polygon","coordinates":[[[121.3853599,31.2757468],[121.3851228,31.2757106],[121.385142,31.2756185],[121.3853791,31.2756548],[121.3853599,31.2757468]]]}},
{"type":"Feature","id":"way/1370430849","properties":{"category":"place","center":[121.3852958,31.27553405],"campus":false,"building":"residential"},"geometry":{"type":"Polygon","coordinates":[[[121.3854047,31.2755982],[121.3851676,31.275562],[121.3851869,31.2754699],[121.385424,31.2755062],[121.3854047,31.2755982]]]}},
{"type":"Feature","id":"way/1370430850","properties":{"category":"place","center":[121.38531825000001,31.27536145],"campus":false,"building":"residential"},"geometry":{"type":"Polygon","coordinates":[[[121.3854272,31.2754256],[121.3851901,31.2753894],[121.3852093,31.2752973],[121.3854464,31.2753336],[121.3854272,31.2754256]]]}},
{"type":"Feature","id":"way/1370430851","properties":{"category":"place","center":[121.3870263,31.27560835],"campus":false,"building":"residential"},"geometry":{"type":"Polygon","coordinates":[[[121.3871352,31.2756725],[121.3868981,31.2756363],[121.3869174,31.2755442],[121.3871545,31.2755805],[121.3871352,31.2756725]]]}},
{"type":"Feature","id":"way/1370430852","properties":{"category":"place","center":[121.3861232,31.2756419],"campus":false,"building":"residential"},"geometry":{"type":"Polygon","coordinates":[[[121.3863993,31.2757406],[121.385824,31.275649],[121.3858471,31.2755432],[121.3864224,31.2756349],[121.3863993,31.2757406]]]}},
{"type":"Feature","id":"way/1370430853","properties":{"category":"place","center":[121.3867879,31.2757474],"campus":false,"building":"residential"},"geometry":{"type":"Polygon","coordinates":[[[121.387064,31.2758461],[121.3864887,31.2757545],[121.3865118,31.2756487],[121.3870871,31.2757404],[121.387064,31.2758461]]]}},
{"type":"Feature","id":"way/1370430854","properties":{"category":"place","center":[121.38615014999999,31.2754878],"campus":false,"building":"residential"},"geometry":{"type":"Polygon","coordinates":[[[121.3863565,31.2755708],[121.3859228,31.2755026],[121.3859438,31.2754048],[121.3863775,31.2754728],[121.3863565,31.2755708]]]}},
{"type":"Feature","id":"way/1370430855","properties":{"category":"place","center":[121.3856576,31.275181699999997],"campus":false,"building":"residential"},"geometry":{"type":"Polygon","coordinates":[[[121.3859337,31.2752804],[121.3853584,31.2751888],[121.3853815,31.275083],[121.3859568,31.2751747],[121.3859337,31.2752804]]]}},
{"type":"Feature","id":"way/1383762152","properties":{"category":"place","center":[121.3852558,31.27070955],"campus":false,"name":"李子园","name:en":"Liziyuan"},"geometry":{"type":"Polygon","coordinates":[[[121.3844853,31.2711004],[121.3843275,31.2706646],[121.3847741,31.2705692],[121.384801,31.2706599],[121.3849454,31.2706248],[121.3849893,31.2708063],[121.3852172,31.2707616],[121.3855004,31.2707277],[121.3857085,31.2707192],[121.3857085,31.2704554],[121.3859137,31.2704506],[121.3859137,31.2703235],[121.3861841,31.2703187],[121.3861799,31.2708874],[121.385843,31.2708934],[121.38585,31.2709709],[121.3856518,31.2709854],[121.3854763,31.271006],[121.3854593,31.2709176],[121.3852972,31.2709304],[121.3851323,31.2709552],[121.3849171,31.2709957],[121.3847161,31.2710411],[121.3844853,31.2711004]]]}},
{"type":"Feature","id":"way/1434320311","properties":{"category":"place","center":[121.3817222,31.273276699999997],"campus":false,"name":"李子园花苑","landuse":"residential"},"geometry":{"type":"Polygon","coordinates":[[[121.380451,31.2748608],[121.3804127,31.2738833],[121.3805051,31.273878],[121.3807331,31.2729116],[121.3806746,31.2728142],[121.3800738,31.2721611],[121.3800306,31.2720505],[121.3833711,31.2713877],[121.3834138,31.2715328],[121.3832747,31.2731653],[121.3831677,31.2734482],[121.3831511,31.2747968],[121.3821724,31.2748105],[121.3821803,31.2751654],[121.3814879,31.2751657],[121.3814783,31.2748627],[121.380451,31.2748608]]]}},
{"type":"Feature","id":"way/39825490","properties":{"category":"place","center":[121.38639515,31.2707043],"campus":false,"name":"交通路","name:en":"Jiaotong Road","highway":"secondary"},"geometry":{"type":"LineString","coordinates":[[121.3863371,31.2707589],[121.3864019,31.2707347],[121.3864411,31.2706958],[121.3864532,31.2706497]]}},
{"type":"Feature","id":"way/43030918","properties":{"category":"place","center":[121.3891064,31.27123245],"campus":false,"name":"中环路","name:en":"Middle Ring Road","highway":"trunk","source":"GPS"},"geometry":{"type":"LineString","coordinates":[[121.3884756,31.2697274],[121.3885186,31.2702594],[121.3885771,31.2705199],[121.3886507,31.2707741],[121.3887367,31.2710291],[121.388842,31.2712803],[121.3889614,31.2715272],[121.3891042,31.2717654],[121.3897372,31.2727375]]}},
{"type":"Feature","id":"way/68992981","properties":{"category":"place","center":[121.38872190000001,31.27047395],"campus":false,"name":"万灯路","name:en":"Wandeng Road","highway":"trunk_link"},"geometry":{"type":"LineString","coordinates":[[121.3884756,31.2697274],[121.3886269,31.270243],[121.3886921,31.2705011],[121.3887679,31.2707491],[121.3888629,31.2709965],[121.3889682,31.2712205]]}},
{"type":"Feature","id":"way/68992990","properties":{"category":"place","center":[121.38929515,31.2719984],"campus":false,"name":"真北路","name:en":"Zhenbei Road","highway":"primary"},"geometry":{"type":"LineString","coordinates":[[121.3891345,31.27175],[121.3894558,31.2722468]]}},
{"type":"Feature","id":"way/68992991","properties":{"category":"place","center":[121.38923025,31.27236105],"campus":false,"name":"真北路","name:en":"Zhenbei Road","highway":"primary"},"geometry":{"type":"LineString","coordinates":[[121.3894364,31.2726769],[121.3890241,31.2720452]]}},
{"type":"Feature","id":"way/68992992","properties":{"category":"place","center":[121.38869994999999,31.2714097],"campus":false,"name":"真北路","name:en":"Zhenbei Road","highway":"primary"},"geometry":{"type":"LineString","coordinates":[[121.388932,31.2719071],[121.3888946,31.2718509],[121.3887515,31.271604],[121.3886293,31.2713459],[121.3885195,31.2710869],[121.3884679,31.2709123]]}},
{"type":"Feature","id":"way/69013387","properties":{"category":"place","center":[121.3878881,31.270276850000002],"campus":false,"highway":"trunk_link","source":"estimation"},"geometry":{"type":"LineString","coordinates":[[121.38758,31.270743],[121.3878796,31.2706618],[121.3879763,31.270617],[121.3881121,31.2705077],[121.3881949,31.2703634],[121.3881962,31.270205],[121.388125,31.2698107]]}},
{"type":"Feature","id":"way/69013388","properties":{"category":"place","center":[121.38830485,31.270392],"campus":false,"highway":"trunk_link","source":"estimation"},"geometry":{"type":"LineString","coordinates":[[121.3884135,31.270579],[121.3881962,31.270205]]}},
{"type":"Feature","id":"way/86668258","properties":{"category":"water","center":[121.3826225,31.27617385],"campus":false,"name":"工业河","waterway":"ditch"},"geometry":{"type":"LineString","coordinates":[[121.3781082,31.2759913],[121.3788007,31.2759111],[121.3790497,31.2758823],[121.3796652,31.275811],[121.3798034,31.2758117],[121.3803103,31.2758982],[121.3815197,31.2760091],[121.3871368,31.2765367]]}},
{"type":"Feature","id":"way/93900488","properties":{"category":"water","center":[121.38877074999999,31.27455725],"campus":false,"waterway":"river"},"geometry":{"type":"LineString","coordinates":[[121.3893715,31.2748468],[121.38817,31.2742677]]}},
{"type":"Feature","id":"way/137082390","properties":{"category":"place","center":[121.38919200000001,31.2709386],"campus":false,"name":"真南路","name:en":"Zhennan Road","highway":"primary"},"geometry":{"type":"LineString","coordinates":[[121.3896494,31.2709592],[121.3887346,31.270918]]}},
{"type":"Feature","id":"way/137083133","properties":{"category":"place","center":[121.38944369999999,31.272007449999997],"campus":false,"name":"万灯路","name:en":"Wandeng Road","highway":"trunk_link"},"geometry":{"type":"LineString","coordinates":[[121.3889682,31.2712205],[121.389225,31.2717129],[121.3899192,31.2727944]]}},
{"type":"Feature","id":"way/147676138","properties":{"category":"place","center":[121.38917875,31.2708589],"campus":false,"name":"真南路","name:en":"Zhennan Road","highway":"primary"},"geometry":{"type":"LineString","coordinates":[[121.3886973,31.270815],[121.3896602,31.2709028]]}},
{"type":"Feature","id":"way/147676141","properties":{"category":"place","center":[121.38740250000001,31.270835599999998],"campus":false,"name":"真南路","name:en":"Zhennan Road","highway":"trunk"},"geometry":{"type":"LineString","coordinates":[[121.3884679,31.2709123],[121.3870919,31.2708184],[121.3867483,31.2707913],[121.3863371,31.2707589]]}},
{"type":"Feature","id":"way/358515676","properties":{"category":"place","center":[121.37969575,31.27580315],"campus":false,"name":"真南路 822 弄","name:en":"822 Zhennan Road","highway":"residential"},"geometry":{"type":"LineString","coordinates":[[121.3796903,31.2757461],[121.3797012,31.2758602]]}},
{"type":"Feature","id":"way/358515688","properties":{"category":"place","center":[121.3885108,31.273339550000003],"campus":false,"name":"桃浦西路","name:en":"West Taopu Road","highway":"residential"},"geometry":{"type":"LineString","coordinates":[[121.3885442,31.2732835],[121.3884774,31.2733956]]}},
{"type":"Feature","id":"way/358515689","properties":{"category":"place","center":[121.38692925000001,31.276520599999998],"campus":false,"name":"桃浦西路","name:en":"West Taopu Road","highway":"residential"},"geometry":{"type":"LineString","coordinates":[[121.3869514,31.27647],[121.3869071,31.2765712]]}},
{"type":"Feature","id":"way/358515693","properties":{"category":"place","center":[121.3877144,31.274932800000002],"campus":false,"name":"桃浦西路","name:en":"West Taopu Road","highway":"residential"},"geometry":{"type":"LineString","coordinates":[[121.3884774,31.2733956],[121.3880977,31.2738872],[121.3880114,31.2740187],[121.3879485,31.2741536],[121.3876684,31.2749053],[121.3875081,31.2752794],[121.387086,31.2761643],[121.3870757,31.2761859],[121.3869514,31.27647]]}},
{"type":"Feature","id":"way/358515694","properties":{"category":"place","center":[121.3887381,31.2725953],"campus":true,"name":"桃浦西路","name:en":"West Taopu Road","highway":"residential"},"geometry":{"type":"LineString","coordinates":[[121.388932,31.2719071],[121.3888976,31.2720246],[121.3888797,31.2721393],[121.3888512,31.2723332],[121.3888105,31.2725318],[121.3887421,31.2727703],[121.3886023,31.2731587],[121.3885442,31.2732835]]}},
{"type":"Feature","id":"way/358515699","properties":{"category":"place","center":[121.38752249999999,31.27649555],"campus":false,"highway":"residential"},"geometry":{"type":"LineString","coordinates":[[121.3879823,31.2750074],[121.388032,31.2750236],[121.3871327,31.2769354],[121.3870843,31.2770677],[121.387061,31.2771559],[121.3870436,31.2772516],[121.3870217,31.2774319],[121.387013,31.2775872],[121.3870246,31.2776183],[121.3870436,31.2776531],[121.3870508,31.2777873],[121.3870741,31.2779837]]}},
{"type":"Feature","id":"way/358515703","properties":{"category":"place","center":[121.38787185000001,31.2749715],"campus":false,"highway":"residential"},"geometry":{"type":"LineString","coordinates":[[121.3877614,31.2749356],[121.3879823,31.2750074]]}},
{"type":"Feature","id":"way/358515704","properties":{"category":"place","center":[121.38771489999999,31.27492045],"campus":false,"highway":"residential"},"geometry":{"type":"LineString","coordinates":[[121.3876684,31.2749053],[121.3877614,31.2749356]]}},
{"type":"Feature","id":"way/759322203","properties":{"category":"water","center":[121.38041745,31.273998249999998],"campus":false,"name":"里店河","waterway":"ditch"},"geometry":{"type":"LineString","coordinates":[[121.3800586,31.2720983],[121.3803546,31.27248],[121.380547,31.2726683],[121.3807609,31.2728305],[121.3807763,31.2729659],[121.3805685,31.2737738],[121.3805539,31.2738581],[121.3805074,31.2744027],[121.3804795,31.2744504],[121.3803632,31.2744584],[121.3803493,31.2745299],[121.3804004,31.2745816],[121.3803493,31.2746691],[121.3803539,31.2747406],[121.3804097,31.2747764],[121.3804237,31.2748638],[121.3803958,31.2750547],[121.3803725,31.2753926],[121.3803027,31.2754045],[121.3803103,31.2758982]]}},
{"type":"Feature","id":"way/769199650","properties":{"category":"place","center":[121.37954465,31.2719937],"campus":false,"name":"真南路","name:en":"Zhennan Road","highway":"trunk"},"geometry":{"type":"LineString","coordinates":[[121.3726361,31.2733377],[121.3730204,31.2732384],[121.3736568,31.2730614],[121.3741736,31.2729385],[121.3746998,31.2728415],[121.3761273,31.2726109],[121.3763523,31.2725743],[121.3772873,31.2723858],[121.3790816,31.27202],[121.3792833,31.2719797],[121.3799085,31.2718408],[121.3810784,31.271591],[121.3817195,31.271474],[121.3826662,31.2712702],[121.3846591,31.2708345],[121.3851614,31.270733],[121.3855104,31.2707032],[121.3857622,31.2706817],[121.3861381,31.2706643],[121.3863973,31.2706523],[121.3864532,31.2706497]]}},
{"type":"Feature","id":"way/769230214","properties":{"category":"place","center":[121.3885662,31.270809149999998],"campus":false,"name":"真南路","name:en":"Zhennan Road","highway":"primary"},"geometry":{"type":"LineString","coordinates":[[121.3884351,31.2708033],[121.3886973,31.270815]]}},
{"type":"Feature","id":"way/769230216","properties":{"category":"place","center":[121.38893455,31.271334000000003],"campus":false,"name":"真北路","name:en":"Zhenbei Road","highway":"primary"},"geometry":{"type":"LineString","coordinates":[[121.3887346,31.270918],[121.3888773,31.2712644],[121.3889983,31.2715132],[121.3891345,31.27175]]}},
{"type":"Feature","id":"way/769245739","properties":{"category":"place","center":[121.38701660000001,31.27069635],"campus":false,"name":"真南路","name:en":"Zhennan Road","highway":"primary"},"geometry":{"type":"LineString","coordinates":[[121.3864532,31.2706497],[121.3867507,31.2706743],[121.38758,31.270743]]}},
{"type":"Feature","id":"way/905260293","properties":{"category":"place","center":[121.382457,31.27044515],"campus":false,"highway":"service","source":"maxar"},"geometry":{"type":"LineString","coordinates":[[121.3822478,31.2696201],[121.3823229,31.2698447],[121.3825751,31.2709263],[121.3826662,31.2712702]]}},
{"type":"Feature","id":"way/905260296","properties":{"category":"place","center":[121.3854718,31.2728567],"campus":true,"highway":"service","source":"maxar"},"geometry":{"type":"LineString","coordinates":[[121.3846544,31.2749534],[121.3849628,31.2748753],[121.3852581,31.2748277],[121.3852905,31.2747471],[121.3853943,31.2742169],[121.3854815,31.2737718],[121.3855547,31.2733984],[121.3856214,31.2730576],[121.3856857,31.2729614],[121.3858145,31.2729247],[121.3858627,31.2728331],[121.3858854,31.2727111],[121.385974,31.272444],[121.38605,31.2720944],[121.3861522,31.2716061],[121.3861304,31.2715499],[121.3861262,31.2714636],[121.3861435,31.2713143],[121.3861872,31.2711423],[121.3862341,31.2709591],[121.3862892,31.27076]]}},
{"type":"Feature","id":"way/905260297","properties":{"category":"place","center":[121.38711375,31.271750949999998],"campus":true,"highway":"service","source":"maxar"},"geometry":{"type":"LineString","coordinates":[[121.3861522,31.2716061],[121.3865761,31.2716597],[121.3871311,31.2717464],[121.3873347,31.2717782],[121.3874883,31.2718026],[121.3880753,31.2718958]]}},
{"type":"Feature","id":"way/1244284408","properties":{"category":"water","center":[121.37975664999999,31.2719516],"campus":false,"name":"里店河","waterway":"ditch"},"geometry":{"type":"LineString","coordinates":[[121.3794547,31.2718049],[121.3800586,31.2720983]]}},
{"type":"Feature","id":"way/1324597549","properties":{"category":"place","center":[121.3884515,31.2708578],"campus":false,"name":"真北路","name:en":"Zhenbei Road","highway":"primary"},"geometry":{"type":"LineString","coordinates":[[121.3884679,31.2709123],[121.3884351,31.2708033]]}},
{"type":"Feature","id":"way/1324597550","properties":{"category":"place","center":[121.38860125,31.27091515],"campus":false,"name":"真南路","name:en":"Zhennan Road","highway":"primary"},"geometry":{"type":"LineString","coordinates":[[121.3887346,31.270918],[121.3884679,31.2709123]]}},
{"type":"Feature","id":"way/1324597557","properties":{"category":"place","center":[121.38871595,31.2708665],"campus":false,"name":"真北路","name:en":"Zhenbei Road","highway":"primary"},"geometry":{"type":"LineString","coordinates":[[121.3886973,31.270815],[121.3887346,31.270918]]}},
{"type":"Feature","id":"way/1326437240","properties":{"category":"place","center":[121.38800755,31.27077315],"campus":false,"name":"真南路","name:en":"Zhennan Road","highway":"trunk"},"geometry":{"type":"LineString","coordinates":[[121.38758,31.270743],[121.3884351,31.2708033]]}},
{"type":"Feature","id":"way/1337777318","properties":{"category":"place","center":[121.38282155,31.27142165],"campus":false,"name":"真南路","name:en":"Zhennan Road","highway":"trunk"},"geometry":{"type":"LineString","coordinates":[[121.3863371,31.2707589],[121.3862892,31.27076],[121.3861393,31.2707652],[121.3860984,31.2707666],[121.3857717,31.2707876],[121.3852503,31.2708321],[121.3851828,31.2708379],[121.381749,31.2715771],[121.3799386,31.2719438],[121.379306,31.2720844]]}},
{"type":"Feature","id":"way/1337777319","properties":{"category":"place","center":[121.38897804999999,31.27197615],"campus":false,"name":"真北路","name:en":"Zhenbei Road","highway":"primary"},"geometry":{"type":"LineString","coordinates":[[121.3890241,31.2720452],[121.388932,31.2719071]]}},
{"type":"Feature","id":"way/1361142665","properties":{"category":"place","center":[121.38439120000001,31.2752199],"campus":true,"highway":"service"},"geometry":{"type":"LineString","coordinates":[[121.3846544,31.2749534],[121.384589,31.2750535],[121.384467,31.2752372],[121.3844219,31.2754864],[121.384128,31.2754692]]}},
{"type":"Feature","id":"way/1361142672","properties":{"category":"place","center":[121.38608125,31.27510365],"campus":true,"highway":"service"},"geometry":{"type":"LineString","coordinates":[[121.3846544,31.2749534],[121.3848299,31.2749345],[121.3849826,31.2749279],[121.3851108,31.2749384],[121.3852369,31.2749582],[121.3859342,31.275048],[121.3861139,31.2750677],[121.3865698,31.2751306],[121.3866948,31.2751478],[121.3869033,31.2751815],[121.3875081,31.2752794]]}},
{"type":"Feature","id":"way/1361142673","properties":{"category":"place","center":[121.3872248,31.2721788],"campus":true,"highway":"service"},"geometry":{"type":"LineString","coordinates":[[121.3871586,31.2726112],[121.3871952,31.272435],[121.3873202,31.2718464],[121.3873347,31.2717782],[121.3871311,31.2717464],[121.3871149,31.271824]]}},
{"type":"Feature","id":"way/1361142674","properties":{"category":"place","center":[121.3865663,31.2725276],"campus":true,"highway":"service"},"geometry":{"type":"LineString","coordinates":[[121.385974,31.272444],[121.3860888,31.2724568],[121.3862901,31.2724833],[121.3869564,31.2725774],[121.3871586,31.2726112]]}},
{"type":"Feature","id":"way/1361142675","properties":{"category":"place","center":[121.3867853,31.2730113],"campus":true,"highway":"service"},"geometry":{"type":"LineString","coordinates":[[121.3878849,31.2727273],[121.3878051,31.2730591],[121.3877431,31.2732953],[121.3876462,31.2732809],[121.3866266,31.2731147],[121.3864947,31.2730932],[121.3861641,31.2730393],[121.3856857,31.2729614]]}},
{"type":"Feature","id":"way/1361142676","properties":{"category":"place","center":[121.38684525,31.2728851],"campus":true,"highway":"footway"},"geometry":{"type":"LineString","coordinates":[[121.3858854,31.2727111],[121.3862257,31.272766],[121.3869524,31.2728832],[121.3873126,31.2729423],[121.3873106,31.2729783],[121.3878051,31.2730591]]}},
{"type":"Feature","id":"way/1361142677","properties":{"category":"place","center":[121.38672355,31.2729882],"campus":true,"highway":"footway"},"geometry":{"type":"LineString","coordinates":[[121.3864947,31.2730932],[121.3866401,31.2728893],[121.3869357,31.2729335],[121.3869524,31.2728832]]}},
{"type":"Feature","id":"way/1361628209","properties":{"category":"place","center":[121.38352330000001,31.2757139],"campus":true,"highway":"footway"},"geometry":{"type":"LineString","coordinates":[[121.3835107,31.2755397],[121.3834972,31.2757076],[121.3828988,31.2756667],[121.3828837,31.2757991],[121.3835243,31.2758445],[121.3841408,31.2758881],[121.3841629,31.2757621],[121.3835402,31.2757189],[121.3834972,31.2757076]]}},
{"type":"Feature","id":"way/1361628210","properties":{"category":"place","center":[121.38353225,31.275781700000003],"campus":true,"highway":"footway"},"geometry":{"type":"LineString","coordinates":[[121.3835402,31.2757189],[121.3835243,31.2758445]]}},
{"type":"Feature","id":"way/1361628212","properties":{"category":"place","center":[121.3827935,31.27513595],"campus":true,"highway":"footway"},"geometry":{"type":"LineString","coordinates":[[121.3827385,31.2752724],[121.3827522,31.2751168],[121.3823493,31.2751085],[121.3823406,31.2750113],[121.3832464,31.2749995],[121.3832454,31.2751187],[121.3827522,31.2751168]]}},
{"type":"Feature","id":"way/1361628229","properties":{"category":"place","center":[121.3865783,31.273333049999998],"campus":true,"highway":"service"},"geometry":{"type":"LineString","coordinates":[[121.3866266,31.2731147],[121.3865776,31.2733334],[121.38653,31.2735514]]}},
{"type":"Feature","id":"way/1361628230","properties":{"category":"place","center":[121.3864399,31.273939149999997],"campus":true,"highway":"service"},"geometry":{"type":"LineString","coordinates":[[121.38653,31.2735514],[121.3865164,31.2736063],[121.3864811,31.2737488],[121.3864627,31.2738228],[121.3864394,31.2739266],[121.3863498,31.2743269]]}},
{"type":"Feature","id":"way/1361628231","properties":{"category":"place","center":[121.38604235,31.2734749],"campus":true,"highway":"service"},"geometry":{"type":"LineString","coordinates":[[121.38653,31.2735514],[121.3855547,31.2733984]]}},
{"type":"Feature","id":"way/1361628232","properties":{"category":"place","center":[121.38596045,31.2738492],"campus":true,"highway":"service"},"geometry":{"type":"LineString","coordinates":[[121.3864394,31.2739266],[121.3862264,31.2738857],[121.3854815,31.2737718]]}},
{"type":"Feature","id":"way/1361628233","properties":{"category":"place","center":[121.38577699999999,31.274273899999997],"campus":true,"highway":"service"},"geometry":{"type":"LineString","coordinates":[[121.3861597,31.2742985],[121.3860934,31.2743309],[121.3860497,31.2743253],[121.3853943,31.2742169]]}},
{"type":"Feature","id":"way/1361628234","properties":{"category":"place","center":[121.3860138,31.27468945],"campus":true,"highway":"service"},"geometry":{"type":"LineString","coordinates":[[121.3860934,31.2743309],[121.3860714,31.2743547],[121.3860636,31.2743873],[121.3859342,31.275048]]}},
{"type":"Feature","id":"way/1361628235","properties":{"category":"place","center":[121.38752629999999,31.2738794],"campus":true,"highway":"service"},"geometry":{"type":"LineString","coordinates":[[121.3877431,31.2732953],[121.3876738,31.2735102],[121.3875678,31.2737876],[121.3875148,31.2739262],[121.3873095,31.2744635]]}},
{"type":"Feature","id":"way/1361628236","properties":{"category":"place","center":[121.38682965000001,31.2743952],"campus":true,"highway":"service"},"geometry":{"type":"LineString","coordinates":[[121.3863498,31.2743269],[121.386735,31.2743817],[121.387061,31.2744281],[121.3873095,31.2744635]]}},
{"type":"Feature","id":"way/1361628237","properties":{"category":"place","center":[121.38807975,31.27336545],"campus":true,"highway":"service"},"geometry":{"type":"LineString","coordinates":[[121.3877431,31.2732953],[121.3883591,31.2733967],[121.3884164,31.2734356]]}},
{"type":"Feature","id":"way/1361628243","properties":{"category":"place","center":[121.38486835,31.274096800000002],"campus":true,"highway":"service"},"geometry":{"type":"LineString","coordinates":[[121.384128,31.2754692],[121.384119,31.2751883],[121.3841061,31.2750859],[121.3840777,31.2748607],[121.3840553,31.2746675],[121.384051,31.2745672],[121.3840544,31.274462],[121.3841049,31.2742717],[121.384257,31.2736775],[121.3842763,31.2735641],[121.3842743,31.2734563],[121.3842547,31.2733491],[121.3842082,31.2732159],[121.3841568,31.2730925],[121.3841439,31.2729898],[121.3841496,31.2729277],[121.384196,31.2727244],[121.3856857,31.2729614]]}},
{"type":"Feature","id":"way/1361628244","properties":{"category":"place","center":[121.385085,31.2724554],"campus":true,"highway":"service"},"geometry":{"type":"LineString","coordinates":[[121.384196,31.2727244],[121.3842454,31.2724761],[121.384303,31.2721864],[121.3843514,31.2721938],[121.385123,31.2723114],[121.385974,31.272444]]}},
{"type":"Feature","id":"way/1361628245","properties":{"category":"place","center":[121.38432990000001,31.27200745],"campus":true,"highway":"service"},"geometry":{"type":"LineString","coordinates":[[121.384303,31.2721864],[121.3843568,31.2718285]]}},
{"type":"Feature","id":"way/1361628248","properties":{"category":"place","center":[121.38674745,31.276103650000003],"campus":false,"highway":"service"},"geometry":{"type":"LineString","coordinates":[[121.387086,31.2761643],[121.3864089,31.276043]]}},
{"type":"Feature","id":"way/1361628249","properties":{"category":"place","center":[121.38113935,31.2751567],"campus":true,"highway":"footway"},"geometry":{"type":"LineString","coordinates":[[121.3815154,31.2752267],[121.3813361,31.2752237],[121.3807831,31.2752297],[121.3807633,31.2750978],[121.3813364,31.2750837],[121.3813361,31.2752237]]}},
{"type":"Feature","id":"way/1361628250","properties":{"category":"place","center":[121.3811223,31.27538135],"campus":true,"highway":"footway"},"geometry":{"type":"LineString","coordinates":[[121.3815154,31.2752267],[121.3815163,31.275536],[121.3807283,31.2755144]]}},
{"type":"Feature","id":"way/1361628251","properties":{"category":"place","center":[121.38179389999999,31.2755461],"campus":true,"highway":"footway"},"geometry":{"type":"LineString","coordinates":[[121.3815163,31.275536],[121.3820715,31.2755562]]}},
{"type":"Feature","id":"way/1361628254","properties":{"category":"place","center":[121.38537565,31.2711675],"campus":false,"highway":"service"},"geometry":{"type":"LineString","coordinates":[[121.3852503,31.2708321],[121.3853103,31.2710708],[121.3853335,31.2711632],[121.3853121,31.2711892],[121.3852723,31.2711977],[121.3851294,31.271231],[121.3851058,31.2712491],[121.3851003,31.2712722],[121.3851005,31.2713007],[121.3851121,31.2713392],[121.3851359,31.2713946],[121.3851616,31.2714291],[121.3852022,31.2714624],[121.3852618,31.2714877],[121.385336,31.2715029],[121.3854139,31.2715014],[121.3854869,31.2714889],[121.3855368,31.2714655],[121.3855731,31.2714301],[121.3855895,31.2713964],[121.3856164,31.2713383],[121.3856368,31.271284],[121.385651,31.2712419],[121.3856223,31.2712179],[121.3855513,31.2712074],[121.3854114,31.2711923],[121.3853703,31.2711805],[121.3853335,31.2711632]]}},
{"type":"Feature","id":"way/1361628255","properties":{"category":"place","center":[121.3856596,31.271157199999998],"campus":false,"highway":"service"},"geometry":{"type":"LineString","coordinates":[[121.385651,31.2712419],[121.3856822,31.2712279],[121.3857467,31.2712329],[121.38595,31.2712583],[121.3859829,31.2712602],[121.3860089,31.2711293],[121.3854821,31.2710542],[121.3853913,31.2710587],[121.3853103,31.2710708]]}},
{"type":"Feature","id":"way/1361628256","properties":{"category":"place","center":[121.38592315,31.27104595],"campus":false,"highway":"service"},"geometry":{"type":"LineString","coordinates":[[121.3860089,31.2711293],[121.3860201,31.2710045],[121.3859815,31.2709808],[121.3858262,31.2709626]]}},
{"type":"Feature","id":"way/1364643975","properties":{"category":"place","center":[121.38625475,31.2743127],"campus":true,"highway":"service"},"geometry":{"type":"LineString","coordinates":[[121.3863498,31.2743269],[121.3861597,31.2742985]]}},
{"type":"Feature","id":"way/1364643976","properties":{"category":"place","center":[121.38814105,31.271582000000002],"campus":true,"highway":"service"},"geometry":{"type":"LineString","coordinates":[[121.3880753,31.2718958],[121.3881812,31.2713902],[121.3882068,31.2712682]]}},
{"type":"Feature","id":"way/1364643977","properties":{"category":"place","center":[121.38783475,31.2715499],"campus":true,"highway":"footway"},"geometry":{"type":"LineString","coordinates":[[121.3874883,31.2718026],[121.3875998,31.2712972],[121.3881812,31.2713902]]}},
{"type":"Feature","id":"way/1364643978","properties":{"category":"place","center":[121.38835685000001,31.2719382],"campus":true,"highway":"service"},"geometry":{"type":"LineString","coordinates":[[121.3880753,31.2718958],[121.3886384,31.2719806]]}},
{"type":"Feature","id":"way/1364651572","properties":{"category":"place","center":[121.38430825,31.27139755],"campus":true,"highway":"service"},"geometry":{"type":"LineString","coordinates":[[121.3851294,31.271231],[121.384884,31.2712783],[121.3847752,31.2713004],[121.3842725,31.2714048],[121.3834871,31.2715641]]}},
{"type":"Feature","id":"way/1364651573","properties":{"category":"place","center":[121.38427965,31.27151195],"campus":true,"highway":"service"},"geometry":{"type":"LineString","coordinates":[[121.3842025,31.2711954],[121.3842725,31.2714048],[121.3843568,31.2718285]]}},
{"type":"Feature","id":"way/1364651574","properties":{"category":"place","center":[121.3852034,31.27196145],"campus":true,"highway":"service"},"geometry":{"type":"LineString","coordinates":[[121.38605,31.2720944],[121.3860023,31.272087],[121.3851948,31.271962],[121.3843568,31.2718285]]}},
{"type":"Feature","id":"way/1364651575","properties":{"category":"place","center":[121.3851589,31.272136699999997],"campus":true,"highway":"service"},"geometry":{"type":"LineString","coordinates":[[121.385123,31.2723114],[121.3851948,31.271962]]}},
{"type":"Feature","id":"way/1364651576","properties":{"category":"place","center":[121.38211815,31.275312999999997],"campus":true,"highway":"service"},"geometry":{"type":"LineString","coordinates":[[121.3827209,31.2754007],[121.3821732,31.2753777],[121.3821143,31.2752253],[121.3815154,31.2752267]]}},
{"type":"Feature","id":"way/1364651577","properties":{"category":"place","center":[121.3827297,31.27533655],"campus":true,"highway":"service"},"geometry":{"type":"LineString","coordinates":[[121.3827209,31.2754007],[121.3827385,31.2752724]]}},
{"type":"Feature","id":"way/1364651578","properties":{"category":"place","center":[121.38342445,31.275434949999998],"campus":true,"highway":"service"},"geometry":{"type":"LineString","coordinates":[[121.384128,31.2754692],[121.3835217,31.2754397],[121.3827209,31.2754007]]}},
{"type":"Feature","id":"way/1364651579","properties":{"category":"place","center":[121.3835162,31.2754897],"campus":true,"highway":"service"},"geometry":{"type":"LineString","coordinates":[[121.3835217,31.2754397],[121.3835107,31.2755397]]}},
{"type":"Feature","id":"way/1364651580","properties":{"category":"place","center":[121.3827163,31.2756848],"campus":true,"highway":"service"},"geometry":{"type":"LineString","coordinates":[[121.3827209,31.2754007],[121.3827117,31.2759689]]}},
{"type":"Feature","id":"way/1364651581","properties":{"category":"place","center":[121.38217424999999,31.27565865],"campus":true,"highway":"service"},"geometry":{"type":"LineString","coordinates":[[121.3821732,31.2753777],[121.3821753,31.2759396]]}},
{"type":"Feature","id":"way/1364651582","properties":{"category":"place","center":[121.38346010000001,31.2760334],"campus":true,"highway":"footway"},"geometry":{"type":"LineString","coordinates":[[121.3827117,31.2759689],[121.3842085,31.2760979]]}},
{"type":"Feature","id":"way/1364651583","properties":{"category":"place","center":[121.3824435,31.275954249999998],"campus":true,"highway":"footway"},"geometry":{"type":"LineString","coordinates":[[121.3827117,31.2759689],[121.3821753,31.2759396]]}},
{"type":"Feature","id":"way/1364651585","properties":{"category":"place","center":[121.38524749999999,31.27489295],"campus":true,"highway":"footway"},"geometry":{"type":"LineString","coordinates":[[121.3852369,31.2749582],[121.3852581,31.2748277]]}},
{"type":"Feature","id":"way/1364651586","properties":{"category":"place","center":[121.3866524,31.27475615],"campus":true,"highway":"service"},"geometry":{"type":"LineString","coordinates":[[121.386735,31.2743817],[121.3866461,31.2747787],[121.3865698,31.2751306]]}},
{"type":"Feature","id":"way/1364651587","properties":{"category":"place","center":[121.38698215,31.2748048],"campus":true,"highway":"service"},"geometry":{"type":"LineString","coordinates":[[121.3869033,31.2751815],[121.3869773,31.2748279],[121.387061,31.2744281]]}},
{"type":"Feature","id":"way/1364651588","properties":{"category":"place","center":[121.3868117,31.2748033],"campus":true,"highway":"footway"},"geometry":{"type":"LineString","coordinates":[[121.3866461,31.2747787],[121.3869773,31.2748279]]}},
{"type":"Feature","id":"way/1364651589","properties":{"category":"place","center":[121.38699795,31.2738375],"campus":true,"highway":"service"},"geometry":{"type":"LineString","coordinates":[[121.3864811,31.2737488],[121.3870123,31.27384],[121.3875148,31.2739262]]}},
{"type":"Feature","id":"way/1364651590","properties":{"category":"place","center":[121.38688715,31.27369525],"campus":true,"highway":"footway"},"geometry":{"type":"LineString","coordinates":[[121.3865164,31.2736063],[121.3868443,31.2736623],[121.3868583,31.2735994],[121.3869491,31.2736157],[121.3871738,31.2736562],[121.3872579,31.2736713],[121.3872437,31.2737252],[121.3872264,31.2737911],[121.3871435,31.2737768],[121.3870357,31.2737583],[121.3869157,31.2737376],[121.3868268,31.2737222],[121.3868443,31.2736623]]}},
{"type":"Feature","id":"way/1364651591","properties":{"category":"place","center":[121.38740575,31.2737564],"campus":true,"highway":"footway"},"geometry":{"type":"LineString","coordinates":[[121.3872437,31.2737252],[121.3875678,31.2737876]]}},
{"type":"Feature","id":"way/1364651592","properties":{"category":"place","center":[121.387024,31.273799150000002],"campus":true,"highway":"footway"},"geometry":{"type":"LineString","coordinates":[[121.3870357,31.2737583],[121.3870123,31.27384]]}},
{"type":"Feature","id":"way/1364651593","properties":{"category":"place","center":[121.3869324,31.27367665],"campus":true,"highway":"footway"},"geometry":{"type":"LineString","coordinates":[[121.3869157,31.2737376],[121.3869491,31.2736157]]}},
{"type":"Feature","id":"way/1364651594","properties":{"category":"place","center":[121.38715865,31.2737165],"campus":true,"highway":"footway"},"geometry":{"type":"LineString","coordinates":[[121.3871435,31.2737768],[121.3871738,31.2736562]]}},
{"type":"Feature","id":"way/1364651595","properties":{"category":"place","center":[121.3871257,31.2734218],"campus":true,"highway":"footway"},"geometry":{"type":"LineString","coordinates":[[121.3865776,31.2733334],[121.3876738,31.2735102]]}},
{"type":"Feature","id":"way/1364651596","properties":{"category":"place","center":[121.3879801,31.272311549999998],"campus":true,"highway":"service"},"geometry":{"type":"LineString","coordinates":[[121.3878849,31.2727273],[121.3879234,31.272559],[121.3880753,31.2718958]]}},
{"type":"Feature","id":"way/1364651597","properties":{"category":"place","center":[121.3862271,31.2727613],"campus":true,"highway":"footway"},"geometry":{"type":"LineString","coordinates":[[121.3861641,31.2730393],[121.3862257,31.272766],[121.3862901,31.2724833]]}},
{"type":"Feature","id":"way/1364899148","properties":{"category":"place","center":[121.38777185000001,31.274111050000002],"campus":false,"highway":"service"},"geometry":{"type":"LineString","coordinates":[[121.3879485,31.2741536],[121.3879094,31.2741303],[121.3878701,31.2741075],[121.3875952,31.2740685]]}},
{"type":"Feature","id":"way/1365224509","properties":{"category":"place","center":[121.386011,31.2716885],"campus":true,"barrier":"fence"},"geometry":{"type":"LineString","coordinates":[[121.3859998,31.2717414],[121.3860222,31.2716356]]}},
{"type":"Feature","id":"way/1365224510","properties":{"category":"place","center":[121.3873171,31.277139650000002],"campus":false,"highway":"footway"},"geometry":{"type":"LineString","coordinates":[[121.3872723,31.2772042],[121.3873619,31.2770751]]}},
{"type":"Feature","id":"way/1366476442","properties":{"category":"place","center":[121.3874914,31.274504649999997],"campus":true,"highway":"service"},"geometry":{"type":"LineString","coordinates":[[121.3873095,31.2744635],[121.3873435,31.2744996],[121.3876733,31.2745458]]}},
{"type":"Feature","id":"way/1366476443","properties":{"category":"place","center":[121.38755929999999,31.272497],"campus":true,"highway":"service"},"geometry":{"type":"LineString","coordinates":[[121.3871952,31.272435],[121.3878198,31.2725414],[121.3879234,31.272559]]}},
{"type":"Feature","id":"way/1366476444","properties":{"category":"place","center":[121.38536925,31.271352800000003],"campus":false,"barrier":"bollard"},"geometry":{"type":"LineString","coordinates":[[121.3854232,31.2714888],[121.3854454,31.2714841],[121.3854675,31.2714782],[121.3854869,31.2714711],[121.3855104,31.2714581],[121.3855325,31.2714415],[121.3855547,31.2714191],[121.3855713,31.271399],[121.3855824,31.2713729],[121.3855879,31.2713481],[121.3855893,31.2713221],[121.3855865,31.2712937],[121.3855727,31.2712677],[121.3855519,31.2712464],[121.3855201,31.2712334],[121.3854841,31.2712263],[121.3854537,31.2712204],[121.3854177,31.2712156],[121.3853762,31.2712156],[121.3853374,31.271218],[121.3853084,31.2712239],[121.3852793,31.2712322],[121.3852475,31.2712393],[121.3852087,31.2712547],[121.3851797,31.2712748],[121.3851548,31.2712996],[121.3851492,31.2713386],[121.3851562,31.2713777],[121.3851728,31.2714155],[121.3851991,31.271438],[121.3852323,31.2714581],[121.3852641,31.2714699],[121.3853084,31.2714818],[121.3853416,31.2714877],[121.3853706,31.2714888],[121.3853997,31.27149],[121.3854232,31.2714888]]}},
{"type":"Feature","id":"way/1369155218","properties":{"category":"place","center":[121.3870575,31.272217599999998],"campus":true,"highway":"service"},"geometry":{"type":"LineString","coordinates":[[121.3871149,31.271824],[121.3870394,31.2721827],[121.3869564,31.2725774],[121.3871586,31.2726112]]}},
{"type":"Feature","id":"way/1369155219","properties":{"category":"place","center":[121.38752175,31.27266925],"campus":true,"highway":"service"},"geometry":{"type":"LineString","coordinates":[[121.3871586,31.2726112],[121.387365,31.2726441],[121.3874223,31.2726537],[121.3877868,31.2727106],[121.3878849,31.2727273]]}},
{"type":"Feature","id":"way/1369155221","properties":{"category":"place","center":[121.3861383,31.2706817],"campus":false,"highway":"footway"},"geometry":{"type":"LineString","coordinates":[[121.38614,31.270821],[121.3861393,31.2707652],[121.3861381,31.2706643],[121.3861366,31.2705424]]}},
{"type":"Feature","id":"way/1369155222","properties":{"category":"place","center":[121.38675045,31.27068675],"campus":false,"highway":"footway"},"geometry":{"type":"LineString","coordinates":[[121.3867479,31.2708123],[121.3867483,31.2707913],[121.3867507,31.2706743],[121.386753,31.2705612]]}},
{"type":"Feature","id":"way/1369155223","properties":{"category":"place","center":[121.38651785,31.27038495],"campus":false,"highway":"footway"},"geometry":{"type":"LineString","coordinates":[[121.3863472,31.2703864],[121.386469,31.2703854],[121.3866885,31.2703835]]}},
{"type":"Feature","id":"way/1370430856","properties":{"category":"place","center":[121.38697145,31.2721728],"campus":true,"highway":"service"},"geometry":{"type":"LineString","coordinates":[[121.3870394,31.2721827],[121.3869035,31.2721629]]}},
{"type":"Feature","id":"way/1389441878","properties":{"category":"place","center":[121.38434755,31.2750697],"campus":true,"highway":"footway"},"geometry":{"type":"LineString","coordinates":[[121.384589,31.2750535],[121.3841061,31.2750859]]}},
{"type":"Feature","id":"node/616791914","properties":{"category":"place","center":[121.3863371,31.2707589],"campus":false,"highway":"traffic_signals"},"geometry":{"type":"Point","coordinates":[121.3863371,31.2707589]}},
{"type":"Feature","id":"node/616791915","properties":{"category":"place","center":[121.3864532,31.2706497],"campus":false,"highway":"traffic_signals"},"geometry":{"type":"Point","coordinates":[121.3864532,31.2706497]}},
{"type":"Feature","id":"node/828110366","properties":{"category":"place","center":[121.3884679,31.2709123],"campus":false,"highway":"traffic_signals"},"geometry":{"type":"Point","coordinates":[121.3884679,31.2709123]}},
{"type":"Feature","id":"node/828110369","properties":{"category":"place","center":[121.3884351,31.2708033],"campus":false,"highway":"traffic_signals"},"geometry":{"type":"Point","coordinates":[121.3884351,31.2708033]}},
{"type":"Feature","id":"node/828110409","properties":{"category":"place","center":[121.3886973,31.270815],"campus":false,"highway":"traffic_signals"},"geometry":{"type":"Point","coordinates":[121.3886973,31.270815]}},
{"type":"Feature","id":"node/828110410","properties":{"category":"place","center":[121.3887346,31.270918],"campus":false,"highway":"traffic_signals"},"geometry":{"type":"Point","coordinates":[121.3887346,31.270918]}},
{"type":"Feature","id":"node/3634254465","properties":{"category":"place","center":[121.3884164,31.2734356],"campus":false,"barrier":"gate"},"geometry":{"type":"Point","coordinates":[121.3884164,31.2734356]}},
{"type":"Feature","id":"node/3634254486","properties":{"category":"place","center":[121.3875081,31.2752794],"campus":false,"barrier":"gate"},"geometry":{"type":"Point","coordinates":[121.3875081,31.2752794]}},
{"type":"Feature","id":"node/3634254487","properties":{"category":"place","center":[121.3796628,31.2754227],"campus":false,"name":"三千里花苑"},"geometry":{"type":"Point","coordinates":[121.3796628,31.2754227]}},
{"type":"Feature","id":"node/3634254506","properties":{"category":"place","center":[121.3866809,31.2771654],"campus":false,"name":"桃浦西路武威路"},"geometry":{"type":"Point","coordinates":[121.3866809,31.2771654]}},
{"type":"Feature","id":"node/3800185669","properties":{"category":"place","center":[121.3853648,31.2707732],"campus":false,"name":"李子园","name:en":"Liziyuan"},"geometry":{"type":"Point","coordinates":[121.3853648,31.2707732]}},
{"type":"Feature","id":"node/3800185670","properties":{"category":"place","center":[121.3853621,31.2708886],"campus":false,"name":"李子园","name:en":"Liziyuan"},"geometry":{"type":"Point","coordinates":[121.3853621,31.2708886]}},
{"type":"Feature","id":"node/7180710718","properties":{"category":"place","center":[121.3810783,31.2715396],"campus":false,"name":"真南路二号桥","highway":"bus_stop"},"geometry":{"type":"Point","coordinates":[121.3810783,31.2715396]}},
{"type":"Feature","id":"node/7180710719","properties":{"category":"place","center":[121.3846465,31.2708007],"campus":false,"name":"真南路交通路","highway":"bus_stop"},"geometry":{"type":"Point","coordinates":[121.3846465,31.2708007]}},
{"type":"Feature","id":"node/7180710720","properties":{"category":"place","center":[121.387081,31.270874],"campus":false,"name":"真南路真北路","highway":"bus_stop"},"geometry":{"type":"Point","coordinates":[121.387081,31.270874]}},
{"type":"Feature","id":"node/9651659637","properties":{"category":"place","center":[121.3874569,31.2765501],"campus":false,"name":"武威东路","name:en":"East Wuwei Road"},"geometry":{"type":"Point","coordinates":[121.3874569,31.2765501]}},
{"type":"Feature","id":"node/9941708850","properties":{"category":"place","center":[121.3870919,31.2708184],"campus":false,"name":"真南路真北路"},"geometry":{"type":"Point","coordinates":[121.3870919,31.2708184]}},
{"type":"Feature","id":"node/9941708851","properties":{"category":"place","center":[121.3846591,31.2708345],"campus":false,"name":"真南路交通路"},"geometry":{"type":"Point","coordinates":[121.3846591,31.2708345]}},
{"type":"Feature","id":"node/9941708853","properties":{"category":"place","center":[121.3810784,31.271591],"campus":false,"name":"真南路二号桥"},"geometry":{"type":"Point","coordinates":[121.3810784,31.271591]}},
{"type":"Feature","id":"node/12374273807","properties":{"category":"place","center":[121.3797963,31.2754057],"campus":false,"name":"三千里花苑","highway":"bus_stop"},"geometry":{"type":"Point","coordinates":[121.3797963,31.2754057]}},
{"type":"Feature","id":"node/12597221287","properties":{"category":"sport","center":[121.3848412,31.2737432],"campus":true,"leisure":"pitch","sport":"soccer"},"geometry":{"type":"Point","coordinates":[121.3848412,31.2737432]}},
{"type":"Feature","id":"node/12600620143","properties":{"category":"place","center":[121.3821732,31.2753777],"campus":true,"barrier":"gate"},"geometry":{"type":"Point","coordinates":[121.3821732,31.2753777]}},
{"type":"Feature","id":"node/12606361890","properties":{"category":"place","center":[121.3862341,31.2709591],"campus":true,"barrier":"gate"},"geometry":{"type":"Point","coordinates":[121.3862341,31.2709591]}},
{"type":"Feature","id":"node/12606390319","properties":{"category":"place","center":[121.3835107,31.2755397],"campus":true,"barrier":"gate"},"geometry":{"type":"Point","coordinates":[121.3835107,31.2755397]}},
{"type":"Feature","id":"node/12606390331","properties":{"category":"place","center":[121.3827385,31.2752724],"campus":true,"barrier":"gate"},"geometry":{"type":"Point","coordinates":[121.3827385,31.2752724]}},
{"type":"Feature","id":"node/12606390536","properties":{"category":"place","center":[121.3860717,31.2712853],"campus":false,"barrier":"gate"},"geometry":{"type":"Point","coordinates":[121.3860717,31.2712853]}},
{"type":"Feature","id":"node/12637711689","properties":{"category":"place","center":[121.3851948,31.271962],"campus":true,"barrier":"gate"},"geometry":{"type":"Point","coordinates":[121.3851948,31.271962]}},
{"type":"Feature","id":"node/12637717101","properties":{"category":"place","center":[121.386735,31.2743817],"campus":true,"barrier":"gate"},"geometry":{"type":"Point","coordinates":[121.386735,31.2743817]}},
{"type":"Feature","id":"node/12637790323","properties":{"category":"place","center":[121.3860888,31.2724568],"campus":true,"barrier":"bollard"},"geometry":{"type":"Point","coordinates":[121.3860888,31.2724568]}},
{"type":"Feature","id":"node/12637790324","properties":{"category":"place","center":[121.3871149,31.271824],"campus":true,"barrier":"bollard"},"geometry":{"type":"Point","coordinates":[121.3871149,31.271824]}},
{"type":"Feature","id":"node/12637790325","properties":{"category":"place","center":[121.3873202,31.2718464],"campus":true,"barrier":"bollard"},"geometry":{"type":"Point","coordinates":[121.3873202,31.2718464]}},
{"type":"Feature","id":"node/12655254793","properties":{"category":"place","center":[121.3876595,31.2736483],"campus":true,"barrier":"gate"},"geometry":{"type":"Point","coordinates":[121.3876595,31.2736483]}},
{"type":"Feature","id":"node/12655254799","properties":{"category":"place","center":[121.3878198,31.2725414],"campus":true,"barrier":"bollard"},"geometry":{"type":"Point","coordinates":[121.3878198,31.2725414]}},
{"type":"Feature","id":"node/12655254800","properties":{"category":"place","center":[121.3877868,31.2727106],"campus":true,"barrier":"bollard"},"geometry":{"type":"Point","coordinates":[121.3877868,31.2727106]}},
{"type":"Feature","id":"node/12861911537","properties":{"category":"place","center":[121.3842454,31.2724761],"campus":true,"barrier":"gate"},"geometry":{"type":"Point","coordinates":[121.3842454,31.2724761]}},
{"type":"Feature","id":"node/13765455605","properties":{"category":"place","center":[121.3843514,31.2721938],"campus":true,"barrier":"yes"},"geometry":{"type":"Point","coordinates":[121.3843514,31.2721938]}},
{"type":"Feature","id":"node/13765455606","properties":{"category":"place","center":[121.3860023,31.272087],"campus":true,"barrier":"yes"},"geometry":{"type":"Point","coordinates":[121.3860023,31.272087]}},
{"type":"Feature","id":"node/14025158309","properties":{"category":"place","center":[121.3861381,31.2706643],"campus":false,"highway":"crossing"},"geometry":{"type":"Point","coordinates":[121.3861381,31.2706643]}},
{"type":"Feature","id":"node/14025158310","properties":{"category":"place","center":[121.3861393,31.2707652],"campus":false,"highway":"crossing"},"geometry":{"type":"Point","coordinates":[121.3861393,31.2707652]}},
{"type":"Feature","id":"node/14025158311","properties":{"category":"place","center":[121.3867483,31.2707913],"campus":false,"highway":"crossing"},"geometry":{"type":"Point","coordinates":[121.3867483,31.2707913]}},
{"type":"Feature","id":"node/14025158312","properties":{"category":"place","center":[121.3867507,31.2706743],"campus":false,"highway":"crossing"},"geometry":{"type":"Point","coordinates":[121.3867507,31.2706743]}},
{"type":"Feature","id":"node/14078917764","properties":{"category":"place","center":[121.386469,31.2703854],"campus":false,"highway":"crossing"},"geometry":{"type":"Point","coordinates":[121.386469,31.2703854]}},
{"type":"Feature","id":"way/1361142662","properties":{"category":"sport","center":[121.38435965,31.274703000000002],"campus":true,"name":"体育馆","building":"yes","leisure":"stadium","sport":"badminton","source":"OSM geometry; indoor classification checked against Tongji official plan"},"geometry":{"type":"Polygon","coordinates":[[[121.3842615,31.2750589],[121.384248,31.2749153],[121.3841805,31.27492],[121.384128,31.2743648],[121.384384,31.2743471],[121.3844209,31.2747385],[121.3845559,31.2747292],[121.3845659,31.2748347],[121.3844545,31.2748424],[121.3844608,31.2749088],[121.3845785,31.2749007],[121.3845913,31.2750362],[121.3842615,31.2750589]]]}}
]}
