{"type":"FeatureCollection","features":[
{"type":"Feature","id":"relation/1822359","properties":{"category":"water","center":[121.2071897,31.28686805],"campus":true,"natural":"water"},"geometry":{"type":"Polygon","coordinates":[[[121.2078458,31.287561],[121.2076597,31.2876812],[121.2075867,31.2877279],[121.2075652,31.2877166],[121.2075419,31.2877127],[121.2075194,31.2877144],[121.2075036,31.2877225],[121.2074881,31.2877318],[121.207479,31.2877464],[121.207474,31.2877592],[121.2074749,31.2877732],[121.2074763,31.2877812],[121.2074942,31.2878066],[121.207297,31.2879159],[121.2072733,31.2878866],[121.2069553,31.2880775],[121.206665,31.288249],[121.2066464,31.2882177],[121.2066363,31.2882026],[121.2066161,31.2881822],[121.2065989,31.2881608],[121.2065822,31.2881436],[121.2065653,31.288127],[121.2065469,31.2881105],[121.2065272,31.2880959],[121.2065013,31.28808],[121.2064796,31.2880665],[121.2064578,31.2880585],[121.2064408,31.2880526],[121.2064231,31.2880476],[121.2064079,31.2880451],[121.2063949,31.2880425],[121.2063822,31.2880406],[121.2063744,31.2880379],[121.2063646,31.2880261],[121.2063574,31.2880172],[121.2063509,31.2880088],[121.2063402,31.2880014],[121.2063255,31.2879973],[121.2063135,31.2879949],[121.2063011,31.2879942],[121.2062935,31.2879516],[121.2063067,31.2879367],[121.2063156,31.28792],[121.2063173,31.2878966],[121.2063117,31.2878749],[121.2063135,31.2878572],[121.2063087,31.2878418],[121.2063162,31.2878419],[121.2063873,31.2875852],[121.2063207,31.2875691],[121.2063282,31.2875341],[121.2063505,31.2874962],[121.206382,31.2874538],[121.2064222,31.2874078],[121.2064767,31.2873575],[121.2065007,31.2873218],[121.2065358,31.2872615],[121.2065981,31.2871029],[121.2066154,31.287033],[121.206621,31.2869812],[121.2066195,31.2869389],[121.2066173,31.286895],[121.2066084,31.2868627],[121.206593,31.2868378],[121.2065353,31.2867825],[121.2064898,31.2867384],[121.2063733,31.286623],[121.2062456,31.2864965],[121.2061052,31.2863592],[121.2060161,31.2862721],[121.2058577,31.2861376],[121.2058395,31.2861221],[121.2057086,31.286],[121.2056679,31.2859698],[121.2056291,31.2859515],[121.2055931,31.2859414],[121.2055468,31.2859361],[121.2055042,31.2859344],[121.2054703,31.2859403],[121.2054379,31.2859488],[121.2054055,31.2859627],[121.2053761,31.2859846],[121.205348,31.2860061],[121.2048376,31.2864633],[121.2044767,31.2867854],[121.2043861,31.2868635],[121.2043318,31.2869044],[121.2042839,31.2869365],[121.2042073,31.286978],[121.2039323,31.2870935],[121.203295,31.2873554],[121.2031881,31.287419],[121.2028824,31.2875073],[121.2028056,31.2875365],[121.2027449,31.2875662],[121.2027187,31.2875771],[121.2026977,31.2875959],[121.2026745,31.2875944],[121.2026534,31.2875921],[121.2026302,31.2875949],[121.2026131,31.2876043],[121.2026055,31.2876174],[121.2026007,31.2876344],[121.202575,31.2876351],[121.2025597,31.2876472],[121.202545,31.287658],[121.2025413,31.2876742],[121.2025316,31.2876869],[121.2025165,31.287702],[121.2025218,31.2877294],[121.2025338,31.2877505],[121.2025405,31.2877703],[121.2025674,31.2877927],[121.2026002,31.2878248],[121.2029907,31.2880845],[121.2034649,31.2883968],[121.2035473,31.2884519],[121.2035978,31.2884895],[121.2036499,31.2885408],[121.2036753,31.2885714],[121.2036993,31.2886053],[121.2037148,31.2886396],[121.2037259,31.2886724],[121.2037314,31.2887043],[121.2037293,31.288736],[121.2037259,31.288767],[121.2037169,31.2888002],[121.2037035,31.2888354],[121.2036852,31.2888698],[121.2036769,31.2888845],[121.2036603,31.2889087],[121.2036268,31.2889403],[121.2036033,31.2889605],[121.2029241,31.2895061],[121.2028443,31.2895744],[121.2027876,31.2896248],[121.2027455,31.2896621],[121.2021298,31.2903393],[121.2017056,31.2907846],[121.2012765,31.2912199],[121.2008879,31.2916093],[121.2008558,31.2916359],[121.2008442,31.2916718],[121.2008366,31.2917113],[121.2008368,31.2917534],[121.2008482,31.2917875],[121.2011699,31.2921014],[121.2014832,31.2924369],[121.2017294,31.2927032],[121.2018316,31.2928201],[121.2020206,31.2930249],[121.2019742,31.2930392],[121.2021103,31.2931985],[121.2021755,31.2932015],[121.2022447,31.293325],[121.2023566,31.2935282],[121.202424,31.2936138],[121.202301,31.2936069],[121.201117,31.2922674],[121.2010526,31.292186],[121.2009747,31.2921041],[121.2009122,31.2920412],[121.2008623,31.2919768],[121.2008201,31.2919259],[121.2006486,31.2918221],[121.2004282,31.2916887],[121.2007904,31.2913408],[121.2008493,31.291282],[121.2011077,31.2910242],[121.2019137,31.2902058],[121.2022331,31.2898623],[121.2025387,31.2895336],[121.2026023,31.2894694],[121.2034356,31.288796],[121.2034602,31.2887656],[121.2034653,31.2887259],[121.2034528,31.2886864],[121.2034133,31.2886429],[121.2025109,31.2880363],[121.2024174,31.2879715],[121.2023643,31.2879199],[121.2023248,31.2878487],[121.202305,31.2877662],[121.20231,31.2876883],[121.2023309,31.2876273],[121.2023871,31.2875568],[121.2024398,31.2874976],[121.2025083,31.2874545],[121.2025857,31.2874171],[121.2026775,31.2873901],[121.2031465,31.2872224],[121.2040625,31.2868533],[121.2041489,31.2868022],[121.2041955,31.2867663],[121.2044194,31.2865809],[121.2052277,31.2858714],[121.2052586,31.2858297],[121.2053094,31.2857025],[121.2053344,31.2856059],[121.2053641,31.2855006],[121.2053219,31.2854715],[121.2054202,31.285403],[121.2055347,31.2853233],[121.2055425,31.2853579],[121.2055555,31.2853889],[121.2057068,31.2854562],[121.2057442,31.2854719],[121.2057963,31.2854932],[121.2058489,31.2854968],[121.2058969,31.2854835],[121.2067776,31.2847842],[121.2073624,31.2843515],[121.2079533,31.283946],[121.2096096,31.2827345],[121.2106657,31.2819977],[121.2109392,31.2818035],[121.2112254,31.2816059],[121.2114529,31.2814484],[121.2116749,31.2812901],[121.2118513,31.2811247],[121.2120375,31.2809444],[121.2125681,31.2804497],[121.2126913,31.2803475],[121.2127465,31.2803296],[121.2129322,31.2802711],[121.2132061,31.2802066],[121.2133969,31.2801863],[121.2136305,31.2801722],[121.2136968,31.2801669],[121.2138259,31.2801223],[121.2138839,31.2801928],[121.2139512,31.2802747],[121.2139153,31.2803141],[121.2138641,31.280311],[121.2137838,31.2803311],[121.2132774,31.2803729],[121.2132387,31.2803805],[121.212943,31.2804548],[121.2129085,31.2804487],[121.2128837,31.2804555],[121.2128709,31.2804737],[121.2129006,31.2804976],[121.2129172,31.2805165],[121.2129229,31.2805562],[121.2129108,31.2805891],[121.2128868,31.2806146],[121.2128499,31.2806325],[121.2128065,31.2806342],[121.2127759,31.2806236],[121.212742,31.2805965],[121.212711,31.2805967],[121.2126919,31.2805968],[121.2122716,31.2810007],[121.2119769,31.2812715],[121.211837,31.2813936],[121.2116919,31.2815046],[121.2115468,31.2816084],[121.2107875,31.282133],[121.2102882,31.2824801],[121.2097814,31.2828392],[121.2092991,31.2831818],[121.2089091,31.2834636],[121.2089313,31.2834856],[121.2088697,31.2835319],[121.2088377,31.2835383],[121.2088088,31.2835517],[121.2087853,31.2835745],[121.2087625,31.2835789],[121.208748,31.2836112],[121.2087201,31.2836159],[121.2087141,31.2836296],[121.2086993,31.2836496],[121.2086873,31.2836634],[121.2086275,31.2836908],[121.2086104,31.283696],[121.2085908,31.2837058],[121.2085775,31.2837304],[121.2085566,31.2837373],[121.2085521,31.283751],[121.2085473,31.2837768],[121.2085202,31.2837957],[121.2085,31.2838025],[121.2084723,31.2838093],[121.2084567,31.2838178],[121.2084522,31.2838413],[121.2084457,31.2838617],[121.208424,31.2838789],[121.2083983,31.2838907],[121.2083654,31.2838903],[121.2083436,31.2838937],[121.2083309,31.2839058],[121.2083255,31.283928],[121.2083231,31.283955],[121.2083062,31.283976],[121.2082683,31.2839882],[121.2082269,31.2839928],[121.2081976,31.2840071],[121.2081755,31.2840253],[121.2081543,31.2840501],[121.2081359,31.2840719],[121.2081095,31.2840888],[121.2080783,31.2841012],[121.2080511,31.2841],[121.2080366,31.2840989],[121.2080184,31.2841051],[121.2079961,31.2841147],[121.20797,31.2841363],[121.207547,31.2844533],[121.2075187,31.2844804],[121.2074951,31.2845066],[121.207481,31.2845274],[121.2074528,31.2845537],[121.2074361,31.2845696],[121.2074091,31.2845851],[121.2073808,31.2846104],[121.2073508,31.2846323],[121.2073279,31.2846452],[121.2073117,31.284667],[121.2073172,31.2846804],[121.2073223,31.2846965],[121.2073072,31.2847115],[121.2072857,31.2847213],[121.2072608,31.2847214],[121.2072396,31.2847164],[121.2072201,31.2847237],[121.2072085,31.2847378],[121.207204,31.284764],[121.2071982,31.284784],[121.2071812,31.2848027],[121.2071549,31.2848193],[121.2071253,31.2848246],[121.2071011,31.2848265],[121.2070828,31.2848413],[121.2070758,31.2848642],[121.2070657,31.284879],[121.2070302,31.2848857],[121.2070036,31.2848993],[121.2069792,31.2849143],[121.2069505,31.2849259],[121.2069471,31.2849495],[121.2069157,31.2849635],[121.2068984,31.2849882],[121.2068554,31.2850016],[121.2068278,31.2850194],[121.2068138,31.2850482],[121.2067935,31.2850643],[121.2067535,31.2850844],[121.2067229,31.2851144],[121.2067121,31.2851417],[121.2066601,31.285175],[121.2066332,31.2851633],[121.2061097,31.2855584],[121.2058723,31.2857358],[121.2058534,31.2857564],[121.2058495,31.2857787],[121.2058454,31.2858005],[121.2058534,31.2858235],[121.2058602,31.28585],[121.2058762,31.2858691],[121.2058885,31.2858836],[121.2062342,31.2862123],[121.2066871,31.2866631],[121.2067017,31.2866984],[121.2067474,31.2867395],[121.206841,31.2868076],[121.2069111,31.2868579],[121.206985,31.2869026],[121.2071087,31.2869322],[121.2071731,31.2869456],[121.2072326,31.2869375],[121.2073058,31.2869282],[121.207387,31.2869197],[121.2074604,31.2869222],[121.207543,31.2869345],[121.2076145,31.2869468],[121.207681,31.2869574],[121.2078596,31.2869713],[121.2080066,31.2869761],[121.2081811,31.2869487],[121.2084753,31.2868392],[121.2086873,31.2867092],[121.2088036,31.2866203],[121.2088584,31.2865416],[121.2089542,31.2863227],[121.208989,31.2862998],[121.2090841,31.2862372],[121.2093236,31.2861038],[121.209449,31.2860155],[121.2096111,31.2860487],[121.2096221,31.28601],[121.2097806,31.2860321],[121.2099501,31.2860192],[121.2100772,31.2859602],[121.2101601,31.285905],[121.210243,31.2858479],[121.2103019,31.2857649],[121.2103793,31.2856747],[121.2104143,31.2855697],[121.2105119,31.2853891],[121.210488,31.2852123],[121.2105396,31.2851202],[121.2106133,31.2850391],[121.2106869,31.2849636],[121.2107404,31.2848678],[121.2107643,31.2847241],[121.2107404,31.2845749],[121.2107432,31.2843763],[121.210798,31.2842052],[121.2109758,31.2840889],[121.2112221,31.2839966],[121.2114582,31.2839076],[121.2116874,31.2837811],[121.21179,31.2835963],[121.2117968,31.2834869],[121.211766,31.2833637],[121.211766,31.2833408],[121.211766,31.2832508],[121.2118105,31.2831687],[121.2118703,31.2831245],[121.2119029,31.2831003],[121.2120021,31.2830627],[121.2121013,31.2830285],[121.2122894,31.2830456],[121.2124673,31.283114],[121.2126144,31.2830969],[121.2127581,31.2829293],[121.2128915,31.282748],[121.213042,31.2827138],[121.2131378,31.2827548],[121.213148,31.2828609],[121.2130728,31.282943],[121.2129154,31.2829874],[121.2128265,31.2831037],[121.2127752,31.2831516],[121.2126349,31.2832064],[121.2125768,31.2833329],[121.2125939,31.2834356],[121.2125904,31.2835279],[121.2124023,31.2836134],[121.2124194,31.283699],[121.212351,31.2838118],[121.2119644,31.284],[121.2118687,31.2840992],[121.2118173,31.2842052],[121.2118468,31.2844238],[121.2118678,31.2845797],[121.2118714,31.2847059],[121.2118287,31.284782],[121.2117517,31.2848477],[121.2116788,31.2848743],[121.2115969,31.2848772],[121.2115067,31.2848772],[121.2114258,31.2848944],[121.2112712,31.2849566],[121.2111751,31.285008],[121.2111198,31.2850706],[121.2110424,31.2850817],[121.2108756,31.2852379],[121.2107919,31.2853525],[121.2107532,31.2854649],[121.2107291,31.2855619],[121.2106998,31.285686],[121.21072,31.2857541],[121.21072,31.2858849],[121.210685,31.2859715],[121.2105598,31.2861097],[121.210475,31.2861741],[121.2103479,31.286222],[121.2102318,31.2862607],[121.2101213,31.2862865],[121.2099242,31.2863068],[121.2097676,31.286316],[121.2097215,31.2862773],[121.2096486,31.2862611],[121.2095015,31.2863466],[121.2094604,31.286374],[121.2094604,31.2863979],[121.2093544,31.2864629],[121.2093236,31.286439],[121.2092654,31.2864732],[121.2091535,31.2865674],[121.2091392,31.2866076],[121.2091707,31.2866736],[121.2091018,31.2868143],[121.2089928,31.2869291],[121.2088779,31.2870124],[121.2086712,31.2871071],[121.2085564,31.2871186],[121.2084444,31.2871014],[121.2083525,31.2872019],[121.2082923,31.2873196],[121.2082894,31.2876181],[121.2083554,31.2877215],[121.2084157,31.2878708],[121.2084157,31.2881234],[121.2085191,31.2882842],[121.2086368,31.2884449],[121.2087844,31.2886346],[121.2091665,31.2891258],[121.2095075,31.2895461],[121.209544,31.2895756],[121.2096497,31.2896612],[121.2098587,31.2898275],[121.2100305,31.2899684],[121.2102367,31.2901852],[121.2103805,31.290359],[121.2104257,31.2904876],[121.2104739,31.2906269],[121.2105074,31.2907706],[121.2105155,31.2909472],[121.2105155,31.2910944],[121.2105051,31.2912106],[121.210489,31.2912841],[121.210467,31.2913845],[121.2104287,31.2914991],[121.2103963,31.2916811],[121.2103751,31.2918344],[121.2103748,31.2919904],[121.2104103,31.2922439],[121.2105301,31.2923695],[121.2106934,31.2925444],[121.2107656,31.2926676],[121.2107672,31.2927662],[121.2107655,31.2928846],[121.2107476,31.2929838],[121.2105603,31.2929924],[121.2105771,31.2927401],[121.2105639,31.2926813],[121.2105165,31.2926209],[121.2104324,31.2925487],[121.2103095,31.2924044],[121.2102272,31.2922709],[121.2101882,31.2920994],[121.2101789,31.2919412],[121.210176,31.2918082],[121.2102002,31.2916189],[121.2102375,31.2914226],[121.2102894,31.2912543],[121.2103149,31.2911562],[121.2103237,31.2909462],[121.2103064,31.2907557],[121.2102712,31.2906023],[121.210231,31.2905038],[121.2101433,31.2903813],[121.2100403,31.2902533],[121.2099287,31.2901385],[121.2097999,31.2900202],[121.2093823,31.2896789],[121.2093366,31.2896415],[121.2092852,31.2895781],[121.2092486,31.289533],[121.2090703,31.2893139],[121.2086076,31.2887451],[121.2084513,31.288553],[121.208335,31.2883957],[121.2082084,31.288211],[121.2081947,31.2879373],[121.2081571,31.2878039],[121.2080819,31.2876842],[121.2079868,31.2876175],[121.2078458,31.287561]],[[121.2119815,31.283138],[121.21192,31.2831927],[121.2119165,31.2832679],[121.211896,31.2833945],[121.2119405,31.2834766],[121.21205,31.2834937],[121.2120807,31.2833979],[121.2121492,31.2833193],[121.2121868,31.2831516],[121.2120807,31.2831003],[121.2119815,31.283138]],[[121.212866,31.2804808],[121.2128541,31.2804853],[121.2128565,31.280505],[121.2128355,31.2805069],[121.2128332,31.2804917],[121.2128057,31.2804912],[121.2127418,31.2805442],[121.2127284,31.2805837],[121.2127427,31.2805894],[121.2127471,31.2805963],[121.2127826,31.2806215],[121.2128097,31.2806291],[121.2128451,31.2806273],[121.2128405,31.2806119],[121.2128608,31.2806057],[121.2128731,31.2806136],[121.2129041,31.2805858],[121.2129127,31.2805695],[121.2129122,31.2805528],[121.2129024,31.2805522],[121.2128997,31.2805422],[121.212917,31.2805406],[121.2129129,31.2805172],[121.2129042,31.2805123],[121.2129018,31.2805042],[121.2128909,31.2804959],[121.2128817,31.2804852],[121.212866,31.2804808]]]}},
{"type":"Feature","id":"relation/7099861","properties":{"category":"academic","center":[121.2105862,31.28808715],"campus":true,"name":"仰望星空","building":"university"},"geometry":{"type":"Polygon","coordinates":[[[121.2105544,31.2884116],[121.2104873,31.2883251],[121.210313,31.2881025],[121.2102233,31.2879884],[121.2106165,31.2877627],[121.2106658,31.2878254],[121.2108933,31.2881158],[121.2109491,31.2881883],[121.2105544,31.2884116]],[[121.2104245,31.288047],[121.2104261,31.2880889],[121.2104425,31.2881283],[121.2104722,31.2881617],[121.2105122,31.2881858],[121.210559,31.2881984],[121.210608,31.2881983],[121.2106546,31.2881855],[121.2106989,31.2881574],[121.2107294,31.2881181],[121.2107424,31.2880723],[121.2107364,31.2880255],[121.2107122,31.2879859],[121.2106724,31.2879504],[121.2106221,31.2879312],[121.2105671,31.2879277],[121.210514,31.2879405],[121.2104691,31.2879679],[121.2104379,31.2880067],[121.2104245,31.288047]]]}},
{"type":"Feature","id":"way/135382292","properties":{"category":"green","center":[121.20911765,31.28750615],"campus":true,"landuse":"grass"},"geometry":{"type":"Polygon","coordinates":[[[121.2086368,31.2884449],[121.2085191,31.2882842],[121.2084157,31.2881234],[121.2084157,31.2878708],[121.2083554,31.2877215],[121.2082894,31.2876181],[121.2082923,31.2873196],[121.2083525,31.2872019],[121.2084444,31.2871014],[121.2085564,31.2871186],[121.2086712,31.2871071],[121.2088779,31.2870124],[121.2089928,31.2869291],[121.2091018,31.2868143],[121.2091707,31.2866736],[121.2091392,31.2866076],[121.2091535,31.2865674],[121.209943,31.2875693],[121.2099459,31.2876296],[121.2098942,31.2876842],[121.2092971,31.2880746],[121.2086368,31.2884449]]]}},
{"type":"Feature","id":"way/135382294","properties":{"category":"green","center":[121.2100882,31.28530885],"campus":true,"landuse":"grass"},"geometry":{"type":"Polygon","coordinates":[[[121.2094121,31.2859455],[121.2096498,31.2857649],[121.2098395,31.2855715],[121.2099777,31.2853928],[121.2100809,31.2851957],[121.2101343,31.285052],[121.2101656,31.2848973],[121.2101988,31.2846928],[121.2102306,31.284569],[121.2107404,31.2845749],[121.2107643,31.2847241],[121.2107404,31.2848678],[121.2106869,31.2849636],[121.2106133,31.2850391],[121.2105396,31.2851202],[121.210488,31.2852123],[121.2105119,31.2853891],[121.2104143,31.2855697],[121.2103793,31.2856747],[121.2103019,31.2857649],[121.210243,31.2858479],[121.2101601,31.285905],[121.2100772,31.2859602],[121.2099501,31.2860192],[121.2097806,31.2860321],[121.2096221,31.28601],[121.2096111,31.2860487],[121.209449,31.2860155],[121.2094121,31.2859455]]]}},
{"type":"Feature","id":"way/135382296","properties":{"category":"green","center":[121.2114043,31.2859384],"campus":true,"landuse":"grass"},"geometry":{"type":"Polygon","coordinates":[[[121.2096642,31.2862972],[121.2097215,31.2862773],[121.2097676,31.286316],[121.2099242,31.2863068],[121.2101213,31.2862865],[121.2102318,31.2862607],[121.2103479,31.286222],[121.210475,31.2861741],[121.2105598,31.2861097],[121.210685,31.2859715],[121.21072,31.2858849],[121.21072,31.2857541],[121.2106998,31.285686],[121.2107291,31.2855619],[121.2107532,31.2854649],[121.2107919,31.2853525],[121.2108756,31.2852379],[121.2110424,31.2850817],[121.2111198,31.2850706],[121.2111751,31.285008],[121.2112712,31.2849566],[121.2114258,31.2848944],[121.2115067,31.2848772],[121.2115969,31.2848772],[121.2116788,31.2848743],[121.2117517,31.2848477],[121.2118287,31.284782],[121.2118714,31.2847059],[121.2118678,31.2845789],[121.2127571,31.284583],[121.2127336,31.2849859],[121.2127447,31.2850577],[121.2127718,31.2851581],[121.2127999,31.2852328],[121.2128312,31.2852972],[121.2129805,31.2854778],[121.2130984,31.2856178],[121.2131113,31.2856675],[121.2131444,31.2857277],[121.2105877,31.2872768],[121.210534,31.2872979],[121.2104713,31.2872935],[121.2104271,31.287274],[121.210388,31.2872336],[121.2098485,31.2865257],[121.2096642,31.2862972]]]}},
{"type":"Feature","id":"way/135405204","properties":{"category":"academic","center":[121.20946615,31.285149699999998],"campus":true,"name":"济人楼（中德学院）","building":"university"},"geometry":{"type":"Polygon","coordinates":[[[121.2093717,31.2855944],[121.2089834,31.2853151],[121.2090451,31.2852493],[121.2091375,31.2851364],[121.2091786,31.2850672],[121.2092094,31.2850152],[121.2092751,31.2848817],[121.2093244,31.2847132],[121.2096777,31.2847132],[121.2099468,31.284705],[121.2099489,31.285007],[121.2097599,31.2850029],[121.2097065,31.2851549],[121.2096243,31.2853007],[121.2094929,31.2854527],[121.2093717,31.2855944]]]}},
{"type":"Feature","id":"way/135405205","properties":{"category":"academic","center":[121.20977479999999,31.28369685],"campus":true,"name":"济事楼（软件学院）","building":"university","building:levels":"5"},"geometry":{"type":"Polygon","coordinates":[[[121.2102421,31.2837688],[121.2101003,31.2838715],[121.2100654,31.2839002],[121.2100346,31.2839475],[121.2100367,31.2840235],[121.2100346,31.2842166],[121.2095605,31.2842259],[121.2093075,31.2842309],[121.2093124,31.2840102],[121.2093177,31.2837729],[121.2093444,31.2836907],[121.2093999,31.2835962],[121.2095457,31.2834689],[121.210012,31.2831628],[121.2101599,31.2833169],[121.2099401,31.283475],[121.2095889,31.2837195],[121.2095478,31.2838037],[121.209554,31.2840871],[121.2097696,31.2840789],[121.2097676,31.283931],[121.2098087,31.2838448],[121.2098806,31.2837626],[121.2100921,31.2836229],[121.2102421,31.2837688]]]}},
{"type":"Feature","id":"way/135406217","properties":{"category":"sport","center":[121.2115573,31.2902365],"campus":true,"name":"运动场","leisure":"pitch","sport":"soccer"},"geometry":{"type":"Polygon","coordinates":[[[121.210962,31.2899938],[121.2115477,31.2896729],[121.2121526,31.2904792],[121.2115669,31.2908001],[121.210962,31.2899938]]]}},
{"type":"Feature","id":"way/135485623","properties":{"category":"water","center":[121.21511595,31.291143050000002],"campus":true,"natural":"water"},"geometry":{"type":"Polygon","coordinates":[[[121.2150127,31.2906103],[121.214926,31.290751],[121.2147988,31.2914858],[121.2147291,31.2917894],[121.2144911,31.2925173],[121.2144007,31.2927425],[121.2142707,31.2927706],[121.2145762,31.2917287],[121.2147764,31.2907628],[121.2148063,31.2905517],[121.2145047,31.2904757],[121.2143077,31.2904038],[121.2141457,31.2902316],[121.2140754,31.2900116],[121.2140582,31.2897963],[121.2141767,31.289749],[121.2142964,31.2895155],[121.2149888,31.2895348],[121.2152015,31.2896291],[121.2152278,31.2898359],[121.2154163,31.2898205],[121.2155119,31.2899744],[121.2156018,31.2900769],[121.2157734,31.2902608],[121.2158911,31.2903482],[121.2160307,31.2903031],[121.2161737,31.2903044],[121.2160057,31.2904569],[121.2158024,31.2905666],[121.2155744,31.2906216],[121.2153598,31.2906239],[121.2151211,31.2906262],[121.2150127,31.2906103]]]}},
{"type":"Feature","id":"way/263913980","properties":{"category":"living","center":[121.21318035,31.29006085],"campus":true,"name":"友园11号楼","building":"dormitory","building:levels":"7"},"geometry":{"type":"Polygon","coordinates":[[[121.2127866,31.2903908],[121.2127038,31.2902691],[121.2130914,31.2900764],[121.2130795,31.2900589],[121.2131396,31.290029],[121.2131296,31.2900142],[121.2131964,31.2899811],[121.2131836,31.2899623],[121.2132342,31.2899372],[121.2132214,31.2899183],[121.2132778,31.2898903],[121.2132657,31.2898724],[121.2133278,31.2898415],[121.2133156,31.2898237],[121.2135021,31.2897309],[121.2136569,31.2899582],[121.2128507,31.2903596],[121.2128258,31.2903713],[121.2127866,31.2903908]]]}},
{"type":"Feature","id":"way/263913981","properties":{"category":"green","center":[121.2103256,31.28757485],"campus":true,"landuse":"grass"},"geometry":{"type":"Polygon","coordinates":[[[121.2103688,31.2874431],[121.2104173,31.2874628],[121.2104556,31.287495],[121.2104794,31.2875361],[121.2104859,31.2875817],[121.2104746,31.2876265],[121.2104467,31.2876657],[121.2104052,31.2876948],[121.2103548,31.2877107],[121.2103011,31.2877115],[121.2102513,31.2876977],[121.2102094,31.287671],[121.2101796,31.2876342],[121.2101653,31.2875912],[121.2101679,31.2875465],[121.210187,31.2875049],[121.2102208,31.2874708],[121.2102657,31.2874477],[121.2103168,31.2874382],[121.2103688,31.2874431]]]}},
{"type":"Feature","id":"way/263913982","properties":{"category":"green","center":[121.20983735,31.286956449999998],"campus":true,"landuse":"grass"},"geometry":{"type":"Polygon","coordinates":[[[121.2100701,31.287361],[121.2100392,31.2873627],[121.2100191,31.2873593],[121.2099963,31.2873455],[121.2094585,31.286651],[121.2094692,31.2866407],[121.2094907,31.2866579],[121.2095081,31.2866625],[121.2095296,31.2866544],[121.209537,31.2866948],[121.2095631,31.2867221],[121.2095899,31.2867324],[121.2096127,31.2867415],[121.2096382,31.2867415],[121.209661,31.2867335],[121.2096838,31.2867175],[121.2097013,31.2866969],[121.2097133,31.2866762],[121.2097147,31.2866579],[121.2097053,31.2866361],[121.2096838,31.2866089],[121.209649,31.2865868],[121.2096785,31.2865502],[121.2102109,31.2872481],[121.2102162,31.2872653],[121.2102109,31.2872802],[121.2102001,31.287294],[121.2100701,31.287361]]]}},
{"type":"Feature","id":"way/263913983","properties":{"category":"green","center":[121.2089663,31.2857983],"campus":true,"landuse":"grass"},"geometry":{"type":"Polygon","coordinates":[[[121.2090414,31.2860997],[121.2090106,31.2860986],[121.208682,31.2855851],[121.208721,31.2855616],[121.2087354,31.2855823],[121.2088149,31.285537],[121.2087961,31.2855162],[121.2088309,31.2854969],[121.2092506,31.2859576],[121.2092413,31.2859771],[121.2090414,31.2860997]]]}},
{"type":"Feature","id":"way/263913988","properties":{"category":"academic","center":[121.20695065000001,31.2860519],"campus":true,"name":"同心楼（经济与管理学院）","building":"university"},"geometry":{"type":"Polygon","coordinates":[[[121.2076118,31.2858722],[121.2074486,31.2858728],[121.2074475,31.2860894],[121.2075528,31.2860894],[121.2075501,31.2861788],[121.2075756,31.28618],[121.2075729,31.2862705],[121.207074,31.2862694],[121.2070472,31.2862705],[121.2070257,31.2862762],[121.2070043,31.2862866],[121.2069828,31.286298],[121.2067884,31.2864447],[121.2066998,31.2863542],[121.2067253,31.2863335],[121.2066717,31.2862854],[121.206901,31.2861295],[121.2069439,31.2861078],[121.2069935,31.2860952],[121.2070633,31.2860894],[121.2073421,31.2860894],[121.2073442,31.2858732],[121.2069842,31.2858745],[121.2069439,31.2858791],[121.2069198,31.2858883],[121.2068822,31.2859135],[121.2067615,31.285996],[121.2067401,31.2859777],[121.2067428,31.2860304],[121.2067347,31.2860694],[121.2067106,31.286106],[121.206665,31.2861473],[121.2066194,31.2861702],[121.206563,31.2861817],[121.206504,31.2861771],[121.2064558,31.2861611],[121.2064128,31.286145],[121.2063726,31.2861152],[121.2063485,31.2860923],[121.2063243,31.2860648],[121.2063029,31.2860258],[121.2062921,31.2859868],[121.2062868,31.285941],[121.2062948,31.285902],[121.2063136,31.2858585],[121.2063404,31.2858264],[121.2063753,31.2858035],[121.2064263,31.2857805],[121.2064772,31.285776],[121.2065174,31.2857783],[121.2065711,31.2857897],[121.2066355,31.2858126],[121.2067776,31.2857141],[121.2068339,31.2856843],[121.206901,31.2856682],[121.2069681,31.2856614],[121.2073663,31.28566],[121.2076145,31.2856591],[121.2076118,31.2858722]]]}},
{"type":"Feature","id":"way/263914726","properties":{"category":"living","center":[121.21362895,31.2875394],"campus":true,"name":"友园7号楼","building":"dormitory","building:levels":"7"},"geometry":{"type":"Polygon","coordinates":[[[121.2131206,31.2878617],[121.2130938,31.2878319],[121.2129812,31.287864],[121.212949,31.2877861],[121.2130777,31.2877517],[121.2131448,31.2877242],[121.2132387,31.2876737],[121.2133138,31.2876256],[121.2133969,31.2875775],[121.2134318,31.2875477],[121.2134801,31.2875087],[121.2135176,31.2874629],[121.2135659,31.2874101],[121.2136142,31.2873597],[121.2136759,31.2873024],[121.2137429,31.2872566],[121.2138046,31.2872153],[121.2138797,31.2871764],[121.2139682,31.2871466],[121.2140433,31.2871213],[121.2141292,31.2870984],[121.2141828,31.2870824],[121.2142338,31.2871488],[121.2142056,31.2871655],[121.2142431,31.2872113],[121.2142606,31.2872021],[121.2143089,31.287256],[121.2136158,31.2876719],[121.2135872,31.287689],[121.213075,31.2879964],[121.2130134,31.2879253],[121.2131206,31.2878617]]]}},
{"type":"Feature","id":"way/263914727","properties":{"category":"living","center":[121.21341530000001,31.290453499999998],"campus":true,"name":"友园12号楼","building":"dormitory","building:levels":"7"},"geometry":{"type":"Polygon","coordinates":[[[121.2129689,31.2907068],[121.2128983,31.2905806],[121.2129458,31.290561],[121.2129777,31.2905478],[121.2138194,31.2902002],[121.2139323,31.2904167],[121.213747,31.2904924],[121.2137388,31.2904778],[121.2136723,31.290505],[121.2136652,31.2904922],[121.2135955,31.2905207],[121.2135868,31.2905051],[121.21353,31.2905284],[121.21352,31.2905105],[121.2134514,31.2905385],[121.2134438,31.2905249],[121.2133697,31.2905552],[121.2133642,31.2905453],[121.2129689,31.2907068]]]}},
{"type":"Feature","id":"way/263914728","properties":{"category":"living","center":[121.2135957,31.29087595],"campus":true,"name":"友园13号楼","building":"dormitory","building:levels":"7"},"geometry":{"type":"Polygon","coordinates":[[[121.2131647,31.2910923],[121.2131073,31.2909669],[121.2140268,31.2906596],[121.2140841,31.2907849],[121.213245,31.2910654],[121.2132177,31.2910746],[121.2131647,31.2910923]]]}},
{"type":"Feature","id":"way/263914729","properties":{"category":"living","center":[121.213742,31.291237549999998],"campus":true,"name":"友园14号楼","building":"dormitory","building:levels":"7"},"geometry":{"type":"Polygon","coordinates":[[[121.2132958,31.2914329],[121.2132451,31.2912945],[121.2132967,31.2912807],[121.2133225,31.2912738],[121.2141882,31.2910422],[121.2142389,31.2911805],[121.2133596,31.2914158],[121.2133365,31.291422],[121.2132958,31.2914329]]]}},
{"type":"Feature","id":"way/263914730","properties":{"category":"living","center":[121.21386964999999,31.29161045],"campus":true,"name":"友园15号楼","building":"dormitory","building:levels":"7"},"geometry":{"type":"Polygon","coordinates":[[[121.2134034,31.2917781],[121.2133645,31.2916336],[121.2134061,31.2916254],[121.2134313,31.2916205],[121.214336,31.2914428],[121.2143748,31.2915873],[121.2134034,31.2917781]]]}},
{"type":"Feature","id":"way/263914852","properties":{"category":"sport","center":[121.21089860000001,31.29061105],"campus":true,"name":"网球场","leisure":"pitch","sport":"tennis"},"geometry":{"type":"Polygon","coordinates":[[[121.2113368,31.2908688],[121.2112334,31.2909311],[121.2111618,31.290973],[121.2110464,31.2910422],[121.2109832,31.2909677],[121.2104604,31.2903517],[121.2107474,31.2901799],[121.2109566,31.2904352],[121.2113368,31.2908688]]]}},
{"type":"Feature","id":"way/263914854","properties":{"category":"sport","center":[121.2103412,31.2894884],"campus":true,"name":"篮球场","leisure":"pitch","sport":"basketball"},"geometry":{"type":"Polygon","coordinates":[[[121.210138,31.289987],[121.2097234,31.2894845],[121.2105444,31.2889898],[121.210959,31.2894923],[121.210138,31.289987]]]}},
{"type":"Feature","id":"way/263922887","properties":{"category":"living","center":[121.21415415000001,31.2877914],"campus":true,"name":"友园8号楼","building":"dormitory","building:levels":"6"},"geometry":{"type":"Polygon","coordinates":[[[121.21382,31.2880845],[121.2137093,31.2879359],[121.2137678,31.2879046],[121.2137986,31.2878881],[121.2138516,31.2878598],[121.2139287,31.2878142],[121.2139782,31.2877804],[121.2140236,31.2877449],[121.2140513,31.2877162],[121.2140849,31.2876892],[121.2141205,31.2876621],[121.214166,31.2876284],[121.2142095,31.2876013],[121.214255,31.2875827],[121.2143182,31.287554],[121.2143914,31.2875219],[121.2144468,31.287505],[121.2144804,31.2874983],[121.214599,31.2876672],[121.21382,31.2880845]]]}},
{"type":"Feature","id":"way/263922888","properties":{"category":"living","center":[121.2143637,31.2882273],"campus":true,"name":"友园9号楼","building":"dormitory"},"geometry":{"type":"Polygon","coordinates":[[[121.2139722,31.2884343],[121.2139149,31.2882653],[121.2140632,31.2882299],[121.2141403,31.2882096],[121.2142036,31.2881825],[121.2142728,31.2881488],[121.2143459,31.288115],[121.2143855,31.2880947],[121.214423,31.2880812],[121.2144962,31.2880609],[121.2145733,31.2880389],[121.2146524,31.2880288],[121.2147018,31.2880254],[121.2147512,31.2880203],[121.2148125,31.2882163],[121.214064,31.2884105],[121.2140319,31.2884188],[121.2139722,31.2884343]]]}},
{"type":"Feature","id":"way/263922889","properties":{"category":"living","center":[121.2144339,31.2886793],"campus":true,"name":"友园10号楼","building":"dormitory","building:levels":"7"},"geometry":{"type":"Polygon","coordinates":[[[121.2140118,31.288806],[121.2140078,31.2886235],[121.2140795,31.2886216],[121.2141191,31.2886206],[121.2141996,31.2886185],[121.2142708,31.2886117],[121.2143459,31.2886016],[121.214423,31.2885796],[121.2145061,31.2885627],[121.2145832,31.2885526],[121.2146702,31.2885526],[121.2147512,31.2885543],[121.2148244,31.2885627],[121.21486,31.2885695],[121.2148521,31.2887773],[121.2140118,31.288806]]]}},
{"type":"Feature","id":"way/263922890","properties":{"category":"academic","center":[121.21404305,31.288519450000003],"campus":true,"building":"university","building:levels":"2"},"geometry":{"type":"Polygon","coordinates":[[[121.2141916,31.2885607],[121.21411,31.2885746],[121.21407,31.2885814],[121.2139243,31.2886062],[121.2138945,31.2884782],[121.2140427,31.288453],[121.2140766,31.2884472],[121.2141618,31.2884327],[121.2141916,31.2885607]]]}},
{"type":"Feature","id":"way/263922891","properties":{"category":"academic","center":[121.21409455,31.2885981],"campus":true,"building":"university"},"geometry":{"type":"Polygon","coordinates":[[[121.2140795,31.2886216],[121.21407,31.2885814],[121.21411,31.2885746],[121.2141191,31.2886206],[121.2140795,31.2886216]]]}},
{"type":"Feature","id":"way/263922892","properties":{"category":"academic","center":[121.21405425,31.28843175],"campus":true,"building":"university"},"geometry":{"type":"Polygon","coordinates":[[[121.2140427,31.288453],[121.2140319,31.2884188],[121.214064,31.2884105],[121.2140766,31.2884472],[121.2140427,31.288453]]]}},
{"type":"Feature","id":"way/263922893","properties":{"category":"academic","center":[121.21368294999999,31.28778935],"campus":true,"building":"university","building:levels":"2"},"geometry":{"type":"Polygon","coordinates":[[[121.2138188,31.2877811],[121.2137501,31.2878193],[121.2137193,31.2878365],[121.2136191,31.2878922],[121.2135471,31.2877976],[121.2136347,31.2877489],[121.213665,31.287732],[121.2137468,31.2876865],[121.2138188,31.2877811]]]}},
{"type":"Feature","id":"way/263922894","properties":{"category":"academic","center":[121.21375895,31.28786195],"campus":true,"building":"university"},"geometry":{"type":"Polygon","coordinates":[[[121.2137678,31.2879046],[121.2137193,31.2878365],[121.2137501,31.2878193],[121.2137986,31.2878881],[121.2137678,31.2879046]]]}},
{"type":"Feature","id":"way/263922895","properties":{"category":"academic","center":[121.2136261,31.2877104],"campus":true,"building":"university"},"geometry":{"type":"Polygon","coordinates":[[[121.2136347,31.2877489],[121.2135872,31.287689],[121.2136158,31.2876719],[121.213665,31.287732],[121.2136347,31.2877489]]]}},
{"type":"Feature","id":"way/263922896","properties":{"category":"place","center":[121.2169984,31.29128685],"campus":false,"building":"apartments","building:levels":"11"},"geometry":{"type":"Polygon","coordinates":[[[121.2168043,31.291374],[121.2167926,31.2913219],[121.2167765,31.2913253],[121.2167631,31.291276],[121.2169215,31.2912463],[121.2171696,31.2911997],[121.217178,31.291234],[121.2172282,31.291225],[121.2172337,31.2912474],[121.2172102,31.2912516],[121.2172219,31.2912991],[121.2170119,31.2913368],[121.2168043,31.291374]]]}},
{"type":"Feature","id":"way/263922897","properties":{"category":"place","center":[121.21782375,31.291182300000003],"campus":false,"building":"apartments","building:levels":"11"},"geometry":{"type":"Polygon","coordinates":[[[121.2174762,31.2911726],[121.2176717,31.2911536],[121.2180417,31.2911176],[121.2180394,31.2911002],[121.2180967,31.2910946],[121.2180997,31.2911167],[121.2181677,31.2911101],[121.2181713,31.2911582],[121.2181131,31.2911644],[121.2181229,31.2912115],[121.2175135,31.29127],[121.2175075,31.2912245],[121.2174833,31.2912269],[121.2174762,31.2911726]]]}},
{"type":"Feature","id":"way/263922903","properties":{"category":"academic","center":[121.2100364,31.2886992],"campus":true,"name":"诚楼（C楼）","building":"university"},"geometry":{"type":"Polygon","coordinates":[[[121.2105748,31.2885035],[121.2103329,31.288647],[121.209705,31.2890186],[121.2096256,31.2890657],[121.209498,31.2889086],[121.2101208,31.2885394],[121.2101633,31.2885139],[121.2102128,31.2884838],[121.2103303,31.2883327],[121.210402,31.2883734],[121.2104487,31.2883468],[121.2105154,31.2884335],[121.2105748,31.2885035]]]}},
{"type":"Feature","id":"way/263922904","properties":{"category":"academic","center":[121.20970555,31.2883004],"campus":true,"name":"博楼（B楼）","building":"university"},"geometry":{"type":"Polygon","coordinates":[[[121.2093333,31.2886877],[121.2091538,31.2884674],[121.2096596,31.2881664],[121.209675,31.2881571],[121.2100752,31.2879131],[121.2101651,31.2880207],[121.2102573,31.2881352],[121.2099137,31.288342],[121.2098712,31.2883676],[121.2093333,31.2886877]]]}},
{"type":"Feature","id":"way/263922907","properties":{"category":"academic","center":[121.21241545000001,31.28727795],"campus":true,"name":"华楼（H楼）","building":"university"},"geometry":{"type":"Polygon","coordinates":[[[121.211933,31.2876888],[121.2118009,31.2875289],[121.2128979,31.2868671],[121.21303,31.287027],[121.211933,31.2876888]]]}},
{"type":"Feature","id":"way/263922908","properties":{"category":"academic","center":[121.21216975,31.286834149999997],"campus":true,"name":"广楼（G楼）","building":"university"},"geometry":{"type":"Polygon","coordinates":[[[121.2117866,31.2872365],[121.2115978,31.2870079],[121.2125529,31.2864318],[121.2127417,31.2866604],[121.2117866,31.2872365]]]}},
{"type":"Feature","id":"way/263922909","properties":{"category":"green","center":[121.20841555,31.28660575],"campus":true,"landuse":"grass"},"geometry":{"type":"Polygon","coordinates":[[[121.208989,31.2862998],[121.2089542,31.2863227],[121.2088584,31.2865416],[121.2088036,31.2866203],[121.2086873,31.2867092],[121.2084753,31.2868392],[121.2081811,31.2869487],[121.2080066,31.2869761],[121.2078596,31.2869713],[121.2078421,31.286804],[121.2078575,31.2865471],[121.2078628,31.2865081],[121.2079058,31.2864738],[121.2079594,31.28646],[121.2081069,31.2864669],[121.2083403,31.2864371],[121.2084409,31.2864162],[121.2085173,31.2864004],[121.2087399,31.2863339],[121.2089357,31.2862354],[121.208989,31.2862998]]]}},
{"type":"Feature","id":"way/263925946","properties":{"category":"academic","center":[121.2083958,31.28586895],"campus":true,"name":"同德楼","building":"university"},"geometry":{"type":"Polygon","coordinates":[[[121.2080609,31.2861223],[121.2080681,31.2856853],[121.2081546,31.2857079],[121.2081546,31.2857264],[121.2082434,31.285715],[121.2082986,31.2857079],[121.2082938,31.2856833],[121.2083586,31.2856689],[121.2084214,31.2856552],[121.2084882,31.2856361],[121.2085459,31.2856135],[121.2087307,31.2860115],[121.2083946,31.2860956],[121.2083274,31.2858577],[121.2081618,31.2858741],[121.2081522,31.2861244],[121.2080609,31.2861223]]]}},
{"type":"Feature","id":"way/263926504","properties":{"category":"academic","center":[121.20948204999999,31.284461800000003],"campus":true,"name":"启后门","building":"yes"},"geometry":{"type":"Polygon","coordinates":[[[121.2095575,31.2846011],[121.2094074,31.2846015],[121.2094066,31.2843225],[121.2095566,31.2843221],[121.2095575,31.2846011]]]}},
{"type":"Feature","id":"way/263926505","properties":{"category":"academic","center":[121.2077927,31.28576825],"campus":true,"name":"承前门","building":"yes"},"geometry":{"type":"Polygon","coordinates":[[[121.2076387,31.2858301],[121.2076395,31.285705],[121.2079467,31.2857064],[121.2079459,31.2858315],[121.2076387,31.2858301]]]}},
{"type":"Feature","id":"way/263927453","properties":{"category":"green","center":[121.2132623,31.2865009],"campus":true,"landuse":"grass"},"geometry":{"type":"Polygon","coordinates":[[[121.2133043,31.2870907],[121.2127066,31.2863501],[121.2126393,31.286387],[121.2125937,31.2863255],[121.2132755,31.2859111],[121.2139309,31.2867153],[121.2133043,31.2870907]]]}},
{"type":"Feature","id":"way/263927454","properties":{"category":"green","center":[121.21371255,31.287235850000002],"campus":true,"landuse":"grass"},"geometry":{"type":"Polygon","coordinates":[[[121.2133138,31.2876256],[121.2131332,31.2874091],[121.2131303,31.2873916],[121.2140106,31.2868561],[121.2140426,31.2868461],[121.2140718,31.2868511],[121.2140863,31.2868611],[121.2142948,31.2871151],[121.2142338,31.2871488],[121.2141828,31.2870824],[121.2141292,31.2870984],[121.2140433,31.2871213],[121.2139682,31.2871466],[121.2138797,31.2871764],[121.2138046,31.2872153],[121.2137429,31.2872566],[121.2136759,31.2873024],[121.2136142,31.2873597],[121.2135659,31.2874101],[121.2135176,31.2874629],[121.2134801,31.2875087],[121.2134318,31.2875477],[121.2133969,31.2875775],[121.2133138,31.2876256]]]}},
{"type":"Feature","id":"way/263927455","properties":{"category":"food","center":[121.21341344999999,31.28955935],"campus":true,"name":"秋谷苑餐厅（二食堂）","building":"yes","amenity":"restaurant"},"geometry":{"type":"Polygon","coordinates":[[[121.2131167,31.2897655],[121.2131436,31.2895283],[121.2131647,31.2893429],[121.2133999,31.2893637],[121.2135128,31.2893737],[121.2136244,31.2895462],[121.2136641,31.2895296],[121.2137102,31.2896035],[121.213604,31.2896568],[121.2135632,31.2895932],[121.2132103,31.2897758],[121.2131167,31.2897655]]]}},
{"type":"Feature","id":"way/263927456","properties":{"category":"sport","center":[121.21180265000001,31.292000350000002],"campus":true,"name":"同济大学嘉定校区体育中心","leisure":"stadium"},"geometry":{"type":"Polygon","coordinates":[[[121.2104891,31.2913738],[121.2107524,31.2913668],[121.2108805,31.2913634],[121.2110198,31.2913597],[121.2114242,31.291349],[121.2114519,31.291346],[121.2116535,31.2913241],[121.2117456,31.2912979],[121.2118718,31.2912619],[121.2126068,31.2910007],[121.2126723,31.2910256],[121.2129343,31.2916506],[121.2130253,31.2919833],[121.2130798,31.292344],[121.213117,31.2927465],[121.2131235,31.2928166],[121.2131744,31.2928135],[121.213189,31.2929068],[121.2131238,31.292911],[121.2130347,31.2929167],[121.2126916,31.2929386],[121.2124049,31.2929569],[121.2118754,31.2929907],[121.2115298,31.293],[121.2113042,31.2929814],[121.2110058,31.292941],[121.2107838,31.2929565],[121.2108093,31.2926953],[121.2107838,31.2925958],[121.2107256,31.2925212],[121.2105036,31.2923004],[121.2104381,31.2921761],[121.21042,31.2919677],[121.2104163,31.2916754],[121.2104891,31.2913738]]]}},
{"type":"Feature","id":"way/263927458","properties":{"category":"academic","center":[121.20921665,31.290583650000002],"campus":true,"name":"通达馆（交通运输工程学院）","building":"university","building:levels":"7"},"geometry":{"type":"Polygon","coordinates":[[[121.2092523,31.2899493],[121.209721,31.2905155],[121.2097671,31.291199],[121.2093823,31.291218],[121.2093739,31.2910925],[121.2091434,31.2911039],[121.2091478,31.2911696],[121.2089363,31.2911801],[121.2088925,31.2905702],[121.2086662,31.2903006],[121.2089649,31.2901175],[121.2089871,31.2901439],[121.2090646,31.2902376],[121.2090904,31.2902695],[121.2090214,31.2903102],[121.2091231,31.2904362],[121.2094745,31.2904213],[121.2092378,31.2901314],[121.2091616,31.2900383],[121.2091428,31.2900155],[121.2092523,31.2899493]]]}},
{"type":"Feature","id":"way/263927460","properties":{"category":"academic","center":[121.20911244999999,31.290137950000002],"campus":true,"building":"college"},"geometry":{"type":"Polygon","coordinates":[[[121.2090646,31.2902376],[121.2089871,31.2901439],[121.2091616,31.2900383],[121.2092378,31.2901314],[121.2090646,31.2902376]]]}},
{"type":"Feature","id":"way/263927461","properties":{"category":"academic","center":[121.20522550000001,31.287472],"campus":true,"name":"惟新馆（艺术与传媒学院）","building":"university"},"geometry":{"type":"Polygon","coordinates":[[[121.205695,31.2871783],[121.2056926,31.2874832],[121.2056903,31.2877711],[121.204756,31.2877657],[121.2047607,31.2871729],[121.2049054,31.2871737],[121.205695,31.2871783]]]}},
{"type":"Feature","id":"way/263927462","properties":{"category":"sport","center":[121.2058363,31.2886445],"campus":true,"name":"高尔夫练习场","leisure":"golf_course"},"geometry":{"type":"Polygon","coordinates":[[[121.2057243,31.2890238],[121.2057056,31.289033],[121.2056841,31.289033],[121.2056667,31.2890284],[121.2056492,31.2890216],[121.205208,31.2886445],[121.2051986,31.2886239],[121.2052,31.2886101],[121.2052026,31.2885929],[121.2052147,31.2885712],[121.2054615,31.2883649],[121.2055017,31.2883282],[121.2055312,31.2882938],[121.2055527,31.288256],[121.2056425,31.2883018],[121.2057766,31.2883247],[121.2058209,31.2883649],[121.2058812,31.2883855],[121.2059349,31.2883992],[121.2059858,31.288397],[121.2060194,31.2883878],[121.206069,31.2883603],[121.2062044,31.2883442],[121.20625,31.2883144],[121.2064338,31.2883672],[121.2064445,31.2883477],[121.206474,31.2883752],[121.206466,31.2884176],[121.2057243,31.2890238]]]}},
{"type":"Feature","id":"way/263927463","properties":{"category":"place","center":[121.20575185,31.2888537],"campus":true,"natural":"sand"},"geometry":{"type":"Polygon","coordinates":[[[121.2057807,31.2889196],[121.2057646,31.288915],[121.2057458,31.28886],[121.2057136,31.2888279],[121.2057042,31.2888176],[121.2057002,31.2888027],[121.2057109,31.28879],[121.205727,31.2887878],[121.2057538,31.2887935],[121.2057766,31.2888084],[121.2057994,31.2888325],[121.2058035,31.288868],[121.2058008,31.2889035],[121.2057807,31.2889196]]]}},
{"type":"Feature","id":"way/263927464","properties":{"category":"place","center":[121.2055299,31.2886462],"campus":true,"natural":"sand"},"geometry":{"type":"Polygon","coordinates":[[[121.2055017,31.2887018],[121.2054776,31.2886915],[121.2054749,31.2886812],[121.2054856,31.2886663],[121.2055057,31.2886537],[121.2055124,31.2886388],[121.2055326,31.2886021],[121.2055446,31.2885929],[121.2055607,31.2885906],[121.2055808,31.2886078],[121.2055849,31.2886285],[121.2055782,31.2886548],[121.205554,31.28868],[121.2055299,31.2886972],[121.2055017,31.2887018]]]}},
{"type":"Feature","id":"way/263927465","properties":{"category":"green","center":[121.2120414,31.283297],"campus":true,"landuse":"grass"},"geometry":{"type":"Polygon","coordinates":[[[121.21205,31.2834937],[121.2119405,31.2834766],[121.211896,31.2833945],[121.2119165,31.2832679],[121.21192,31.2831927],[121.2119815,31.283138],[121.2120807,31.2831003],[121.2121868,31.2831516],[121.2121492,31.2833193],[121.2120807,31.2833979],[121.21205,31.2834937]]]}},
{"type":"Feature","id":"way/263930546","properties":{"category":"living","center":[121.21289755000001,31.2904551],"campus":true,"building":"dormitory","building:levels":"2"},"geometry":{"type":"Polygon","coordinates":[[[121.2130287,31.2904585],[121.2129446,31.2904965],[121.2129147,31.29051],[121.2128271,31.2905497],[121.2127664,31.2904517],[121.212852,31.290413],[121.2128761,31.2904021],[121.212968,31.2903605],[121.2130287,31.2904585]]]}},
{"type":"Feature","id":"way/263930547","properties":{"category":"living","center":[121.2129462,31.29052875],"campus":true,"building":"dormitory"},"geometry":{"type":"Polygon","coordinates":[[[121.2129458,31.290561],[121.2129147,31.29051],[121.2129446,31.2904965],[121.2129777,31.2905478],[121.2129458,31.290561]]]}},
{"type":"Feature","id":"way/263930548","properties":{"category":"living","center":[121.21285095,31.2903863],"campus":true,"building":"dormitory"},"geometry":{"type":"Polygon","coordinates":[[[121.212852,31.290413],[121.2128258,31.2903713],[121.2128507,31.2903596],[121.2128761,31.2904021],[121.212852,31.290413]]]}},
{"type":"Feature","id":"way/263930549","properties":{"category":"living","center":[121.2132666,31.29117355],"campus":true,"building":"dormitory","building:levels":"2"},"geometry":{"type":"Polygon","coordinates":[[[121.2133966,31.2911978],[121.2133021,31.2912258],[121.2132781,31.291233],[121.2131821,31.2912614],[121.2131366,31.2911493],[121.2132363,31.2911197],[121.2132643,31.2911114],[121.213351,31.2910857],[121.2133966,31.2911978]]]}},
{"type":"Feature","id":"way/263930550","properties":{"category":"living","center":[121.2133003,31.29125325],"campus":true,"building":"dormitory"},"geometry":{"type":"Polygon","coordinates":[[[121.2132967,31.2912807],[121.2132781,31.291233],[121.2133021,31.2912258],[121.2133225,31.2912738],[121.2132967,31.2912807]]]}},
{"type":"Feature","id":"way/263930552","properties":{"category":"living","center":[121.21324100000001,31.291092550000002],"campus":true,"building":"dormitory"},"geometry":{"type":"Polygon","coordinates":[[[121.2132363,31.2911197],[121.2132177,31.2910746],[121.213245,31.2910654],[121.2132643,31.2911114],[121.2132363,31.2911197]]]}},
{"type":"Feature","id":"way/263930553","properties":{"category":"living","center":[121.2133987,31.29151705],"campus":true,"building":"dormitory","building:levels":"2"},"geometry":{"type":"Polygon","coordinates":[[[121.2135267,31.2915468],[121.2134158,31.291574],[121.2133929,31.2915797],[121.2133087,31.2916004],[121.2132907,31.2915468],[121.2132707,31.2914873],[121.2133517,31.2914673],[121.213375,31.2914616],[121.2134886,31.2914337],[121.2135267,31.2915468]]]}},
{"type":"Feature","id":"way/263930554","properties":{"category":"living","center":[121.2134121,31.2915997],"campus":true,"building":"dormitory"},"geometry":{"type":"Polygon","coordinates":[[[121.2134061,31.2916254],[121.2133929,31.2915797],[121.2134158,31.291574],[121.2134313,31.2916205],[121.2134061,31.2916254]]]}},
{"type":"Feature","id":"way/263930555","properties":{"category":"living","center":[121.21335575,31.291441550000002],"campus":true,"building":"dormitory"},"geometry":{"type":"Polygon","coordinates":[[[121.2133517,31.2914673],[121.2133365,31.291422],[121.2133596,31.2914158],[121.213375,31.2914616],[121.2133517,31.2914673]]]}},
{"type":"Feature","id":"way/263930556","properties":{"category":"place","center":[121.21709985000001,31.291738000000002],"campus":false,"building":"apartments","building:levels":"15"},"geometry":{"type":"Polygon","coordinates":[[[121.2168866,31.2916564],[121.2170607,31.291682],[121.2172473,31.2917094],[121.2173043,31.2917178],[121.2172977,31.2917508],[121.2173255,31.2917549],[121.2173125,31.2918196],[121.2168913,31.2917576],[121.2168986,31.2917215],[121.2168742,31.2917179],[121.2168866,31.2916564]]]}},
{"type":"Feature","id":"way/263930557","properties":{"category":"place","center":[121.21778925,31.29170715],"campus":false,"building":"apartments","building:levels":"15"},"geometry":{"type":"Polygon","coordinates":[[[121.2174817,31.2917101],[121.217589,31.2916874],[121.2179161,31.2916184],[121.2180217,31.2915961],[121.2180968,31.2916362],[121.2180689,31.2916628],[121.2180338,31.2916477],[121.2180531,31.2917219],[121.2175747,31.2918182],[121.2175577,31.2917646],[121.2174995,31.291776],[121.2174817,31.2917101]]]}},
{"type":"Feature","id":"way/263930558","properties":{"category":"place","center":[121.21721345,31.29222855],"campus":false,"building":"apartments","building:levels":"12"},"geometry":{"type":"Polygon","coordinates":[[[121.2169961,31.2921738],[121.2174309,31.2921747],[121.2174308,31.2922129],[121.2174093,31.2922128],[121.2174091,31.2922585],[121.2171752,31.292258],[121.2171752,31.2922833],[121.2170814,31.2922831],[121.2170815,31.2922555],[121.2170186,31.2922554],[121.2170188,31.2922048],[121.216996,31.2922048],[121.2169961,31.2921738]]]}},
{"type":"Feature","id":"way/263930559","properties":{"category":"place","center":[121.217827,31.2922097],"campus":false,"building":"apartments","building:levels":"12"},"geometry":{"type":"Polygon","coordinates":[[[121.217583,31.2921845],[121.2179241,31.2921451],[121.2179268,31.292162],[121.2180286,31.2921502],[121.2180347,31.2921888],[121.2180642,31.2921854],[121.218071,31.2922284],[121.2176736,31.2922743],[121.2176668,31.2922316],[121.2175919,31.2922403],[121.217583,31.2921845]]]}},
{"type":"Feature","id":"way/263930560","properties":{"category":"place","center":[121.21701189999999,31.290684249999998],"campus":false,"building":"apartments","building:levels":"11"},"geometry":{"type":"Polygon","coordinates":[[[121.217372,31.2906929],[121.2173666,31.2907387],[121.2173331,31.2907387],[121.217329,31.2907765],[121.2167953,31.2907421],[121.2167966,31.2907192],[121.2167336,31.2907158],[121.2167309,31.290741],[121.2166773,31.2907387],[121.2166786,31.2906929],[121.2166987,31.2906757],[121.2166518,31.2906287],[121.2167121,31.290592],[121.2167577,31.2906356],[121.2168047,31.2906344],[121.2168033,31.2906012],[121.2168838,31.2906035],[121.2168825,31.2906401],[121.2172741,31.2906676],[121.2172727,31.2906871],[121.217372,31.2906929]]]}},
{"type":"Feature","id":"way/263930561","properties":{"category":"place","center":[121.21786689999999,31.2907124],"campus":false,"building":"apartments","building:levels":"11"},"geometry":{"type":"Polygon","coordinates":[[[121.217529,31.2907066],[121.2181042,31.2906482],[121.2180988,31.2906276],[121.2182008,31.2906173],[121.2182048,31.2906734],[121.2181873,31.2906757],[121.2181954,31.2907491],[121.2175423,31.2908075],[121.217529,31.2907066]]]}},
{"type":"Feature","id":"way/264726760","properties":{"category":"place","center":[121.2077736,31.286176949999998],"campus":true,"name":"栋梁大道","name:en":"Dongliang Avenue","highway":"pedestrian"},"geometry":{"type":"Polygon","coordinates":[[[121.2076756,31.2868015],[121.2076685,31.2865794],[121.2076725,31.2864152],[121.2076937,31.2855499],[121.2077851,31.2855516],[121.2078787,31.2855533],[121.2078574,31.2864227],[121.2078535,31.2865814],[121.2078421,31.286804],[121.2077645,31.2868028],[121.2076756,31.2868015]]]}},
{"type":"Feature","id":"way/264726761","properties":{"category":"place","center":[121.2077578,31.28726695],"campus":true,"name":"栋梁大道","name:en":"Dongliang Avenue","highway":"pedestrian"},"geometry":{"type":"Polygon","coordinates":[[[121.2076756,31.2868015],[121.2077645,31.2868028],[121.2078421,31.286804],[121.2078419,31.2872009],[121.2078416,31.2877324],[121.2077469,31.287728],[121.2076735,31.287725],[121.2076747,31.2872186],[121.2076756,31.2868015]]]}},
{"type":"Feature","id":"way/264726762","properties":{"category":"place","center":[121.2077547,31.2880124],"campus":true,"highway":"pedestrian"},"geometry":{"type":"Polygon","coordinates":[[[121.2078613,31.2878796],[121.2079044,31.2879149],[121.2079324,31.2879599],[121.2079426,31.2880102],[121.207934,31.2880606],[121.2079074,31.2881063],[121.2078655,31.2881426],[121.2078124,31.2881659],[121.2077535,31.288174],[121.2076894,31.2881644],[121.2076328,31.2881368],[121.2075906,31.2880944],[121.2075677,31.2880423],[121.2075668,31.2879867],[121.207588,31.2879341],[121.2076289,31.2878908],[121.2076846,31.2878619],[121.2077484,31.2878508],[121.2078076,31.2878575],[121.2078613,31.2878796]]]}},
{"type":"Feature","id":"way/266160342","properties":{"category":"academic","center":[121.21126685,31.28767795],"campus":true,"name":"复楼（F楼）","building":"university"},"geometry":{"type":"Polygon","coordinates":[[[121.2107644,31.287501],[121.2111545,31.2872633],[121.2113055,31.2874442],[121.211452,31.287355],[121.2117693,31.2877355],[121.2116941,31.2877813],[121.2116138,31.2878302],[121.2116415,31.2878634],[121.2112653,31.2880926],[121.2112209,31.2880393],[121.2111622,31.2879685],[121.2111307,31.2879307],[121.2114461,31.2877386],[121.2112781,31.2875372],[121.2109571,31.2877327],[121.2109192,31.2876872],[121.2108671,31.2876241],[121.2107644,31.287501]]]}},
{"type":"Feature","id":"way/266163791","properties":{"category":"living","center":[121.21225949999999,31.28873845],"campus":true,"name":"友园2号楼","building":"dormitory"},"geometry":{"type":"Polygon","coordinates":[[[121.2118455,31.2889916],[121.211784,31.2889047],[121.2118201,31.288886],[121.2118146,31.2888783],[121.211924,31.2888221],[121.2119308,31.2888318],[121.2119707,31.2888114],[121.211965,31.2888033],[121.2121835,31.2886926],[121.2121885,31.2886999],[121.212257,31.2886655],[121.2122507,31.2886571],[121.2125207,31.2885228],[121.2125333,31.2885414],[121.2126398,31.2884882],[121.2126469,31.2884986],[121.2126735,31.2884853],[121.212735,31.2885749],[121.2127078,31.2885885],[121.2127147,31.2885986],[121.2125572,31.288678],[121.2125509,31.2886689],[121.2125312,31.2886789],[121.2125383,31.2886891],[121.2123334,31.288794],[121.2123238,31.2887804],[121.2122745,31.2888058],[121.2122834,31.2888185],[121.2120115,31.288959],[121.2119922,31.2889317],[121.2118825,31.2889883],[121.2118743,31.2889767],[121.2118455,31.2889916]]]}},
{"type":"Feature","id":"way/266163793","properties":{"category":"living","center":[121.212791,31.2888762],"campus":true,"name":"嘉定学生公寓3号楼","building":"dormitory"},"geometry":{"type":"Polygon","coordinates":[[[121.2127146,31.2889726],[121.212655,31.2888862],[121.2126868,31.2888702],[121.2126812,31.2888621],[121.2128376,31.2887833],[121.2128435,31.2887918],[121.2128672,31.2887798],[121.212927,31.2888664],[121.2128945,31.2888828],[121.2128999,31.2888907],[121.2127532,31.2889646],[121.2127473,31.2889561],[121.2127146,31.2889726]]]}},
{"type":"Feature","id":"way/266163795","properties":{"category":"living","center":[121.21305845,31.28832075],"campus":true,"name":"友园6号楼","building":"dormitory"},"geometry":{"type":"Polygon","coordinates":[[[121.2128773,31.2884977],[121.2127926,31.2883776],[121.2128399,31.2883531],[121.2128339,31.2883445],[121.2128588,31.2883317],[121.2128633,31.288338],[121.2128836,31.2883275],[121.2128791,31.2883212],[121.2129285,31.2882956],[121.2129337,31.288303],[121.2129558,31.2882915],[121.2129508,31.2882844],[121.2130033,31.288257],[121.2130093,31.2882653],[121.2130277,31.2882557],[121.2130223,31.2882483],[121.213076,31.2882201],[121.2130816,31.2882279],[121.2130986,31.288219],[121.2130928,31.288211],[121.2131458,31.2881831],[121.2131519,31.2881915],[121.2131692,31.2881824],[121.2131629,31.2881737],[121.2132195,31.2881438],[121.2132255,31.288152],[121.2132334,31.2881478],[121.2133243,31.2882727],[121.2132421,31.2883163],[121.2132463,31.288322],[121.213193,31.2883502],[121.2131866,31.2883414],[121.2131672,31.2883516],[121.2131724,31.2883589],[121.2131193,31.2883868],[121.213114,31.2883795],[121.2130928,31.2883905],[121.2130979,31.2883976],[121.2130466,31.2884242],[121.2130419,31.2884176],[121.2130224,31.2884276],[121.2130264,31.2884334],[121.2129755,31.2884595],[121.2129692,31.2884506],[121.2128773,31.2884977]]]}},
{"type":"Feature","id":"way/266165629","properties":{"category":"living","center":[121.21326644999999,31.28862445],"campus":true,"name":"友园5号楼","building":"dormitory"},"geometry":{"type":"Polygon","coordinates":[[[121.2130855,31.2888008],[121.2130013,31.2886814],[121.2130486,31.2886569],[121.2130426,31.2886483],[121.2130666,31.288636],[121.2130711,31.2886423],[121.2130923,31.2886313],[121.2130878,31.288625],[121.2131363,31.2885999],[121.2131415,31.2886073],[121.2131645,31.2885953],[121.2131595,31.2885882],[121.2132111,31.2885613],[121.2132171,31.2885696],[121.2132364,31.2885595],[121.213231,31.2885521],[121.2132838,31.2885244],[121.2132894,31.2885322],[121.2133073,31.2885228],[121.2133015,31.2885148],[121.2133536,31.2884874],[121.2133597,31.2884958],[121.2133779,31.2884862],[121.2133716,31.2884775],[121.2134273,31.2884481],[121.2134333,31.2884563],[121.2134412,31.2884521],[121.2135316,31.2885762],[121.2134494,31.2886198],[121.2134536,31.2886255],[121.2134012,31.2886532],[121.2133948,31.2886445],[121.2133745,31.2886551],[121.2133797,31.2886624],[121.2133275,31.2886899],[121.2133222,31.2886826],[121.2133001,31.288694],[121.2133052,31.2887011],[121.2132548,31.2887273],[121.2132501,31.2887207],[121.2132297,31.2887311],[121.2132337,31.2887369],[121.2131837,31.2887626],[121.2131774,31.2887537],[121.2130855,31.2888008]]]}},
{"type":"Feature","id":"way/266165630","properties":{"category":"living","center":[121.21346170000001,31.2889247],"campus":true,"name":"友园4号楼","building":"dormitory"},"geometry":{"type":"Polygon","coordinates":[[[121.2132806,31.2891016],[121.2131959,31.2889815],[121.2132432,31.288957],[121.2132372,31.2889484],[121.2132621,31.2889357],[121.2132666,31.288942],[121.2132869,31.2889314],[121.2132824,31.2889251],[121.2133318,31.2888996],[121.213337,31.288907],[121.2133591,31.2888954],[121.2133541,31.2888883],[121.2134066,31.288861],[121.2134126,31.2888693],[121.213431,31.2888596],[121.2134256,31.2888522],[121.2134793,31.2888241],[121.2134849,31.2888319],[121.2135019,31.2888229],[121.2134961,31.2888149],[121.2135491,31.2887871],[121.2135552,31.2887955],[121.2135725,31.2887863],[121.2135662,31.2887776],[121.2136228,31.2887478],[121.2136288,31.288756],[121.2136367,31.2887518],[121.2137275,31.2888766],[121.2136453,31.2889202],[121.2136495,31.2889259],[121.2135963,31.2889541],[121.2135899,31.2889453],[121.2135704,31.2889555],[121.2135756,31.2889628],[121.2135226,31.2889907],[121.2135173,31.2889834],[121.213496,31.2889944],[121.2135011,31.2890015],[121.2134499,31.2890281],[121.2134452,31.2890215],[121.2134256,31.2890315],[121.2134296,31.2890373],[121.2133788,31.2890634],[121.2133725,31.2890545],[121.2132806,31.2891016]]]}},
{"type":"Feature","id":"way/266166370","properties":{"category":"living","center":[121.2118394,31.2885785],"campus":true,"name":"友园1号楼","building":"dormitory"},"geometry":{"type":"Polygon","coordinates":[[[121.2116549,31.2887476],[121.2115934,31.2886597],[121.2116344,31.2886387],[121.2116283,31.28863],[121.2117357,31.288575],[121.2117159,31.2885467],[121.211984,31.2884094],[121.2120223,31.2884641],[121.2120444,31.2884528],[121.2120854,31.2885112],[121.2120578,31.2885254],[121.2120717,31.2885453],[121.211848,31.2886598],[121.2118424,31.2886518],[121.2118041,31.2886714],[121.2118107,31.2886808],[121.2117031,31.2887359],[121.2116965,31.2887264],[121.2116549,31.2887476]]]}},
{"type":"Feature","id":"way/266166373","properties":{"category":"academic","center":[121.21265885,31.2900505],"campus":true,"building":"yes"},"geometry":{"type":"Polygon","coordinates":[[[121.2126224,31.2901227],[121.2125772,31.2900577],[121.2125672,31.2900434],[121.2126952,31.2899783],[121.2127505,31.2900575],[121.2126224,31.2901227]]]}},
{"type":"Feature","id":"way/266166374","properties":{"category":"academic","center":[121.21257285,31.2901024],"campus":true,"name":"Dìgōu yóu resource collector","building":"yes"},"geometry":{"type":"Polygon","coordinates":[[[121.2126224,31.2901227],[121.2125689,31.2901471],[121.2125233,31.2900831],[121.2125772,31.2900577],[121.2126224,31.2901227]]]}},
{"type":"Feature","id":"way/266166376","properties":{"category":"academic","center":[121.21281045,31.289976099999997],"campus":true,"building":"yes"},"geometry":{"type":"Polygon","coordinates":[[[121.2127951,31.2900279],[121.2127497,31.2899635],[121.2128258,31.2899243],[121.2128712,31.2899887],[121.2127951,31.2900279]]]}},
{"type":"Feature","id":"way/266166378","properties":{"category":"living","center":[121.21223055,31.288387999999998],"campus":true,"building":"dormitory"},"geometry":{"type":"Polygon","coordinates":[[[121.2121917,31.2884913],[121.212166,31.2884558],[121.2121441,31.2884674],[121.2121233,31.2884386],[121.2121481,31.2884255],[121.2121072,31.2883688],[121.2122664,31.2882847],[121.2123539,31.2884057],[121.2121917,31.2884913]]]}},
{"type":"Feature","id":"way/266167562","properties":{"category":"academic","center":[121.2092948,31.2877802],"campus":true,"name":"安楼（A楼）","building":"university"},"geometry":{"type":"Polygon","coordinates":[[[121.2098724,31.2876289],[121.2098124,31.2876645],[121.2098039,31.287654],[121.2097664,31.2876762],[121.2097756,31.2876875],[121.2093213,31.287957],[121.2092975,31.2879711],[121.2092197,31.2880174],[121.2091878,31.2879782],[121.2091295,31.2880129],[121.2091615,31.2880521],[121.2089279,31.2881911],[121.2087172,31.2879325],[121.2089536,31.2877918],[121.2089787,31.2878226],[121.2090325,31.2877906],[121.2090056,31.2877576],[121.2095653,31.2874248],[121.2095753,31.2874371],[121.2096097,31.2874167],[121.2096005,31.2874054],[121.2096613,31.2873693],[121.2097675,31.2874999],[121.2098724,31.2876289]]]}},
{"type":"Feature","id":"way/266169310","properties":{"category":"academic","center":[121.2108843,31.2868039],"campus":true,"name":"德楼（D楼）","building":"university"},"geometry":{"type":"Polygon","coordinates":[[[121.2105254,31.2872216],[121.2104661,31.2871459],[121.2104809,31.2871384],[121.2103974,31.2870325],[121.2103849,31.2870382],[121.2103203,31.2869608],[121.2106918,31.2867345],[121.2107099,31.2867563],[121.2107558,31.2867284],[121.2107462,31.286717],[121.2108878,31.2866309],[121.2108981,31.2866433],[121.2109514,31.286611],[121.2109403,31.2865976],[121.2110884,31.2865076],[121.2111002,31.2865218],[121.2111464,31.2864938],[121.2111333,31.286478],[121.2112845,31.2863862],[121.2114041,31.2865299],[121.2113792,31.286545],[121.2114483,31.286628],[121.2112613,31.2867418],[121.2112739,31.2867569],[121.2112077,31.2867972],[121.2111946,31.2867814],[121.210888,31.2869683],[121.2109058,31.2869896],[121.2105254,31.2872216]]]}},
{"type":"Feature","id":"way/266170483","properties":{"category":"academic","center":[121.20500775,31.29189125],"campus":true,"name":"同济地震工程馆","building":"yes"},"geometry":{"type":"Polygon","coordinates":[[[121.2052422,31.292543],[121.2050893,31.2924303],[121.2050294,31.2924867],[121.2043971,31.2920078],[121.2051463,31.2912395],[121.2055108,31.2915078],[121.2053782,31.291644],[121.2053982,31.2916595],[121.2051999,31.2918632],[121.2056184,31.2921695],[121.2052422,31.292543]]]}},
{"type":"Feature","id":"way/266188452","properties":{"category":"green","center":[121.2077725,31.28668375],"campus":true,"landuse":"grass"},"geometry":{"type":"Polygon","coordinates":[[[121.2077441,31.2867136],[121.2077441,31.2866539],[121.2077718,31.2866414],[121.2078009,31.2866526],[121.2077995,31.2867112],[121.2077747,31.2867261],[121.2077441,31.2867136]]]}},
{"type":"Feature","id":"way/266188470","properties":{"category":"water","center":[121.20825135,31.284886999999998],"campus":true,"natural":"water"},"geometry":{"type":"Polygon","coordinates":[[[121.2082451,31.2849187],[121.2082301,31.2849142],[121.2082239,31.2849044],[121.2082248,31.2848938],[121.2082283,31.2848855],[121.2082381,31.2848787],[121.2082248,31.2848582],[121.2082301,31.2848507],[121.2082381,31.2848446],[121.2082505,31.2848409],[121.208262,31.2848461],[121.2082752,31.2848507],[121.2082788,31.2848613],[121.2082752,31.2848779],[121.2082558,31.2848824],[121.2082494,31.2848922],[121.2082564,31.2848991],[121.2082661,31.2849101],[121.2082715,31.2849299],[121.2082532,31.2849331],[121.2082451,31.2849187]]]}},
{"type":"Feature","id":"way/266188471","properties":{"category":"water","center":[121.20825645,31.28488075],"campus":true,"natural":"water","waterway":"ditch"},"geometry":{"type":"Polygon","coordinates":[[[121.2082532,31.2849331],[121.208236,31.2849303],[121.2082215,31.2849216],[121.2082054,31.2849051],[121.2081979,31.2848867],[121.2081979,31.2848734],[121.2082043,31.2848615],[121.2082161,31.2848491],[121.2082274,31.2848367],[121.2082457,31.2848284],[121.2082736,31.2848325],[121.2082946,31.2848431],[121.2083091,31.2848596],[121.208315,31.2848826],[121.2083037,31.2849],[121.2082919,31.2849037],[121.2082919,31.2849147],[121.2082715,31.2849299],[121.2082532,31.2849331]]]}},
{"type":"Feature","id":"way/266188474","properties":{"category":"water","center":[121.20849665,31.28518705],"campus":true,"natural":"water"},"geometry":{"type":"Polygon","coordinates":[[[121.2085148,31.2851371],[121.2084918,31.2851538],[121.2084723,31.2851651],[121.2084564,31.285178],[121.2084555,31.2851878],[121.2084475,31.2851969],[121.2084511,31.2852029],[121.2085387,31.2851545],[121.2085334,31.2851455],[121.2085555,31.2851281],[121.2085953,31.2851538],[121.2085572,31.2851749],[121.2085457,31.2851878],[121.2085369,31.2852007],[121.2085351,31.2852128],[121.2085254,31.2852218],[121.2085148,31.2852279],[121.2085015,31.2852347],[121.2084873,31.2852392],[121.2084732,31.2852354],[121.2084679,31.2852279],[121.2084157,31.285246],[121.208398,31.2852143],[121.2084245,31.2852037],[121.2084272,31.2851901],[121.208436,31.2851734],[121.2084482,31.2851548],[121.2084714,31.2851371],[121.2085148,31.2851371]]]}},
{"type":"Feature","id":"way/266188475","properties":{"category":"place","center":[121.20844165,31.28512755],"campus":true,"natural":"scrub"},"geometry":{"type":"Polygon","coordinates":[[[121.2083297,31.285193],[121.2083381,31.2851781],[121.2083828,31.2850984],[121.2083961,31.2850803],[121.2084173,31.2850705],[121.208443,31.2850614],[121.2084881,31.2850591],[121.2085102,31.2850606],[121.2085218,31.2850478],[121.2085509,31.2850546],[121.2085536,31.2850932],[121.2085412,31.2851022],[121.2085147,31.2851128],[121.2084837,31.2851143],[121.2084474,31.2851226],[121.208435,31.2851408],[121.2084129,31.2851703],[121.2083899,31.2851945],[121.208374,31.2852058],[121.2083536,31.2852073],[121.2083297,31.285193]]]}},
{"type":"Feature","id":"way/266188700","properties":{"category":"green","center":[121.20826085,31.284911700000002],"campus":true,"name":"嘉园广场","name:en":"Jiayuan Plaza","landuse":"grass"},"geometry":{"type":"Polygon","coordinates":[[[121.2083381,31.2851781],[121.2083245,31.285161],[121.2083051,31.2851421],[121.2082785,31.2851262],[121.2082431,31.2851247],[121.2082122,31.2851254],[121.2081865,31.2851216],[121.2081334,31.2851065],[121.208106,31.2850937],[121.2080662,31.2850664],[121.2080343,31.285037],[121.2080131,31.2850105],[121.2079883,31.284975],[121.2079742,31.284944],[121.2079644,31.2849175],[121.20796,31.2848872],[121.20796,31.2848653],[121.2079625,31.2848393],[121.2080255,31.2848472],[121.2080573,31.2848457],[121.2080697,31.2848434],[121.2080759,31.2848358],[121.2080839,31.2848237],[121.2080909,31.2848199],[121.2080963,31.2848109],[121.208106,31.2847882],[121.2081193,31.2847716],[121.2081449,31.2847542],[121.2081644,31.2847474],[121.2082113,31.2847353],[121.2082307,31.2847322],[121.2082458,31.2847285],[121.2082608,31.2847216],[121.2082679,31.2847133],[121.2082891,31.2846869],[121.2083033,31.2846581],[121.2083068,31.2846453],[121.2083493,31.2846574],[121.2083803,31.2846702],[121.208413,31.2846823],[121.2084511,31.2847058],[121.2084767,31.2847277],[121.2085059,31.2847716],[121.2085272,31.2848101],[121.2085387,31.2848509],[121.2085422,31.284888],[121.2085351,31.2849334],[121.2085617,31.2849485],[121.2085581,31.284978],[121.2085581,31.2850022],[121.2085395,31.2850317],[121.2085218,31.2850478],[121.2085102,31.2850606],[121.2084881,31.2850591],[121.208443,31.2850614],[121.2084173,31.2850705],[121.2083961,31.2850803],[121.2083828,31.2850984],[121.2083381,31.2851781]]]}},
{"type":"Feature","id":"way/266205932","properties":{"category":"academic","center":[121.20823755,31.28948875],"campus":true,"name":"智信馆（电子与信息工程学院）","name:en":"College of Electronics and Information Engineering","building":"university","building:levels":"7"},"geometry":{"type":"Polygon","coordinates":[[[121.2086782,31.2897793],[121.2082467,31.2900366],[121.2080785,31.2898306],[121.208046,31.28985],[121.207826,31.2895806],[121.2077065,31.2894343],[121.2078833,31.2893288],[121.2078475,31.289285],[121.2084243,31.2889409],[121.2085303,31.2890706],[121.2084383,31.2891255],[121.2085221,31.2892281],[121.2085698,31.2892865],[121.2086613,31.289232],[121.2087686,31.2893633],[121.20867,31.2894221],[121.2086969,31.289455],[121.2082267,31.2897354],[121.2083033,31.2898292],[121.2085828,31.2896625],[121.2086782,31.2897793]]]}},
{"type":"Feature","id":"way/266205943","properties":{"category":"green","center":[121.21563194999999,31.2911234],"campus":true,"landuse":"grass"},"geometry":{"type":"Polygon","coordinates":[[[121.2148213,31.2915767],[121.2150011,31.2907521],[121.215097,31.2907725],[121.2152229,31.2907777],[121.2153128,31.2907853],[121.2154446,31.2907751],[121.2155885,31.2907597],[121.2157144,31.2907418],[121.2158132,31.2907111],[121.2159091,31.2906701],[121.2159841,31.2907162],[121.216086,31.2908263],[121.2164426,31.2913334],[121.2164126,31.291359],[121.2164006,31.2915229],[121.2161159,31.2914845],[121.2157144,31.2914409],[121.2155585,31.2914358],[121.2148213,31.2915767]]]}},
{"type":"Feature","id":"way/266205944","properties":{"category":"green","center":[121.206973,31.2853552],"campus":true,"landuse":"grass"},"geometry":{"type":"Polygon","coordinates":[[[121.2067674,31.285478],[121.2067365,31.2854718],[121.2067256,31.2854578],[121.2067219,31.2854221],[121.2067292,31.2854034],[121.2069694,31.2852324],[121.2070167,31.2852324],[121.2070512,31.2852417],[121.2072004,31.285335],[121.2072131,31.285363],[121.2072241,31.2854407],[121.2072059,31.2854625],[121.2071749,31.2854749],[121.2071495,31.285478],[121.2067674,31.285478]]]}},
{"type":"Feature","id":"way/266205946","properties":{"category":"green","center":[121.20869155,31.285452550000002],"campus":true,"landuse":"grass"},"geometry":{"type":"Polygon","coordinates":[[[121.2087022,31.2855417],[121.2086669,31.2855597],[121.2085818,31.2854335],[121.2085757,31.2854209],[121.2085737,31.2854072],[121.2085791,31.2853946],[121.2085885,31.2853814],[121.2086028,31.2853709],[121.2086338,31.2853529],[121.2086536,31.2853454],[121.2086757,31.2853454],[121.2086934,31.2853492],[121.20871,31.2853596],[121.2088094,31.2854785],[121.2087818,31.2854955],[121.2087608,31.285469],[121.2086824,31.2855181],[121.2087022,31.2855417]]]}},
{"type":"Feature","id":"way/266205947","properties":{"category":"green","center":[121.21094415,31.2888424],"campus":true,"landuse":"grass"},"geometry":{"type":"Polygon","coordinates":[[[121.2106394,31.2888898],[121.2109596,31.2886986],[121.2109778,31.2886955],[121.2109924,31.2886955],[121.211016,31.2887002],[121.2110378,31.288711],[121.2112489,31.2889893],[121.2110851,31.2889629],[121.2110979,31.2888914],[121.2108668,31.2888541],[121.2108559,31.2889256],[121.2106394,31.2888898]]]}},
{"type":"Feature","id":"way/266233207","properties":{"category":"academic","center":[121.21254354999999,31.2892686],"campus":true,"building":"yes"},"geometry":{"type":"Polygon","coordinates":[[[121.2129674,31.2893457],[121.2129057,31.2893398],[121.2129067,31.2893305],[121.2121424,31.2892681],[121.2121131,31.2892361],[121.212118,31.2892138],[121.2121587,31.2891915],[121.2122367,31.2891993],[121.2124909,31.2892249],[121.2124941,31.2892068],[121.2125967,31.289218],[121.2125935,31.2892347],[121.2129479,31.2892636],[121.2129463,31.2892914],[121.212974,31.2892942],[121.2129674,31.2893457]]]}},
{"type":"Feature","id":"way/266233208","properties":{"category":"food","center":[121.2127701,31.28960895],"campus":true,"name":"春禾苑餐厅（一食堂）","building":"yes","amenity":"restaurant"},"geometry":{"type":"Polygon","coordinates":[[[121.2130233,31.28968],[121.2127091,31.2898316],[121.2127319,31.2896187],[121.2124827,31.2895979],[121.2125104,31.2893863],[121.2127351,31.289403],[121.2127368,31.2893891],[121.2130575,31.2894142],[121.2130438,31.289521],[121.2130233,31.28968]]]}},
{"type":"Feature","id":"way/266233209","properties":{"category":"academic","center":[121.21245995,31.289587400000002],"campus":true,"building":"yes"},"geometry":{"type":"Polygon","coordinates":[[[121.2125104,31.2893863],[121.2124827,31.2895979],[121.2127319,31.2896187],[121.2127091,31.2898316],[121.2123883,31.2897968],[121.212315,31.2896925],[121.2123215,31.2895645],[121.212188,31.2895533],[121.2122006,31.2894448],[121.2122124,31.2893432],[121.212512,31.289371],[121.2125104,31.2893863]]]}},
{"type":"Feature","id":"way/266233210","properties":{"category":"place","center":[121.2120769,31.28940035],"campus":true,"barrier":"wall"},"geometry":{"type":"Polygon","coordinates":[[[121.212074,31.2895394],[121.2120431,31.2895436],[121.212061,31.2895074],[121.212074,31.2894601],[121.2120756,31.2894211],[121.212074,31.289371],[121.2120659,31.2893209],[121.2120463,31.2892708],[121.2120751,31.2892571],[121.2120899,31.2892799],[121.2120988,31.2893146],[121.2121048,31.2893492],[121.2121107,31.2893982],[121.2121077,31.2894413],[121.2120978,31.2894793],[121.2120909,31.2895089],[121.212074,31.2895394]]]}},
{"type":"Feature","id":"way/266233211","properties":{"category":"place","center":[121.21192635,31.28911475],"campus":true,"barrier":"wall"},"geometry":{"type":"Polygon","coordinates":[[[121.2119585,31.2891439],[121.2119486,31.2891346],[121.2119308,31.2891287],[121.211911,31.2891253],[121.2118883,31.2891253],[121.2118715,31.2891304],[121.2118517,31.2891042],[121.2119031,31.2890856],[121.2119347,31.2890915],[121.2119762,31.2891042],[121.212001,31.2891245],[121.2119585,31.2891439]]]}},
{"type":"Feature","id":"way/266233212","properties":{"category":"academic","center":[121.21253165,31.28902025],"campus":true,"building":"yes"},"geometry":{"type":"Polygon","coordinates":[[[121.2120529,31.288998],[121.2121865,31.2889256],[121.2122255,31.288927],[121.2122174,31.288998],[121.2124047,31.2890133],[121.2124063,31.2889729],[121.2125789,31.2888894],[121.2126489,31.2889855],[121.2125789,31.2890189],[121.2125903,31.289037],[121.2127281,31.2890493],[121.2127691,31.289053],[121.2129502,31.2889618],[121.212986,31.2890175],[121.2128915,31.2890634],[121.2130104,31.289069],[121.2130055,31.289133],[121.2129827,31.2891302],[121.2129811,31.2891511],[121.2127145,31.2891265],[121.2125664,31.2891129],[121.2125654,31.289123],[121.2124191,31.2891104],[121.2124211,31.2890977],[121.2122204,31.2890774],[121.2122204,31.2890859],[121.2121532,31.2890808],[121.2121542,31.2890715],[121.2121067,31.2890634],[121.2120529,31.288998]]]}},
{"type":"Feature","id":"way/266233217","properties":{"category":"academic","center":[121.2135775,31.28917375],"campus":true,"building":"yes","building:levels":"1"},"geometry":{"type":"Polygon","coordinates":[[[121.2136135,31.2892101],[121.2135354,31.2892049],[121.2135415,31.2891374],[121.2136196,31.2891425],[121.2136135,31.2892101]]]}},
{"type":"Feature","id":"way/266341640","properties":{"category":"place","center":[121.2157018,31.289328949999998],"campus":false,"building":"apartments","building:levels":"25"},"geometry":{"type":"Polygon","coordinates":[[[121.2154395,31.28938],[121.215441,31.289347],[121.2154271,31.2893457],[121.2154304,31.2892751],[121.2154688,31.2892771],[121.2154709,31.2892392],[121.2155685,31.289243],[121.2155696,31.289233],[121.2156333,31.2892361],[121.2156305,31.2892766],[121.2157833,31.2892854],[121.2157857,31.2892515],[121.2158505,31.2892546],[121.2158483,31.2892747],[121.2159393,31.2892792],[121.2159358,31.289319],[121.2159765,31.2893213],[121.2159693,31.2893931],[121.2159477,31.289392],[121.2159453,31.2894208],[121.215876,31.2894167],[121.2158757,31.2894249],[121.2157842,31.2894198],[121.2157857,31.2894084],[121.2156053,31.2893957],[121.2156045,31.2894056],[121.21552,31.2894],[121.2155215,31.2893844],[121.2154395,31.28938]]]}},
{"type":"Feature","id":"way/266345018","properties":{"category":"academic","center":[121.206672,31.292208350000003],"campus":true,"name":"同济大学风洞中心","building":"yes"},"geometry":{"type":"Polygon","coordinates":[[[121.2058877,31.2921551],[121.2058783,31.2919431],[121.2065614,31.291921],[121.2065513,31.2916934],[121.206916,31.2916816],[121.2069261,31.291907],[121.2070276,31.2919037],[121.207022,31.2917796],[121.2074229,31.2917665],[121.2074284,31.2918899],[121.2074556,31.291889],[121.2074657,31.2921123],[121.2074391,31.2921132],[121.2074608,31.2925865],[121.2070581,31.2925999],[121.2070505,31.2924357],[121.207037,31.2924362],[121.2070315,31.2923113],[121.2069223,31.2923148],[121.2069404,31.2927242],[121.2066008,31.2927351],[121.206583,31.292332],[121.2065058,31.2923345],[121.2064997,31.292198],[121.2060685,31.2922119],[121.2060658,31.2921494],[121.2058877,31.2921551]]]}},
{"type":"Feature","id":"way/266345019","properties":{"category":"academic","center":[121.20834475,31.29199445],"campus":true,"name":"同济新能源工程实验中心","building":"yes"},"geometry":{"type":"Polygon","coordinates":[[[121.2086727,31.2924428],[121.2080285,31.2924672],[121.2080168,31.2922425],[121.2080782,31.2922401],[121.2080421,31.2915437],[121.208625,31.2915217],[121.2086727,31.2924428]]]}},
{"type":"Feature","id":"way/303454714","properties":{"category":"academic","center":[121.20258885,31.2909523],"campus":true,"name":"磁悬浮试验中心","building":"college"},"geometry":{"type":"Polygon","coordinates":[[[121.2028847,31.2913229],[121.2021157,31.2907579],[121.202293,31.2905817],[121.203062,31.2911467],[121.2028847,31.2913229]]]}},
{"type":"Feature","id":"way/303455672","properties":{"category":"academic","center":[121.20926965000001,31.291712099999998],"campus":true,"name":"同济新能源工程研究中心","building":"yes"},"geometry":{"type":"Polygon","coordinates":[[[121.2097336,31.2916588],[121.2097324,31.2917039],[121.2097768,31.2917018],[121.2097828,31.2918259],[121.2092919,31.2918424],[121.2092919,31.2919172],[121.208951,31.2919285],[121.2089474,31.2918567],[121.208909,31.2918557],[121.2089078,31.2917747],[121.2088561,31.2917757],[121.2088537,31.2916741],[121.2088129,31.2916567],[121.2087781,31.2916403],[121.2087673,31.2916229],[121.2087565,31.2916034],[121.2087625,31.2915705],[121.2087853,31.2915398],[121.2088453,31.29151],[121.208927,31.2914957],[121.2090098,31.2915039],[121.2090794,31.2915346],[121.2091454,31.2915757],[121.2092174,31.2915993],[121.2093183,31.2916239],[121.2094047,31.2916352],[121.2096075,31.291629],[121.2096099,31.2916639],[121.2097336,31.2916588]]]}},
{"type":"Feature","id":"way/338105309","properties":{"category":"place","center":[121.20743355,31.28208655],"campus":false,"building":"yes"},"geometry":{"type":"Polygon","coordinates":[[[121.2075518,31.2822669],[121.2073974,31.2822909],[121.2073153,31.2819063],[121.2074698,31.2818822],[121.2075518,31.2822669]]]}},
{"type":"Feature","id":"way/338105310","properties":{"category":"place","center":[121.2073444,31.281559549999997],"campus":false,"building":"yes"},"geometry":{"type":"Polygon","coordinates":[[[121.2071886,31.2813123],[121.207388,31.2812812],[121.2075002,31.2818068],[121.2073007,31.2818379],[121.2071886,31.2813123]]]}},
{"type":"Feature","id":"way/338105311","properties":{"category":"place","center":[121.2072344,31.281009400000002],"campus":false,"building":"yes"},"geometry":{"type":"Polygon","coordinates":[[[121.2073826,31.2811864],[121.2071689,31.2812197],[121.2070862,31.2808324],[121.2072999,31.2807991],[121.2073826,31.2811864]]]}},
{"type":"Feature","id":"way/368398620","properties":{"category":"academic","center":[121.2117898,31.2862633],"campus":true,"name":"迩楼（E楼）","building":"university"},"geometry":{"type":"Polygon","coordinates":[[[121.2121358,31.2859094],[121.2122668,31.2860758],[121.2122349,31.2860849],[121.2122951,31.2861635],[121.2120049,31.2863268],[121.2114881,31.2866172],[121.2112845,31.2863862],[121.2121358,31.2859094]]]}},
{"type":"Feature","id":"way/384531657","properties":{"category":"place","center":[121.2094489,31.2865245],"campus":true,"name":"同济大学（嘉定校区）","name:en":"Tongji University Jiading Campus","amenity":"university"},"geometry":{"type":"Polygon","coordinates":[[[121.2008879,31.2916093],[121.2009871,31.2914417],[121.2012548,31.2910391],[121.2020305,31.2902658],[121.2026316,31.289603],[121.2027997,31.2894428],[121.203237,31.2890935],[121.2034913,31.2888904],[121.2035754,31.2887578],[121.203556,31.2886474],[121.2034978,31.2885479],[121.2025217,31.2879182],[121.2024313,31.2877967],[121.2024183,31.2876697],[121.2024894,31.2875702],[121.2026252,31.2874874],[121.2031481,31.2873003],[121.2030786,31.2872384],[121.2028425,31.2869199],[121.2035265,31.2865028],[121.2039824,31.2862598],[121.2048676,31.285673],[121.2062221,31.2846736],[121.2086414,31.2828902],[121.2132824,31.2794352],[121.2176651,31.2848862],[121.2179646,31.2853801],[121.218001,31.2854369],[121.2180612,31.2855309],[121.2176224,31.285387],[121.217432,31.2854098],[121.2171934,31.285456],[121.2170471,31.2855194],[121.2169023,31.2855871],[121.2166713,31.2856167],[121.2164844,31.2857089],[121.2163746,31.2858098],[121.2162457,31.2858461],[121.2160804,31.2859247],[121.2159191,31.2859783],[121.2157058,31.2861753],[121.2155028,31.2863363],[121.2153051,31.2864099],[121.2151109,31.286534],[121.2149348,31.2866533],[121.2148086,31.286753],[121.2147753,31.2868791],[121.2148074,31.286996],[121.2148974,31.2871524],[121.2150334,31.2873949],[121.2151604,31.2876662],[121.215195,31.2878733],[121.215198,31.2880362],[121.2151978,31.2883049],[121.2152376,31.2885631],[121.2152513,31.2889314],[121.2152292,31.2892014],[121.2152082,31.289356],[121.2152015,31.2896291],[121.2152278,31.2898359],[121.2154163,31.2898205],[121.2155119,31.2899744],[121.2156018,31.2900769],[121.2157734,31.2902608],[121.2158911,31.2903482],[121.2159485,31.2905432],[121.2160128,31.2906212],[121.2161631,31.2907678],[121.2166619,31.2915013],[121.2167112,31.2916244],[121.2169221,31.29237],[121.2168899,31.2924548],[121.2168229,31.2925419],[121.2167263,31.2926336],[121.2164742,31.2926748],[121.2143821,31.2931057],[121.214028,31.2931516],[121.2131614,31.2932349],[121.202424,31.2936138],[121.2023566,31.2935282],[121.2022447,31.293325],[121.2021755,31.2932015],[121.2021103,31.2931985],[121.2019742,31.2930392],[121.2020206,31.2930249],[121.2018316,31.2928201],[121.2017294,31.2927032],[121.2014832,31.2924369],[121.2011699,31.2921014],[121.2008482,31.2917875],[121.2008368,31.2917534],[121.2008366,31.2917113],[121.2008442,31.2916718],[121.2008558,31.2916359],[121.2008879,31.2916093]]]}},
{"type":"Feature","id":"way/384611959","properties":{"category":"living","center":[121.2151393,31.2917691],"campus":true,"name":"友园19号楼","building":"dormitory"},"geometry":{"type":"Polygon","coordinates":[[[121.2148344,31.2919238],[121.2147865,31.2917385],[121.2154442,31.2916144],[121.2154921,31.2917996],[121.2148344,31.2919238]]]}},
{"type":"Feature","id":"way/384611960","properties":{"category":"living","center":[121.2151366,31.29214615],"campus":true,"name":"友园20号楼","building":"dormitory"},"geometry":{"type":"Polygon","coordinates":[[[121.2147089,31.292136],[121.2155203,31.2919844],[121.2155643,31.2921564],[121.2149032,31.2922798],[121.2147529,31.2923079],[121.2147089,31.292136]]]}},
{"type":"Feature","id":"way/384611961","properties":{"category":"living","center":[121.2137312,31.29272735],"campus":true,"name":"友园18号楼","building":"dormitory"},"geometry":{"type":"Polygon","coordinates":[[[121.2135747,31.2925437],[121.2136169,31.2926978],[121.2139765,31.2926258],[121.2140264,31.292808],[121.2135119,31.292911],[121.2135056,31.2928879],[121.2134738,31.2928942],[121.213436,31.2927563],[121.2135735,31.2927288],[121.2135254,31.2925536],[121.2135747,31.2925437]]]}},
{"type":"Feature","id":"way/384611962","properties":{"category":"living","center":[121.21379085,31.292376349999998],"campus":true,"name":"友园17号楼","building":"dormitory"},"geometry":{"type":"Polygon","coordinates":[[[121.2141633,31.2924233],[121.2134589,31.2925525],[121.2134388,31.2924725],[121.2134184,31.2923917],[121.2134793,31.2923805],[121.2134365,31.2922102],[121.2134905,31.2922002],[121.2135336,31.2923719],[121.2141232,31.2922637],[121.2141633,31.2924233]]]}},
{"type":"Feature","id":"way/384611963","properties":{"category":"living","center":[121.21380595,31.29204895],"campus":true,"name":"友园16号楼","building":"dormitory"},"geometry":{"type":"Polygon","coordinates":[[[121.2142941,31.2920402],[121.2133599,31.2922185],[121.2133178,31.2920577],[121.214252,31.2918794],[121.2142941,31.2920402]]]}},
{"type":"Feature","id":"way/384611964","properties":{"category":"place","center":[121.2174497,31.2898535],"campus":false,"name":"嘉实生活广场"},"geometry":{"type":"Polygon","coordinates":[[[121.2165834,31.2901385],[121.2165987,31.2900083],[121.2166101,31.2899108],[121.2166238,31.2897938],[121.2166557,31.2895212],[121.2166745,31.2894891],[121.21672,31.2894524],[121.2167978,31.2894249],[121.2182194,31.2895257],[121.218316,31.2897572],[121.2181987,31.2901113],[121.218155,31.2902432],[121.2181255,31.2902753],[121.2180612,31.2902821],[121.2165834,31.2901385]]]}},
{"type":"Feature","id":"way/384611965","properties":{"category":"place","center":[121.21672935000001,31.2890103],"campus":false,"name":"上城名都","landuse":"residential"},"geometry":{"type":"Polygon","coordinates":[[[121.2167263,31.2926336],[121.2168229,31.2925419],[121.2168899,31.2924548],[121.2169221,31.29237],[121.2168585,31.2921279],[121.2167112,31.2916244],[121.2166619,31.2915013],[121.2161631,31.2907678],[121.2160128,31.2906212],[121.2159485,31.2905432],[121.2158911,31.2903482],[121.2157734,31.2902608],[121.2156018,31.2900769],[121.2155119,31.2899744],[121.2154163,31.2898205],[121.2152278,31.2898359],[121.2152015,31.2896291],[121.2152082,31.289356],[121.2152292,31.2892014],[121.2152513,31.2889314],[121.2152376,31.2885631],[121.2151978,31.2883049],[121.215198,31.2880362],[121.215195,31.2878733],[121.2151604,31.2876662],[121.2150334,31.2873949],[121.2148974,31.2871524],[121.2148074,31.286996],[121.2147753,31.2868791],[121.2148086,31.286753],[121.2149348,31.2866533],[121.2151109,31.286534],[121.2153051,31.2864099],[121.2155028,31.2863363],[121.2157058,31.2861753],[121.2159191,31.2859783],[121.2160804,31.2859247],[121.2162457,31.2858461],[121.2163746,31.2858098],[121.2164844,31.2857089],[121.2166713,31.2856167],[121.2169023,31.2855871],[121.2170471,31.2855194],[121.2171934,31.285456],[121.217432,31.2854098],[121.2176224,31.285387],[121.2180612,31.2855309],[121.2182543,31.2859523],[121.218383,31.2862915],[121.2184903,31.2866124],[121.2185547,31.2868875],[121.2186512,31.2873276],[121.2186834,31.2877127],[121.2186727,31.2883086],[121.2185869,31.2890513],[121.2185547,31.2896381],[121.2184826,31.2904137],[121.2184632,31.2905596],[121.2182865,31.2922235],[121.2182757,31.2924069],[121.2180301,31.2925196],[121.2178344,31.2925219],[121.2167263,31.2926336]]]}},
{"type":"Feature","id":"way/384612822","properties":{"category":"academic","center":[121.20762775,31.29081215],"campus":true,"name":"开物馆（机械与能源工程学院）","building":"university","building:levels":"7"},"geometry":{"type":"Polygon","coordinates":[[[121.2072875,31.2911561],[121.2072895,31.2909851],[121.2075767,31.2909875],[121.2075787,31.2908157],[121.2069678,31.2908103],[121.206972,31.2904661],[121.2080511,31.2904758],[121.2080887,31.2905217],[121.2080865,31.2908228],[121.2076442,31.2908204],[121.2076429,31.2909942],[121.2082877,31.2909979],[121.2082866,31.2911261],[121.2075466,31.2911216],[121.2075463,31.2911582],[121.2072875,31.2911561]]]}},
{"type":"Feature","id":"way/384612823","properties":{"category":"academic","center":[121.20675835,31.28979735],"campus":true,"name":"德才馆（材料科学与工程学院）","building":"university","building:levels":"7"},"geometry":{"type":"Polygon","coordinates":[[[121.2060878,31.2894902],[121.2063023,31.2894902],[121.2064142,31.2896576],[121.206702,31.2895171],[121.2066779,31.289481],[121.2069032,31.289481],[121.2072143,31.2899807],[121.2073484,31.2899761],[121.2074289,31.2901045],[121.207107,31.2901137],[121.2069859,31.2899513],[121.2067047,31.2901045],[121.2065008,31.2901091],[121.2060878,31.2894902]]]}},
{"type":"Feature","id":"way/384612824","properties":{"category":"academic","center":[121.20613605,31.290938699999998],"campus":true,"name":"宁远馆（汽车学院）","building":"university","building:levels":"7"},"geometry":{"type":"Polygon","coordinates":[[[121.205487,31.2909354],[121.2057028,31.2908244],[121.205773,31.290924],[121.2058276,31.2908959],[121.2057524,31.2907892],[121.2059729,31.2906757],[121.2060506,31.2907861],[121.2061036,31.2907588],[121.2060257,31.2906483],[121.2062463,31.2905347],[121.2063407,31.2906685],[121.2062526,31.2907139],[121.2063694,31.2908794],[121.2064894,31.2908176],[121.2067851,31.2912368],[121.2061414,31.2912689],[121.2059005,31.2909268],[121.2056996,31.2910302],[121.2058809,31.2912877],[121.2057738,31.2913427],[121.205487,31.2909354]]]}},
{"type":"Feature","id":"way/384612825","properties":{"category":"place","center":[121.20397715,31.291976599999998],"campus":true,"landuse":"education"},"geometry":{"type":"Polygon","coordinates":[[[121.2038876,31.292327],[121.2038714,31.2920601],[121.2029009,31.2913736],[121.2020315,31.2907535],[121.2022603,31.2904683],[121.2032842,31.2911672],[121.2031591,31.2913006],[121.2058925,31.2933002],[121.2059228,31.2933749],[121.2057297,31.2934299],[121.2037448,31.2934849],[121.2030019,31.2934574],[121.2029343,31.2931351],[121.2032781,31.2929518],[121.2035133,31.2927436],[121.2038876,31.292327]]]}},
{"type":"Feature","id":"way/384612826","properties":{"category":"place","center":[121.20353185,31.288277899999997],"campus":true,"name":"新农村发展研究院（同济生态园）","landuse":"farmyard"},"geometry":{"type":"Polygon","coordinates":[[[121.2026252,31.2874874],[121.2031481,31.2873003],[121.2032592,31.2873936],[121.2037549,31.2878093],[121.2038514,31.287862],[121.2039292,31.2878895],[121.2040147,31.2879031],[121.2040875,31.2879101],[121.2042055,31.287901],[121.2042243,31.2879422],[121.2042672,31.2880064],[121.2043182,31.2880729],[121.2043825,31.2881462],[121.2046454,31.2883686],[121.203604,31.2891232],[121.2034358,31.2892555],[121.203237,31.2890935],[121.2034913,31.2888904],[121.2035754,31.2887578],[121.203556,31.2886474],[121.2034978,31.2885479],[121.2025217,31.2879182],[121.2024313,31.2877967],[121.2024183,31.2876697],[121.2024894,31.2875702],[121.2026252,31.2874874]]]}},
{"type":"Feature","id":"way/384612827","properties":{"category":"place","center":[121.2144337,31.28594335],"campus":true,"name":"朋园","landuse":"residential"},"geometry":{"type":"Polygon","coordinates":[[[121.21329,31.2858128],[121.2138187,31.2855025],[121.2139555,31.2853886],[121.2140778,31.2852355],[121.2141154,31.2851662],[121.2151314,31.2852193],[121.2155774,31.2858111],[121.214033,31.2867205],[121.2139011,31.2865594],[121.21329,31.2858128]]]}},
{"type":"Feature","id":"way/384791122","properties":{"category":"water","center":[121.21634209999999,31.2874642],"campus":false,"natural":"water"},"geometry":{"type":"Polygon","coordinates":[[[121.2149888,31.2895348],[121.2150366,31.2892034],[121.2151106,31.2888298],[121.2151247,31.2885223],[121.2151077,31.2882962],[121.2150452,31.288057],[121.2148459,31.2875802],[121.2146428,31.2871781],[121.214623,31.2869726],[121.2146303,31.2868186],[121.214664,31.2867026],[121.2147832,31.2866059],[121.215367,31.2862439],[121.2155642,31.2860841],[121.2161743,31.2857445],[121.2168106,31.2854788],[121.2175424,31.2852993],[121.2176958,31.2853045],[121.2179646,31.2853801],[121.218001,31.2854369],[121.2180612,31.2855309],[121.2176224,31.285387],[121.217432,31.2854098],[121.2171934,31.285456],[121.2170471,31.2855194],[121.2169023,31.2855871],[121.2166713,31.2856167],[121.2164844,31.2857089],[121.2163746,31.2858098],[121.2162457,31.2858461],[121.2160804,31.2859247],[121.2159191,31.2859783],[121.2157058,31.2861753],[121.2155028,31.2863363],[121.2153051,31.2864099],[121.2151109,31.286534],[121.2149348,31.2866533],[121.2148086,31.286753],[121.2147753,31.2868791],[121.2148074,31.286996],[121.2148974,31.2871524],[121.2150334,31.2873949],[121.2151604,31.2876662],[121.215195,31.2878733],[121.215198,31.2880362],[121.2151978,31.2883049],[121.2152376,31.2885631],[121.2152513,31.2889314],[121.2152292,31.2892014],[121.2152082,31.289356],[121.2152015,31.2896291],[121.2149888,31.2895348]]]}},
{"type":"Feature","id":"way/384791123","properties":{"category":"water","center":[121.21724415,31.29039255],"campus":false,"natural":"water"},"geometry":{"type":"Polygon","coordinates":[[[121.2160057,31.2904569],[121.2161737,31.2903044],[121.2162645,31.2902187],[121.216377,31.2902186],[121.2165347,31.2903505],[121.2175081,31.2903629],[121.2184826,31.2904137],[121.2184632,31.2905596],[121.2181936,31.2905553],[121.2180425,31.2905665],[121.2179243,31.2905375],[121.217798,31.2905655],[121.2176745,31.2905369],[121.2175656,31.2905428],[121.2174832,31.2905344],[121.2173291,31.2905251],[121.2172682,31.2905391],[121.2171097,31.2905105],[121.2169979,31.290535],[121.2168967,31.2905072],[121.2167629,31.2905305],[121.2166341,31.290496],[121.2164871,31.2905153],[121.2163315,31.2904966],[121.216261,31.290512],[121.2161681,31.2905658],[121.216059,31.2905575],[121.2160057,31.2904569]]]}},
{"type":"Feature","id":"way/384792911","properties":{"category":"place","center":[121.2165528,31.28851955],"campus":false,"building":"apartments"},"geometry":{"type":"Polygon","coordinates":[[[121.2163398,31.2884046],[121.2168044,31.2885093],[121.2167657,31.2886345],[121.2163012,31.2885298],[121.2163398,31.2884046]]]}},
{"type":"Feature","id":"way/384792912","properties":{"category":"place","center":[121.2157,31.28838865],"campus":false,"building":"apartments"},"geometry":{"type":"Polygon","coordinates":[[[121.2154642,31.288345],[121.2159309,31.288329],[121.2159358,31.2884323],[121.215469,31.2884483],[121.2154642,31.288345]]]}},
{"type":"Feature","id":"way/384792913","properties":{"category":"place","center":[121.2163391,31.28903165],"campus":false,"building":"apartments"},"geometry":{"type":"Polygon","coordinates":[[[121.2161181,31.2890127],[121.2161842,31.2890043],[121.2162631,31.2889932],[121.2163649,31.2889772],[121.2165331,31.2889473],[121.2165601,31.2890544],[121.2164809,31.289069],[121.2163629,31.2890883],[121.2162515,31.2891046],[121.2161651,31.289116],[121.2161181,31.2890127]]]}},
{"type":"Feature","id":"way/384792914","properties":{"category":"place","center":[121.21573685,31.28887045],"campus":false,"building":"apartments"},"geometry":{"type":"Polygon","coordinates":[[[121.2155167,31.2887753],[121.2159811,31.2888407],[121.215957,31.2889656],[121.2154926,31.2889002],[121.2155167,31.2887753]]]}},
{"type":"Feature","id":"way/384792915","properties":{"category":"place","center":[121.21629605,31.2897702],"campus":false,"building":"apartments"},"geometry":{"type":"Polygon","coordinates":[[[121.2161114,31.2896497],[121.2162658,31.2896497],[121.2164069,31.2896784],[121.216521,31.2897472],[121.2165143,31.2898276],[121.2164539,31.2898907],[121.2162793,31.2898161],[121.2161517,31.2897645],[121.2160711,31.2897587],[121.2161114,31.2896497]]]}},
{"type":"Feature","id":"way/384792916","properties":{"category":"place","center":[121.2156397,31.28811915],"campus":false,"building":"residential"},"geometry":{"type":"Polygon","coordinates":[[[121.2153888,31.2880677],[121.2158783,31.2880352],[121.2158906,31.2881706],[121.2154011,31.2882031],[121.2153888,31.2880677]]]}},
{"type":"Feature","id":"way/384792917","properties":{"category":"place","center":[121.2156042,31.287841649999997],"campus":false,"building":"residential"},"geometry":{"type":"Polygon","coordinates":[[[121.2153634,31.2879409],[121.2153498,31.2877714],[121.2158449,31.2877424],[121.2158586,31.2879119],[121.2153634,31.2879409]]]}},
{"type":"Feature","id":"way/384792918","properties":{"category":"place","center":[121.21613105,31.2881273],"campus":false,"building":"residential"},"geometry":{"type":"Polygon","coordinates":[[[121.2159607,31.2881873],[121.2159841,31.2880323],[121.2163014,31.2880673],[121.216278,31.2882223],[121.2159607,31.2881873]]]}},
{"type":"Feature","id":"way/384792919","properties":{"category":"place","center":[121.2161687,31.28784175],"campus":false,"building":"residential"},"geometry":{"type":"Polygon","coordinates":[[[121.2159898,31.2879025],[121.2160172,31.2877402],[121.2163476,31.2877809],[121.2163201,31.2879433],[121.2159898,31.2879025]]]}},
{"type":"Feature","id":"way/384792920","properties":{"category":"place","center":[121.21653119999999,31.2882036],"campus":false,"building":"residential"},"geometry":{"type":"Polygon","coordinates":[[[121.2163783,31.2882448],[121.2164159,31.288089],[121.2166841,31.2881577],[121.2166251,31.2883182],[121.2163783,31.2882448]]]}},
{"type":"Feature","id":"way/384792921","properties":{"category":"place","center":[121.2165979,31.28792765],"campus":false,"building":"residential"},"geometry":{"type":"Polygon","coordinates":[[[121.2164246,31.2879753],[121.2164821,31.2878076],[121.2167712,31.2878799],[121.2167138,31.2880477],[121.2164246,31.2879753]]]}},
{"type":"Feature","id":"way/384792922","properties":{"category":"place","center":[121.21692,31.288322800000003],"campus":false,"building":"residential"},"geometry":{"type":"Polygon","coordinates":[[[121.216738,31.2883593],[121.216802,31.2881989],[121.217102,31.2882863],[121.2170381,31.2884467],[121.216738,31.2883593]]]}},
{"type":"Feature","id":"way/384792923","properties":{"category":"place","center":[121.21698950000001,31.2880395],"campus":false,"building":"residential"},"geometry":{"type":"Polygon","coordinates":[[[121.2169297,31.287922],[121.2170132,31.2879461],[121.2169686,31.2880591],[121.2171158,31.2881015],[121.2170939,31.288157],[121.2168632,31.2880905],[121.2169297,31.287922]]]}},
{"type":"Feature","id":"way/384792924","properties":{"category":"place","center":[121.21736150000001,31.288415399999998],"campus":false,"building":"residential"},"geometry":{"type":"Polygon","coordinates":[[[121.217172,31.2884968],[121.2171952,31.2883031],[121.217551,31.2883342],[121.2175425,31.2884054],[121.217478,31.2883998],[121.2174711,31.2884568],[121.2175341,31.2884623],[121.2175263,31.2885277],[121.217172,31.2884968]]]}},
{"type":"Feature","id":"way/384792925","properties":{"category":"place","center":[121.2174311,31.2881418],"campus":false,"building":"residential"},"geometry":{"type":"Polygon","coordinates":[[[121.217293,31.2881836],[121.2173171,31.2880706],[121.2175561,31.2880571],[121.2175692,31.2882265],[121.217293,31.2881836]]]}},
{"type":"Feature","id":"way/384792927","properties":{"category":"academic","center":[121.21050155,31.288379300000003],"campus":true,"building":"college"},"geometry":{"type":"Polygon","coordinates":[[[121.2104487,31.2883468],[121.2104873,31.2883251],[121.2105544,31.2884116],[121.2105154,31.2884335],[121.2104487,31.2883468]]]}},
{"type":"Feature","id":"way/384792928","properties":{"category":"academic","center":[121.21023905,31.2880618],"campus":true,"building":"college"},"geometry":{"type":"Polygon","coordinates":[[[121.2102233,31.2879884],[121.210313,31.2881025],[121.2102573,31.2881352],[121.2101651,31.2880207],[121.2102233,31.2879884]]]}},
{"type":"Feature","id":"way/384792929","properties":{"category":"academic","center":[121.2110571,31.288078400000003],"campus":true,"building":"college"},"geometry":{"type":"Polygon","coordinates":[[[121.2109491,31.2881883],[121.2108933,31.2881158],[121.2111622,31.2879685],[121.2112209,31.2880393],[121.2109491,31.2881883]]]}},
{"type":"Feature","id":"way/384792930","properties":{"category":"academic","center":[121.21076785,31.28772475],"campus":true,"building":"college"},"geometry":{"type":"Polygon","coordinates":[[[121.2106165,31.2877627],[121.2108671,31.2876241],[121.2109192,31.2876872],[121.2106658,31.2878254],[121.2106165,31.2877627]]]}},
{"type":"Feature","id":"way/479430618","properties":{"category":"academic","center":[121.20401665,31.292263300000002],"campus":true,"building":"yes"},"geometry":{"type":"Polygon","coordinates":[[[121.2038986,31.2922341],[121.2039669,31.2921673],[121.2041347,31.2922925],[121.2040664,31.2923593],[121.2038986,31.2922341]]]}},
{"type":"Feature","id":"way/628240638","properties":{"category":"library","center":[121.20748515,31.2886112],"campus":true,"name":"同济大学嘉定校区图书馆","name:en":"Library of Jiading campus, Tongji University","building":"yes","amenity":"library"},"geometry":{"type":"Polygon","coordinates":[[[121.2074158,31.2889442],[121.2071021,31.2885322],[121.2075611,31.2882782],[121.2078682,31.2886732],[121.2076426,31.2888084],[121.2074158,31.2889442]]]}},
{"type":"Feature","id":"way/697909729","properties":{"category":"academic","center":[121.2142838,31.2864827],"campus":true,"name":"朋园5号公寓","building":"residential","building:levels":"10"},"geometry":{"type":"Polygon","coordinates":[[[121.2141327,31.2865193],[121.2143853,31.2863767],[121.2144349,31.2864499],[121.2141958,31.2865887],[121.2141327,31.2865193]]]}},
{"type":"Feature","id":"way/697909730","properties":{"category":"academic","center":[121.2150168,31.285981550000002],"campus":true,"name":"朋园4号公寓","building":"residential","building:levels":"6"},"geometry":{"type":"Polygon","coordinates":[[[121.2145838,31.2862957],[121.2145116,31.2862109],[121.2154363,31.2856674],[121.215522,31.2857715],[121.2145838,31.2862957]]]}},
{"type":"Feature","id":"way/697909731","properties":{"category":"academic","center":[121.2141363,31.28607755],"campus":true,"name":"朋园1号公寓","building":"residential","building:levels":"6"},"geometry":{"type":"Polygon","coordinates":[[[121.2138822,31.2863012],[121.2138215,31.2861586],[121.2143525,31.2858539],[121.2144511,31.2859511],[121.2138822,31.2863012]]]}},
{"type":"Feature","id":"way/697909732","properties":{"category":"academic","center":[121.2149177,31.28560105],"campus":true,"name":"朋园3号公寓","building":"residential","building:levels":"6"},"geometry":{"type":"Polygon","coordinates":[[[121.2146332,31.2858474],[121.2145573,31.2857437],[121.2152401,31.2853547],[121.2152781,31.2854844],[121.2146332,31.2858474]]]}},
{"type":"Feature","id":"way/697909733","properties":{"category":"academic","center":[121.21401115,31.2856205],"campus":true,"name":"朋园2号公寓","building":"residential","building:levels":"6"},"geometry":{"type":"Polygon","coordinates":[[[121.2136622,31.2859771],[121.2136318,31.2859317],[121.2135408,31.2859058],[121.2140111,31.2856335],[121.2142046,31.2854746],[121.2143373,31.2852639],[121.2144815,31.2853158],[121.214326,31.2855524],[121.2141097,31.2857242],[121.2136622,31.2859771]]]}},
{"type":"Feature","id":"way/703847709","properties":{"category":"academic","center":[121.202115,31.29308075],"campus":true,"building":"yes"},"geometry":{"type":"Polygon","coordinates":[[[121.202042,31.2930584],[121.2021224,31.2930148],[121.202188,31.293103],[121.2021076,31.2931467],[121.202042,31.2930584]]]}},
{"type":"Feature","id":"way/914304994","properties":{"category":"place","center":[121.2093955,31.279028750000002],"campus":false,"landuse":"residential"},"geometry":{"type":"Polygon","coordinates":[[[121.2064489,31.2789568],[121.2059301,31.2764098],[121.205914,31.2761118],[121.2059194,31.2758688],[121.205973,31.275612],[121.2112033,31.2767124],[121.212877,31.278936],[121.2102699,31.280967],[121.2082368,31.2824455],[121.2080517,31.2822919],[121.2078345,31.2822048],[121.207695,31.2820604],[121.2076601,31.2818862],[121.2073517,31.2802839],[121.2073356,31.2801097],[121.2074107,31.2800019],[121.2077326,31.2798483],[121.2075609,31.279532],[121.2075716,31.2792867],[121.2074563,31.2790437],[121.2070915,31.2788466],[121.2064489,31.2789568]]]}},
{"type":"Feature","id":"way/914304995","properties":{"category":"place","center":[121.20239765,31.280376099999998],"campus":false,"name":"绿苑五村二区","landuse":"residential"},"geometry":{"type":"Polygon","coordinates":[[[121.2002465,31.2825716],[121.2002331,31.2804627],[121.2002331,31.2795457],[121.2002251,31.278709],[121.2002385,31.2785234],[121.2002814,31.2782231],[121.2002827,31.2778872],[121.2004356,31.2778689],[121.2005737,31.2778643],[121.2006274,31.2778735],[121.2010807,31.2789635],[121.201247,31.2792569],[121.201432,31.2795159],[121.2016466,31.2797498],[121.2019819,31.2800409],[121.2023762,31.2802885],[121.2026551,31.2804077],[121.2029153,31.2805039],[121.2032828,31.2806025],[121.2035939,31.2806529],[121.2038434,31.2806781],[121.2041008,31.2806896],[121.2042242,31.2808776],[121.2042886,31.2809968],[121.2043154,31.2811481],[121.2045702,31.2827458],[121.2045622,31.2828008],[121.2045139,31.2828489],[121.2044415,31.2828764],[121.2043691,31.2828879],[121.2024862,31.2828696],[121.2024057,31.2828535],[121.2023118,31.2828031],[121.2022313,31.2827893],[121.2013113,31.2827641],[121.2009841,31.2827527],[121.2004182,31.2826885],[121.2003243,31.2826678],[121.2002733,31.2826312],[121.2002465,31.2825716]]]}},
{"type":"Feature","id":"way/914304996","properties":{"category":"place","center":[121.2033592,31.285831100000003],"campus":false,"name":"中国海油","name:en":"CNOOC","amenity":"fuel"},"geometry":{"type":"Polygon","coordinates":[[[121.2031433,31.286152],[121.2029475,31.2858999],[121.2032184,31.2855102],[121.2037709,31.2857623],[121.2034625,31.2859755],[121.2031433,31.286152]]]}},
{"type":"Feature","id":"way/914305001","properties":{"category":"place","center":[121.2025398,31.284260949999997],"campus":false,"name":"书香居2期","landuse":"residential"},"geometry":{"type":"Polygon","coordinates":[[[121.2038782,31.2857073],[121.2014455,31.2842495],[121.2015313,31.2841486],[121.2001741,31.2834014],[121.2001741,31.2828146],[121.2013167,31.2829475],[121.2045354,31.2831125],[121.204648,31.2831355],[121.2047124,31.2831997],[121.2047553,31.2833372],[121.2048314,31.283554],[121.204884,31.2837039],[121.2048948,31.2839011],[121.2049055,31.2841211],[121.2048626,31.284277],[121.2047929,31.2843824],[121.2046695,31.2845016],[121.2046587,31.2846483],[121.2046963,31.2848042],[121.204884,31.2849968],[121.2038782,31.2857073]]]}},
{"type":"Feature","id":"way/914305002","properties":{"category":"place","center":[121.2052276,31.281906149999998],"campus":false,"name":"书香居一期","landuse":"residential"},"geometry":{"type":"Polygon","coordinates":[[[121.205104,31.2834541],[121.2048465,31.2824111],[121.2046748,31.2814071],[121.2044924,31.2806965],[121.2048197,31.2806415],[121.2051254,31.280591],[121.2054312,31.280481],[121.2057208,31.2803582],[121.2058041,31.2816707],[121.2058416,31.2819939],[121.205914,31.2821429],[121.2059516,31.282269],[121.2059623,31.2825922],[121.2059628,31.2826936],[121.2059516,31.2831057],[121.2059087,31.2831401],[121.205104,31.2834541]]]}},
{"type":"Feature","id":"way/914305003","properties":{"category":"place","center":[121.2061648,31.28184715],"campus":false,"landuse":"retail"},"geometry":{"type":"Polygon","coordinates":[[[121.2075716,31.2792867],[121.2075609,31.279532],[121.2077326,31.2798483],[121.2074107,31.2800019],[121.2073356,31.2801097],[121.2073517,31.2802839],[121.2076601,31.2818862],[121.207695,31.2820604],[121.2078345,31.2822048],[121.2080517,31.2822919],[121.2082368,31.2824455],[121.2070861,31.283328],[121.2051174,31.2848913],[121.2050825,31.2848501],[121.2050557,31.2847721],[121.205053,31.2846415],[121.2050611,31.2845039],[121.205155,31.2843137],[121.2051898,31.2842105],[121.205171,31.2838965],[121.205104,31.2834541],[121.2059087,31.2831401],[121.2059516,31.2831057],[121.2059628,31.2826936],[121.2059623,31.2825922],[121.2059516,31.282269],[121.205914,31.2821429],[121.2058416,31.2819939],[121.2058041,31.2816707],[121.2057208,31.2803582],[121.2057102,31.280183],[121.2053588,31.2803297],[121.2050289,31.2804443],[121.2046105,31.2805154],[121.2044308,31.2805016],[121.2041008,31.279626],[121.2040928,31.2795595],[121.2041196,31.2794976],[121.2041813,31.2794426],[121.2045085,31.2792432],[121.2046963,31.2791056],[121.2048519,31.2789406],[121.2049296,31.278803],[121.204986,31.2791629],[121.2062493,31.278991],[121.2064489,31.2789568],[121.2070915,31.2788466],[121.2074563,31.2790437],[121.2075716,31.2792867]]]}},
{"type":"Feature","id":"way/1085982602","properties":{"category":"place","center":[121.20496510000001,31.28123375],"campus":false,"building":"yes"},"geometry":{"type":"Polygon","coordinates":[[[121.204777,31.2812827],[121.2047773,31.2811842],[121.2051532,31.2811848],[121.2051529,31.2812833],[121.204777,31.2812827]]]}},
{"type":"Feature","id":"way/1085982603","properties":{"category":"place","center":[121.2053648,31.281944699999997],"campus":false,"building":"yes"},"geometry":{"type":"Polygon","coordinates":[[[121.2050665,31.2820118],[121.2050675,31.2818743],[121.2056631,31.2818776],[121.2056621,31.2820151],[121.2050665,31.2820118]]]}},
{"type":"Feature","id":"way/1085982604","properties":{"category":"place","center":[121.20550295000001,31.28070655],"campus":false,"building":"yes"},"geometry":{"type":"Polygon","coordinates":[[[121.2053149,31.2807555],[121.2053151,31.280657],[121.205691,31.2806576],[121.2056908,31.2807561],[121.2053149,31.2807555]]]}},
{"type":"Feature","id":"way/1085982605","properties":{"category":"place","center":[121.20551485,31.2830027],"campus":false,"building":"yes"},"geometry":{"type":"Polygon","coordinates":[[[121.2051958,31.2830677],[121.2051968,31.2829343],[121.2058339,31.2829377],[121.2058329,31.2830711],[121.2051958,31.2830677]]]}},
{"type":"Feature","id":"way/1085982606","properties":{"category":"place","center":[121.2054916,31.282466200000002],"campus":false,"building":"yes"},"geometry":{"type":"Polygon","coordinates":[[[121.2051726,31.2825312],[121.2051735,31.2823978],[121.2058106,31.2824012],[121.2058097,31.2825346],[121.2051726,31.2825312]]]}},
{"type":"Feature","id":"way/1085982607","properties":{"category":"place","center":[121.20550775000001,31.28107625],"campus":false,"building":"yes"},"geometry":{"type":"Polygon","coordinates":[[[121.2053197,31.2811252],[121.2053199,31.2810267],[121.2056958,31.2810273],[121.2056956,31.2811258],[121.2053197,31.2811252]]]}},
{"type":"Feature","id":"way/1085982608","properties":{"category":"place","center":[121.20482865,31.28085345],"campus":false,"building":"yes"},"geometry":{"type":"Polygon","coordinates":[[[121.2046406,31.2809024],[121.2046408,31.2808039],[121.2050167,31.2808046],[121.2050165,31.280903],[121.2046406,31.2809024]]]}},
{"type":"Feature","id":"way/1085982609","properties":{"category":"place","center":[121.20551739999999,31.28147555],"campus":false,"building":"yes"},"geometry":{"type":"Polygon","coordinates":[[[121.2053293,31.2815245],[121.2053296,31.281426],[121.2057055,31.2814266],[121.2057052,31.2815251],[121.2053293,31.2815245]]]}},
{"type":"Feature","id":"way/1085983329","properties":{"category":"sport","center":[121.20367555,31.28010925],"campus":false,"leisure":"pitch","sport":"basketball"},"geometry":{"type":"Polygon","coordinates":[[[121.2036302,31.2802798],[121.2035309,31.2799856],[121.2037209,31.2799387],[121.2038202,31.2802329],[121.2036302,31.2802798]]]}},
{"type":"Feature","id":"way/1085983330","properties":{"category":"sport","center":[121.2032878,31.2802021],"campus":false,"leisure":"pitch","sport":"tennis"},"geometry":{"type":"Polygon","coordinates":[[[121.2032558,31.2803644],[121.2031573,31.280081],[121.2033199,31.2800398],[121.2034183,31.2803232],[121.2032558,31.2803644]]]}},
{"type":"Feature","id":"way/1085983331","properties":{"category":"sport","center":[121.20348235,31.28015925],"campus":false,"leisure":"pitch","sport":"basketball"},"geometry":{"type":"Polygon","coordinates":[[[121.203437,31.2803298],[121.2033377,31.2800356],[121.2035277,31.2799887],[121.203627,31.280283],[121.203437,31.2803298]]]}},
{"type":"Feature","id":"way/1085983332","properties":{"category":"place","center":[121.2062139,31.28329575],"campus":false,"building":"yes"},"geometry":{"type":"Polygon","coordinates":[[[121.2057627,31.283639],[121.205763,31.2832711],[121.2061384,31.2832713],[121.2061388,31.2828132],[121.2065324,31.2828135],[121.2066586,31.2829255],[121.2066651,31.2832667],[121.2062462,31.2832724],[121.2064849,31.283477],[121.2061313,31.2837783],[121.2059689,31.2836391],[121.2057627,31.283639]]]}},
{"type":"Feature","id":"way/1085984768","properties":{"category":"place","center":[121.20268105,31.2832613],"campus":false,"building":"yes"},"geometry":{"type":"Polygon","coordinates":[[[121.2024376,31.2832793],[121.2024432,31.2832134],[121.2029245,31.2832432],[121.2029189,31.2833092],[121.2024376,31.2832793]]]}},
{"type":"Feature","id":"way/1085984769","properties":{"category":"place","center":[121.20455485,31.28424975],"campus":false,"building":"yes"},"geometry":{"type":"Polygon","coordinates":[[[121.2043962,31.2842798],[121.2044023,31.2842019],[121.2047135,31.2842196],[121.2047074,31.2842976],[121.2043962,31.2842798]]]}},
{"type":"Feature","id":"way/1085984770","properties":{"category":"place","center":[121.20270225,31.2835464],"campus":false,"building":"yes"},"geometry":{"type":"Polygon","coordinates":[[[121.202496,31.2835887],[121.2025054,31.2834788],[121.2029085,31.283504],[121.202899,31.283614],[121.202496,31.2835887]]]}},
{"type":"Feature","id":"way/1085984771","properties":{"category":"place","center":[121.2042302,31.28365855],"campus":false,"building":"yes"},"geometry":{"type":"Polygon","coordinates":[[[121.2040068,31.2836964],[121.2040166,31.283591],[121.2044536,31.2836206],[121.2044438,31.2837261],[121.2040068,31.2836964]]]}},
{"type":"Feature","id":"way/1085984772","properties":{"category":"place","center":[121.20275805,31.2842065],"campus":false,"building":"yes"},"geometry":{"type":"Polygon","coordinates":[[[121.2024401,31.2842393],[121.2024509,31.284129],[121.203076,31.2841736],[121.2030652,31.284284],[121.2024401,31.2842393]]]}},
{"type":"Feature","id":"way/1085984773","properties":{"category":"place","center":[121.2034494,31.28454045],"campus":false,"building":"yes"},"geometry":{"type":"Polygon","coordinates":[[[121.2031315,31.2845733],[121.2031422,31.284463],[121.2037673,31.2845076],[121.2037565,31.2846179],[121.2031315,31.2845733]]]}},
{"type":"Feature","id":"way/1085984774","properties":{"category":"place","center":[121.2035506,31.2836027],"campus":false,"building":"yes"},"geometry":{"type":"Polygon","coordinates":[[[121.2031873,31.2836343],[121.2031956,31.2835294],[121.2039139,31.283571],[121.2039056,31.283676],[121.2031873,31.2836343]]]}},
{"type":"Feature","id":"way/1085984775","properties":{"category":"place","center":[121.2032368,31.28330735],"campus":false,"building":"yes"},"geometry":{"type":"Polygon","coordinates":[[[121.2029934,31.2833254],[121.202999,31.2832594],[121.2034802,31.2832893],[121.2034746,31.2833553],[121.2029934,31.2833254]]]}},
{"type":"Feature","id":"way/1085984776","properties":{"category":"place","center":[121.20380505,31.2833416],"campus":false,"building":"yes"},"geometry":{"type":"Polygon","coordinates":[[[121.2035616,31.2833597],[121.2035672,31.2832937],[121.2040485,31.2833235],[121.2040429,31.2833895],[121.2035616,31.2833597]]]}},
{"type":"Feature","id":"way/1085984777","properties":{"category":"place","center":[121.20436839999999,31.28338145],"campus":false,"building":"yes"},"geometry":{"type":"Polygon","coordinates":[[[121.204125,31.2833995],[121.2041306,31.2833335],[121.2046118,31.2833634],[121.2046062,31.2834294],[121.204125,31.2833995]]]}},
{"type":"Feature","id":"way/1085984778","properties":{"category":"place","center":[121.20422945,31.28459845],"campus":false,"building":"yes"},"geometry":{"type":"Polygon","coordinates":[[[121.2039115,31.2846313],[121.2039223,31.284521],[121.2045474,31.2845656],[121.2045366,31.2846759],[121.2039115,31.2846313]]]}},
{"type":"Feature","id":"way/1085984779","properties":{"category":"place","center":[121.20045895,31.28318445],"campus":false,"building":"yes"},"geometry":{"type":"Polygon","coordinates":[[[121.2003668,31.2831695],[121.2003746,31.2830534],[121.2005809,31.2830636],[121.2005736,31.2831716],[121.2006248,31.2831741],[121.2006152,31.2833155],[121.2002931,31.2832997],[121.2003021,31.2831663],[121.2003668,31.2831695]]]}},
{"type":"Feature","id":"way/1436876742","properties":{"category":"place","center":[121.21809745,31.2795447],"campus":false,"name":"上海曹安钢材交易市场","landuse":"industrial"},"geometry":{"type":"Polygon","coordinates":[[[121.2177077,31.2813943],[121.2171957,31.2810981],[121.2159602,31.2796534],[121.215878,31.2792964],[121.2152198,31.2783397],[121.2164725,31.2776951],[121.2167387,31.2781038],[121.2171671,31.2787614],[121.2172362,31.2788675],[121.2180404,31.278554],[121.2182719,31.2784376],[121.2188556,31.278158],[121.2190924,31.2785305],[121.2192511,31.2784824],[121.2195965,31.2791167],[121.2206182,31.2787057],[121.2209751,31.2794088],[121.2209538,31.2794178],[121.2207089,31.2795242],[121.2205915,31.2795319],[121.2203272,31.2796682],[121.2203069,31.2797467],[121.2203379,31.2798109],[121.2203137,31.2798748],[121.2194493,31.2803585],[121.2196062,31.2806368],[121.2180804,31.2812572],[121.2177077,31.2813943]]]}},
{"type":"Feature","id":"way/1436876743","properties":{"category":"place","center":[121.21582855,31.2809617],"campus":false,"name":"上海氢能与燃料电池产业园","landuse":"commercial"},"geometry":{"type":"Polygon","coordinates":[[[121.2169807,31.281278],[121.2159419,31.2821426],[121.2146764,31.2806032],[121.2153879,31.2802385],[121.215081,31.2798922],[121.2152986,31.2798152],[121.2156076,31.2797808],[121.2167086,31.281102],[121.2169807,31.281278]]]}},
{"type":"Feature","id":"way/1454134970","properties":{"category":"place","center":[121.21334265,31.28088755],"campus":true,"name":"模拟月表试验场"},"geometry":{"type":"Polygon","coordinates":[[[121.2132568,31.2812605],[121.2129037,31.2808262],[121.2134285,31.2805146],[121.2137816,31.280949],[121.2132568,31.2812605]]]}},
{"type":"Feature","id":"way/1456310339","properties":{"category":"academic","center":[121.21245024999999,31.2855611],"campus":true,"name":"艺嘉楼（学生活动中心）","name:en":"Yijia Building","building":"university"},"geometry":{"type":"Polygon","coordinates":[[[121.2123821,31.2860591],[121.2118769,31.2854548],[121.2125103,31.2850631],[121.2130236,31.285683],[121.2123821,31.2860591]]]}},
{"type":"Feature","id":"way/1456311254","properties":{"category":"place","center":[121.20567985,31.28407215],"campus":false,"name":"天骄公寓","building":"dormitory"},"geometry":{"type":"Polygon","coordinates":[[[121.2056661,31.2836841],[121.2059667,31.2839454],[121.2060466,31.2840137],[121.2055157,31.2844602],[121.2053131,31.2842954],[121.2055441,31.2840803],[121.2053707,31.2839159],[121.2055223,31.2837949],[121.2056661,31.2836841]]]}},
{"type":"Feature","id":"way/1456414426","properties":{"category":"academic","center":[121.21449865,31.2892029],"campus":true,"name":"菜鸟驿站","name:en":"CAI NIAO","building":"yes","amenity":"post_office"},"geometry":{"type":"Polygon","coordinates":[[[121.2141601,31.2892718],[121.2141836,31.2890844],[121.2148372,31.2891328],[121.2148088,31.2893214],[121.2144521,31.2892939],[121.2141601,31.2892718]]]}},
{"type":"Feature","id":"way/1456416426","properties":{"category":"place","center":[121.20792885,31.2844662],"campus":true,"name":"同济大学-校名石"},"geometry":{"type":"Polygon","coordinates":[[[121.2079132,31.2845161],[121.2078931,31.2845084],[121.207875,31.2844914],[121.2078675,31.2844693],[121.2078742,31.2844473],[121.2078909,31.284426],[121.2079256,31.2844157],[121.2079608,31.2844222],[121.2079824,31.2844377],[121.2079902,31.2844633],[121.2079862,31.2844862],[121.2079703,31.2845043],[121.2079449,31.2845167],[121.2079132,31.2845161]]]}},
{"type":"Feature","id":"way/1456423193","properties":{"category":"place","center":[121.20625455,31.286479],"campus":true,"name":"龙舟码头","name:en":"Dragon Boat Dock"},"geometry":{"type":"Polygon","coordinates":[[[121.2061052,31.2863592],[121.2061356,31.286335],[121.2064039,31.2866013],[121.2063733,31.286623],[121.2061052,31.2863592]]]}},
{"type":"Feature","id":"way/1456432430","properties":{"category":"sport","center":[121.2124793,31.2921552],"campus":true,"leisure":"pitch","sport":"soccer"},"geometry":{"type":"Polygon","coordinates":[[[121.2121473,31.2926678],[121.2121044,31.2916719],[121.2128034,31.2916426],[121.2128542,31.2926345],[121.2121473,31.2926678]]]}},
{"type":"Feature","id":"way/1456432604","properties":{"category":"place","center":[121.2111237,31.292825999999998],"campus":true,"amenity":"parking"},"geometry":{"type":"Polygon","coordinates":[[[121.2109675,31.2929047],[121.2109569,31.2927718],[121.2112794,31.2927473],[121.2112905,31.2928801],[121.2109675,31.2929047]]]}},
{"type":"Feature","id":"way/1456436384","properties":{"category":"sport","center":[121.2064575,31.288185050000003],"campus":true,"leisure":"golf_course"},"geometry":{"type":"Polygon","coordinates":[[[121.2063135,31.2879949],[121.206665,31.288249],[121.206474,31.2883752],[121.2064445,31.2883477],[121.2064338,31.2883672],[121.20625,31.2883144],[121.2063135,31.2879949]]]}},
{"type":"Feature","id":"way/1456436385","properties":{"category":"green","center":[121.20573045,31.2868104],"campus":true,"landuse":"grass"},"geometry":{"type":"Polygon","coordinates":[[[121.2058577,31.2861376],[121.2065555,31.2867963],[121.2061215,31.2870922],[121.2059895,31.2872075],[121.205842,31.2873655],[121.2057952,31.2874807],[121.2056926,31.2874832],[121.205695,31.2871783],[121.2049054,31.2871737],[121.204915,31.2868442],[121.2051475,31.2866654],[121.2058577,31.2861376]]]}},
{"type":"Feature","id":"way/1456436707","properties":{"category":"green","center":[121.21107645000001,31.2838688],"campus":true,"landuse":"grass"},"geometry":{"type":"Polygon","coordinates":[[[121.2107432,31.2843763],[121.2103561,31.2843968],[121.2104043,31.2842948],[121.2104968,31.2841898],[121.2106293,31.2841205],[121.2108696,31.2840553],[121.211293,31.2839342],[121.2115049,31.2838319],[121.2116356,31.28372],[121.2117236,31.2835782],[121.2117441,31.2834329],[121.211766,31.2833408],[121.2117968,31.2834869],[121.21179,31.2835963],[121.2116874,31.2837811],[121.2114582,31.2839076],[121.2112221,31.2839966],[121.2109758,31.2840889],[121.210798,31.2842052],[121.2107432,31.2843763]]]}},
{"type":"Feature","id":"way/1456436708","properties":{"category":"green","center":[121.2121466,31.28301285],"campus":true,"landuse":"grass"},"geometry":{"type":"Polygon","coordinates":[[[121.2108471,31.2840031],[121.2107315,31.2839113],[121.2106265,31.2837389],[121.2105984,31.2836175],[121.2107978,31.2834774],[121.2102355,31.2829085],[121.2107074,31.2825769],[121.2109476,31.2824283],[121.2112981,31.2822444],[121.2115997,31.2821322],[121.211945,31.2820407],[121.2121987,31.2820046],[121.2124851,31.2819763],[121.2127851,31.2819704],[121.2132333,31.2819754],[121.2136434,31.2819734],[121.2140483,31.2819831],[121.2140573,31.2824304],[121.2140577,31.2825926],[121.2137323,31.2826151],[121.2135932,31.282579],[121.2134552,31.2826223],[121.2133114,31.2827647],[121.2131378,31.2827548],[121.213042,31.2827138],[121.2128915,31.282748],[121.2127581,31.2829293],[121.2126144,31.2830969],[121.2124673,31.283114],[121.2122894,31.2830456],[121.2121013,31.2830285],[121.2120021,31.2830627],[121.2118703,31.2831245],[121.2118105,31.2831687],[121.211766,31.2832508],[121.211766,31.2833637],[121.2117236,31.2835782],[121.2116356,31.28372],[121.2115049,31.2838319],[121.211293,31.2839342],[121.2108696,31.2840553],[121.2108471,31.2840031]]]}},
{"type":"Feature","id":"way/1456436709","properties":{"category":"place","center":[121.21295445000001,31.28413595],"campus":true,"landuse":"brownfield"},"geometry":{"type":"Polygon","coordinates":[[[121.2131378,31.2827548],[121.2133114,31.2827647],[121.2137323,31.2826151],[121.2140577,31.2825926],[121.2140828,31.2828077],[121.214089,31.2839235],[121.2140916,31.2847548],[121.2140635,31.2849763],[121.2139641,31.285174],[121.2138202,31.2853555],[121.2132521,31.2856793],[121.2129118,31.2852854],[121.2128124,31.2850678],[121.2128304,31.2847329],[121.2128409,31.2843935],[121.2127804,31.2843861],[121.2118468,31.2844238],[121.2118173,31.2842052],[121.2118687,31.2840992],[121.2119644,31.284],[121.212351,31.2838118],[121.2124194,31.283699],[121.2124023,31.2836134],[121.2125904,31.2835279],[121.2125939,31.2834356],[121.2125768,31.2833329],[121.2126349,31.2832064],[121.2127752,31.2831516],[121.2128265,31.2831037],[121.2129154,31.2829874],[121.2130728,31.282943],[121.213148,31.2828609],[121.2131378,31.2827548]]]}},
{"type":"Feature","id":"way/1456440738","properties":{"category":"green","center":[121.20886245,31.289210150000002],"campus":true,"landuse":"grass"},"geometry":{"type":"Polygon","coordinates":[[[121.2086076,31.2887451],[121.2090703,31.2893139],[121.2092486,31.289533],[121.2092852,31.2895781],[121.2091285,31.2896752],[121.2084397,31.2888473],[121.2086076,31.2887451]]]}},
{"type":"Feature","id":"way/1456440739","properties":{"category":"green","center":[121.20929720000001,31.2890002],"campus":true,"landuse":"grass"},"geometry":{"type":"Polygon","coordinates":[[[121.2087844,31.2886346],[121.2089806,31.2885202],[121.2092178,31.288792],[121.2094146,31.2889988],[121.2096088,31.2892441],[121.209728,31.2891784],[121.20981,31.2892728],[121.2094679,31.2894802],[121.2087844,31.2886346]]]}},
{"type":"Feature","id":"way/1456440740","properties":{"category":"academic","center":[121.2108102,31.2911161],"campus":true,"name":"嘉定校区体育教学部","building":"school"},"geometry":{"type":"Polygon","coordinates":[[[121.2107146,31.2911788],[121.2107054,31.2910637],[121.2109082,31.2910534],[121.210915,31.2911698],[121.2107146,31.2911788]]]}},
{"type":"Feature","id":"way/1456440741","properties":{"category":"green","center":[121.21025405,31.290379549999997],"campus":true,"landuse":"grass"},"geometry":{"type":"Polygon","coordinates":[[[121.209544,31.2895756],[121.2096994,31.289475],[121.2097234,31.2894845],[121.2101578,31.2900149],[121.210386,31.2903031],[121.2105449,31.290496],[121.2109641,31.2909876],[121.2109082,31.2910534],[121.2107054,31.2910637],[121.2107146,31.2911788],[121.210723,31.2912759],[121.210489,31.2912841],[121.2105051,31.2912106],[121.2105155,31.2910944],[121.2105155,31.2909472],[121.2105074,31.2907706],[121.2104739,31.2906269],[121.2104257,31.2904876],[121.2103805,31.290359],[121.2102367,31.2901852],[121.2100305,31.2899684],[121.2098587,31.2898275],[121.2096497,31.2896612],[121.209544,31.2895756]]]}},
{"type":"Feature","id":"way/1456440742","properties":{"category":"green","center":[121.20962975,31.2904716],"campus":true,"landuse":"grass"},"geometry":{"type":"Polygon","coordinates":[[[121.2093823,31.2896789],[121.2097999,31.2900202],[121.2099287,31.2901385],[121.2100403,31.2902533],[121.2101433,31.2903813],[121.210231,31.2905038],[121.2102712,31.2906023],[121.2103064,31.2907557],[121.2103237,31.2909462],[121.2103149,31.2911562],[121.2102894,31.2912543],[121.2099118,31.2912643],[121.2098719,31.2907185],[121.2097787,31.2905106],[121.209721,31.2905155],[121.2092523,31.2899493],[121.2091428,31.2900155],[121.2090538,31.2900471],[121.2089358,31.2899095],[121.2090736,31.2898353],[121.2093823,31.2896789]]]}},
{"type":"Feature","id":"way/1456440743","properties":{"category":"green","center":[121.21202025,31.29086635],"campus":true,"landuse":"grass"},"geometry":{"type":"Polygon","coordinates":[[[121.2114725,31.290953],[121.211575,31.2909947],[121.2116662,31.2909489],[121.2117923,31.2909695],[121.2118781,31.2909672],[121.2119827,31.2909466],[121.212082,31.290903],[121.2121571,31.2908526],[121.2122322,31.2907815],[121.2122938,31.2906715],[121.2123153,31.2905798],[121.2123824,31.2905363],[121.212568,31.2908468],[121.2121249,31.2910218],[121.2116749,31.2911737],[121.2114836,31.2911964],[121.2114725,31.290953]]]}},
{"type":"Feature","id":"way/1456440744","properties":{"category":"place","center":[121.2111959,31.2910482],"campus":true,"amenity":"parking"},"geometry":{"type":"Polygon","coordinates":[[[121.2114725,31.290953],[121.2114836,31.2911964],[121.211248,31.2912092],[121.2109197,31.2912259],[121.210915,31.2911698],[121.2109082,31.2910534],[121.2109832,31.2909677],[121.2110647,31.2910592],[121.2113998,31.2908705],[121.2114725,31.290953]]]}},
{"type":"Feature","id":"way/1456440745","properties":{"category":"green","center":[121.205728,31.2877523],"campus":true,"landuse":"grass"},"geometry":{"type":"Polygon","coordinates":[[[121.2066084,31.2868627],[121.206621,31.2869812],[121.2066154,31.287033],[121.2065981,31.2871029],[121.2065358,31.2872615],[121.2065007,31.2873218],[121.2064767,31.2873575],[121.2064222,31.2874078],[121.206382,31.2874538],[121.2063505,31.2874962],[121.2063282,31.2875341],[121.2063207,31.2875691],[121.2063873,31.2875852],[121.2063087,31.2878418],[121.2062935,31.2879516],[121.2063011,31.2879942],[121.20625,31.2883144],[121.2062044,31.2883442],[121.206069,31.2883603],[121.2059858,31.288397],[121.2058812,31.2883855],[121.2057766,31.2883247],[121.2056425,31.2883018],[121.2055527,31.288256],[121.2055312,31.2882938],[121.2055017,31.2883282],[121.2054615,31.2883649],[121.2052147,31.2885712],[121.2051502,31.2886419],[121.204835,31.2883648],[121.2049933,31.2882276],[121.2051703,31.2881621],[121.2053852,31.2881653],[121.2055375,31.2881006],[121.2057002,31.2879854],[121.2057954,31.2878257],[121.2058419,31.2876176],[121.2059525,31.2873917],[121.2061679,31.2871579],[121.2066084,31.2868627]]]}},
{"type":"Feature","id":"way/1456440746","properties":{"category":"academic","center":[121.2129097,31.281343149999998],"campus":true,"name":"同济大学嘉定校区小别墅","building":"house"},"geometry":{"type":"Polygon","coordinates":[[[121.2129741,31.281339],[121.2130119,31.2813604],[121.2129401,31.28145],[121.2128872,31.2814227],[121.2128228,31.2813865],[121.2128388,31.2813676],[121.2128075,31.2813497],[121.2129039,31.2812363],[121.2130048,31.2813007],[121.2129741,31.281339]]]}},
{"type":"Feature","id":"way/1456440747","properties":{"category":"academic","center":[121.2125801,31.28135925],"campus":true,"building":"house"},"geometry":{"type":"Polygon","coordinates":[[[121.2125557,31.2814499],[121.2125366,31.2814249],[121.2124702,31.2813365],[121.2126014,31.2812686],[121.21269,31.2813833],[121.2125557,31.2814499]]]}},
{"type":"Feature","id":"way/1456440748","properties":{"category":"academic","center":[121.21298075,31.28161145],"campus":true,"building":"house"},"geometry":{"type":"Polygon","coordinates":[[[121.2129485,31.2815484],[121.2130556,31.2815755],[121.2130107,31.2816745],[121.2129059,31.2816442],[121.2129485,31.2815484]]]}},
{"type":"Feature","id":"way/1456440749","properties":{"category":"academic","center":[121.2124995,31.28158905],"campus":true,"building":"house"},"geometry":{"type":"Polygon","coordinates":[[[121.2124571,31.2816432],[121.212437,31.2815517],[121.2125451,31.2815349],[121.212562,31.281632],[121.2124571,31.2816432]]]}},
{"type":"Feature","id":"way/1456440751","properties":{"category":"place","center":[121.20807755,31.292553249999997],"campus":true,"name":"智能网联汽车测评基地（结构化道路区）","amenity":"research_institute"},"geometry":{"type":"Polygon","coordinates":[[[121.2087844,31.2926016],[121.2090567,31.2920338],[121.2090872,31.2919635],[121.2101391,31.2918882],[121.2101288,31.2922222],[121.2102327,31.2924446],[121.210486,31.2926898],[121.2105306,31.2928555],[121.2105412,31.293087],[121.2100333,31.2931459],[121.2089368,31.293178],[121.2078565,31.2932112],[121.2070755,31.2932183],[121.2064152,31.2931447],[121.2058774,31.2930088],[121.2056139,31.2929174],[121.205734,31.2927886],[121.2058532,31.2925877],[121.2059639,31.292512],[121.2060063,31.2925106],[121.206351,31.2928346],[121.2065298,31.2929499],[121.2066988,31.2929661],[121.2074258,31.2928313],[121.2079399,31.2927468],[121.2087844,31.2926016]]]}},
{"type":"Feature","id":"way/1456449339","properties":{"category":"place","center":[121.20156955,31.2887888],"campus":false,"name":"西上海君廷","landuse":"residential"},"geometry":{"type":"Polygon","coordinates":[[[121.19975,31.2882909],[121.1997859,31.288162],[121.1998113,31.2880422],[121.1998726,31.2879819],[121.2000221,31.2879455],[121.2003889,31.2879393],[121.2008206,31.2878698],[121.2011177,31.2877891],[121.2013115,31.2877153],[121.201934,31.2877755],[121.2022789,31.2878207],[121.2023643,31.2879199],[121.2024174,31.2879715],[121.2025109,31.2880363],[121.2034133,31.2886429],[121.2034528,31.2886864],[121.2034653,31.2887259],[121.2034602,31.2887656],[121.2034356,31.288796],[121.2026023,31.2894694],[121.2025387,31.2895336],[121.2022331,31.2898623],[121.2020141,31.2897292],[121.2016963,31.2896266],[121.2010368,31.2895813],[121.2005998,31.289532],[121.2002694,31.2894396],[121.2001264,31.2893671],[121.2002425,31.2891315],[121.2002437,31.2889059],[121.2001602,31.2886914],[121.1998301,31.2885941],[121.1996738,31.2885302],[121.199674,31.2884307],[121.19975,31.2882909]]]}},
{"type":"Feature","id":"way/1456449340","properties":{"category":"place","center":[121.2005193,31.2899061],"campus":false,"name":"西上海御庭","landuse":"residential"},"geometry":{"type":"Polygon","coordinates":[[[121.1996738,31.2885302],[121.1998301,31.2885941],[121.2001602,31.2886914],[121.2002437,31.2889059],[121.2002425,31.2891315],[121.2001264,31.2893671],[121.2002694,31.2894396],[121.2005998,31.289532],[121.2010368,31.2895813],[121.2016963,31.2896266],[121.2020141,31.2897292],[121.2022331,31.2898623],[121.2019137,31.2902058],[121.2011077,31.2910242],[121.2008493,31.291282],[121.2006735,31.2911647],[121.1998623,31.2906491],[121.1993184,31.2903484],[121.1990053,31.2901316],[121.1988055,31.2898616],[121.1991819,31.2891723],[121.1995319,31.2885413],[121.1996738,31.2885302]]]}},
{"type":"Feature","id":"way/1457176855","properties":{"category":"place","center":[121.21555855,31.2896736],"campus":false,"landuse":"retail"},"geometry":{"type":"Polygon","coordinates":[[[121.2153723,31.2895498],[121.2158598,31.2895942],[121.215854,31.2896588],[121.2158571,31.2897176],[121.215867,31.2897749],[121.2156506,31.2897987],[121.2156463,31.2897373],[121.2153288,31.289711],[121.2152501,31.2896619],[121.2152565,31.2895922],[121.2153399,31.2895485],[121.2153723,31.2895498]]]}},
{"type":"Feature","id":"way/1457177735","properties":{"category":"green","center":[121.2175165,31.2890842],"campus":false,"landuse":"grass"},"geometry":{"type":"Polygon","coordinates":[[[121.2168343,31.2893517],[121.2167913,31.2893315],[121.2167649,31.2893024],[121.2167548,31.2892529],[121.2168137,31.2888488],[121.2171605,31.2888756],[121.2171849,31.2886923],[121.2182782,31.2887774],[121.2182601,31.288909],[121.2181918,31.2894078],[121.218168,31.2894475],[121.2181393,31.2894699],[121.2180666,31.2894761],[121.217428,31.2894173],[121.217012,31.2893787],[121.2168846,31.289364],[121.2168343,31.2893517]]]}},
{"type":"Feature","id":"way/1457177736","properties":{"category":"place","center":[121.21831805,31.289199500000002],"campus":false,"amenity":"parking"},"geometry":{"type":"Polygon","coordinates":[[[121.2181843,31.2894803],[121.2181918,31.2894078],[121.2182601,31.288909],[121.2184518,31.2889221],[121.2184047,31.289196],[121.2183678,31.28949],[121.2181843,31.2894803]]]}},
{"type":"Feature","id":"way/1457177737","properties":{"category":"place","center":[121.21830515,31.29017585],"campus":false,"amenity":"parking"},"geometry":{"type":"Polygon","coordinates":[[[121.2182433,31.2900184],[121.2184265,31.2900299],[121.2183901,31.2903333],[121.2181838,31.2903203],[121.2181845,31.2902831],[121.2182022,31.2902188],[121.2182195,31.2901257],[121.218231,31.2900663],[121.2182433,31.2900184]]]}},
{"type":"Feature","id":"way/1459780531","properties":{"category":"academic","center":[121.20554705,31.290162199999997],"campus":true,"name":"致臻楼（工程实践教育中心）","building":"university"},"geometry":{"type":"Polygon","coordinates":[[[121.2049248,31.2900235],[121.2056726,31.2896073],[121.2061693,31.2903065],[121.2054204,31.2907171],[121.2049248,31.2900235]]]}},
{"type":"Feature","id":"way/1459780532","properties":{"category":"academic","center":[121.204422,31.2910955],"campus":true,"name":"多灾害防控工程馆","building":"yes"},"geometry":{"type":"Polygon","coordinates":[[[121.2050389,31.2909927],[121.204447,31.291578],[121.2040753,31.2913276],[121.2039642,31.2914383],[121.2038051,31.291323],[121.20453,31.290613],[121.2050389,31.2909927]]]}},
{"type":"Feature","id":"way/1461701804","properties":{"category":"place","center":[121.2186545,31.2845663],"campus":false,"building":"yes"},"geometry":{"type":"Polygon","coordinates":[[[121.2191329,31.2845051],[121.2183229,31.2848673],[121.2181761,31.2846274],[121.2189861,31.2842653],[121.2191329,31.2845051]]]}},
{"type":"Feature","id":"way/1461701805","properties":{"category":"place","center":[121.21887505000001,31.2849397],"campus":false,"building":"yes"},"geometry":{"type":"Polygon","coordinates":[[[121.2193535,31.2848785],[121.2185435,31.2852407],[121.2183966,31.2850008],[121.2192067,31.2846387],[121.2193535,31.2848785]]]}},
{"type":"Feature","id":"way/1461701806","properties":{"category":"place","center":[121.2186153,31.28405895],"campus":false,"name":"好德机械","landuse":"industrial"},"geometry":{"type":"Polygon","coordinates":[[[121.2179153,31.2846898],[121.2175422,31.2841731],[121.2185648,31.2836382],[121.2190873,31.2834281],[121.2192718,31.2837457],[121.2195344,31.2836311],[121.2196884,31.2838678],[121.2179153,31.2846898]]]}},
{"type":"Feature","id":"way/1461701807","properties":{"category":"place","center":[121.2179894,31.28277795],"campus":false,"landuse":"residential"},"geometry":{"type":"Polygon","coordinates":[[[121.2172465,31.2838003],[121.2166151,31.2830068],[121.2178037,31.2820651],[121.217686,31.2819487],[121.2179213,31.2817556],[121.2184846,31.2820651],[121.2186672,31.2822238],[121.2193637,31.2832104],[121.219212,31.2833506],[121.2190541,31.2834168],[121.2190263,31.2833533],[121.2186549,31.2834882],[121.2186889,31.283549],[121.2184753,31.2836363],[121.2183856,31.2834988],[121.217751,31.2836786],[121.2176829,31.2836469],[121.2172465,31.2838003]]]}},
{"type":"Feature","id":"way/1490228952","properties":{"category":"place","center":[121.20255775000001,31.291900300000002],"campus":true,"name":"智能网联汽车测评基地（城市道路区）","amenity":"research_institute"},"geometry":{"type":"Polygon","coordinates":[[[121.202716,31.2929487],[121.2023203,31.2928783],[121.201858,31.2924725],[121.2014243,31.2920153],[121.2013768,31.2916798],[121.2015256,31.2913524],[121.2019593,31.2908519],[121.2037007,31.292091],[121.2037387,31.2922425],[121.2037387,31.2923183],[121.2032036,31.2928026],[121.2029883,31.2929108],[121.202716,31.2929487]]]}},
{"type":"Feature","id":"way/1490228953","properties":{"category":"place","center":[121.20365505000001,31.2901302],"campus":true,"name":"智能网联汽车测评基地（乡村道路区）","amenity":"research_institute"},"geometry":{"type":"Polygon","coordinates":[[[121.2038011,31.290626],[121.2029109,31.2899641],[121.2030514,31.2897639],[121.2033849,31.2896344],[121.2037708,31.2896509],[121.2040134,31.2897639],[121.2043992,31.2900513],[121.2038011,31.290626]]]}},
{"type":"Feature","id":"way/1490228954","properties":{"category":"place","center":[121.2045329,31.28924455],"campus":true,"name":"智能网联汽车测评基地（越野道路区）","amenity":"research_institute"},"geometry":{"type":"Polygon","coordinates":[[[121.2044957,31.2899123],[121.2036275,31.2892999],[121.2036192,31.2892387],[121.2045701,31.2885768],[121.2050359,31.2889772],[121.2054466,31.2893023],[121.2047327,31.2897616],[121.2044957,31.2899123]]]}},
{"type":"Feature","id":"way/1540669968","properties":{"category":"academic","center":[121.21577479999999,31.285425],"campus":true,"name":"朋园6号公寓","building":"residential","building:levels":"17"},"geometry":{"type":"Polygon","coordinates":[[[121.2159563,31.2852072],[121.2160779,31.2853646],[121.215604,31.2856428],[121.2154717,31.2854563],[121.2159563,31.2852072]]]}},
{"type":"Feature","id":"way/1540669969","properties":{"category":"academic","center":[121.21609215000001,31.28486265],"campus":true,"name":"朋园7号公寓","building":"residential"},"geometry":{"type":"Polygon","coordinates":[[[121.216271,31.2846082],[121.2164265,31.284813],[121.2159116,31.2851171],[121.2157578,31.2849001],[121.216271,31.2846082]]]}},
{"type":"Feature","id":"way/1540669970","properties":{"category":"academic","center":[121.2161737,31.2841796],"campus":true,"name":"朋园8号公寓","building":"residential"},"geometry":{"type":"Polygon","coordinates":[[[121.2164745,31.2841408],[121.2160168,31.28441],[121.2158729,31.2842285],[121.2163224,31.2839492],[121.2164745,31.2841408]]]}},
{"type":"Feature","id":"way/102780896","properties":{"category":"place","center":[121.2051806,31.28517445],"campus":false,"name":"曹安公路","name:en":"Caoan Highway","highway":"trunk"},"geometry":{"type":"LineString","coordinates":[[121.2050544,31.2852686],[121.2053068,31.2850803]]}},
{"type":"Feature","id":"way/102780913","properties":{"category":"place","center":[121.20690160000001,31.284082249999997],"campus":false,"name":"曹安公路","name:en":"Caoan Highway","highway":"trunk"},"geometry":{"type":"LineString","coordinates":[[121.2073371,31.283759],[121.2071173,31.2839221],[121.2066692,31.2842548],[121.2064661,31.2844055]]}},
{"type":"Feature","id":"way/102780927","properties":{"category":"place","center":[121.20118445,31.2864948],"campus":false,"name":"曹安公路","name:en":"Caoan Highway","highway":"trunk"},"geometry":{"type":"LineString","coordinates":[[121.205168,31.2853859],[121.2050293,31.2854872],[121.204776,31.2856723],[121.2043947,31.2859205],[121.2042864,31.2859866],[121.2039889,31.286168],[121.2035523,31.2864078],[121.2033583,31.2865026],[121.203107,31.2866254],[121.2026482,31.2868291],[121.2024801,31.286888],[121.2021628,31.2869992],[121.2016733,31.2871604],[121.2011887,31.2872893],[121.2006897,31.2874013],[121.2001813,31.2874833],[121.1998981,31.2875207],[121.1996705,31.2875508],[121.1991639,31.2875899],[121.1988594,31.2875981],[121.1986522,31.2876037],[121.1981466,31.2875969],[121.1976476,31.2875735],[121.1974705,31.2875599],[121.197265,31.2875442],[121.1972009,31.2875393]]}},
{"type":"Feature","id":"way/102780957","properties":{"category":"place","center":[121.21087765,31.28111165],"campus":false,"name":"曹安公路","name:en":"Caoan Highway","highway":"trunk"},"geometry":{"type":"LineString","coordinates":[[121.2133085,31.279294],[121.2128192,31.2796599],[121.2084468,31.2829293]]}},
{"type":"Feature","id":"way/102780972","properties":{"category":"place","center":[121.21409009999999,31.27879155],"campus":false,"name":"曹安公路","name:en":"Caoan Highway","highway":"trunk"},"geometry":{"type":"LineString","coordinates":[[121.2147809,31.2783553],[121.2144677,31.2785316],[121.2139908,31.2788263],[121.2136229,31.2790737],[121.2133993,31.2792278]]}},
{"type":"Feature","id":"way/102781022","properties":{"category":"place","center":[121.2052974,31.2852909],"campus":false,"name":"曹安公路","name:en":"Caoan Highway","highway":"trunk"},"geometry":{"type":"LineString","coordinates":[[121.2054268,31.2851959],[121.205168,31.2853859]]}},
{"type":"Feature","id":"way/102781029","properties":{"category":"place","center":[121.21398775,31.2786635],"campus":false,"name":"曹安公路","name:en":"Caoan Highway","highway":"trunk"},"geometry":{"type":"LineString","coordinates":[[121.2132844,31.2790962],[121.2134777,31.2789517],[121.2138784,31.2786805],[121.2143694,31.2783973],[121.2146911,31.2782308]]}},
{"type":"Feature","id":"way/102782753","properties":{"category":"place","center":[121.20301305,31.28633265],"campus":false,"name":"曹安公路","name:en":"Caoan Highway","highway":"trunk"},"geometry":{"type":"LineString","coordinates":[[121.201337,31.2871165],[121.2016187,31.2870377],[121.201677,31.2870192],[121.202113,31.2868806],[121.202581,31.286701],[121.2028345,31.2865923],[121.203037,31.2865055],[121.2032499,31.2864056],[121.2034787,31.2862983],[121.2036104,31.2862257],[121.2039025,31.2860647],[121.2040741,31.2859581],[121.2042977,31.2858191],[121.2046129,31.2856015],[121.2046891,31.2855488]]}},
{"type":"Feature","id":"way/108718486","properties":{"category":"place","center":[121.2140004,31.2801616],"campus":false,"name":"嘉松北路","name:en":"North Jiasong Road","highway":"primary"},"geometry":{"type":"LineString","coordinates":[[121.214086,31.280268],[121.2139148,31.2800552]]}},
{"type":"Feature","id":"way/108718491","properties":{"category":"place","center":[121.2185916,31.290523200000003],"campus":false,"name":"嘉松北路","name:en":"North Jiasong Road","highway":"primary"},"geometry":{"type":"LineString","coordinates":[[121.2185829,31.290617],[121.2186003,31.2904294]]}},
{"type":"Feature","id":"way/108718493","properties":{"category":"place","center":[121.21620419999999,31.282811199999998],"campus":false,"name":"嘉松北路","name:en":"North Jiasong Road","highway":"primary"},"geometry":{"type":"LineString","coordinates":[[121.2141905,31.2802227],[121.2151784,31.2814484],[121.2175815,31.2844419],[121.2177787,31.2847122],[121.2179739,31.2849929],[121.2181603,31.2852946],[121.2182179,31.2853997]]}},
{"type":"Feature","id":"way/108718509","properties":{"category":"place","center":[121.21609029999999,31.28282845],"campus":false,"name":"嘉松北路","name:en":"North Jiasong Road","highway":"primary"},"geometry":{"type":"LineString","coordinates":[[121.2180946,31.2853889],[121.2180543,31.2853251],[121.2178839,31.2850409],[121.2176897,31.284766],[121.2174928,31.2844972],[121.2162535,31.2829588],[121.2144971,31.2807286],[121.214086,31.280268]]}},
{"type":"Feature","id":"way/108718517","properties":{"category":"place","center":[121.218609,31.2876712],"campus":false,"name":"嘉松北路","name:en":"North Jiasong Road","highway":"primary"},"geometry":{"type":"LineString","coordinates":[[121.2183192,31.2855899],[121.21847,31.2859158],[121.2185817,31.2862067],[121.2186759,31.2865166],[121.2187723,31.2868877],[121.2188305,31.2872305],[121.21887,31.2875483],[121.2188956,31.2878685],[121.2188964,31.2879502],[121.2188988,31.2881826],[121.2188845,31.2884952],[121.2187993,31.2894091],[121.2187711,31.2897525]]}},
{"type":"Feature","id":"way/108718520","properties":{"category":"place","center":[121.21849645,31.2876807],"campus":false,"name":"嘉松北路","name:en":"North Jiasong Road","highway":"primary"},"geometry":{"type":"LineString","coordinates":[[121.2186613,31.289771],[121.2187108,31.2890722],[121.2187802,31.2884885],[121.2187918,31.2881781],[121.218789,31.2879547],[121.2187882,31.2878668],[121.2187666,31.2875535],[121.2187231,31.2872386],[121.2186698,31.2869044],[121.2185689,31.2865346],[121.2183671,31.2859423],[121.2182011,31.2855904]]}},
{"type":"Feature","id":"way/108718522","properties":{"category":"place","center":[121.2141082,31.28011925],"campus":false,"name":"嘉松北路","name:en":"North Jiasong Road","highway":"primary"},"geometry":{"type":"LineString","coordinates":[[121.2140259,31.2800158],[121.2141905,31.2802227]]}},
{"type":"Feature","id":"way/108718523","properties":{"category":"place","center":[121.21870095,31.2905308],"campus":false,"name":"嘉松北路","name:en":"North Jiasong Road","highway":"primary"},"geometry":{"type":"LineString","coordinates":[[121.2187093,31.2904381],[121.2186926,31.2906235]]}},
{"type":"Feature","id":"way/108718527","properties":{"category":"place","center":[121.21859685,31.29167875],"campus":false,"name":"嘉松北路","name:en":"North Jiasong Road","highway":"primary"},"geometry":{"type":"LineString","coordinates":[[121.2186926,31.2906235],[121.2185081,31.2926359],[121.2185011,31.292734]]}},
{"type":"Feature","id":"way/108718528","properties":{"category":"place","center":[121.21814785000001,31.285489650000002],"campus":false,"name":"嘉松北路","name:en":"North Jiasong Road","highway":"primary"},"geometry":{"type":"LineString","coordinates":[[121.2182011,31.2855904],[121.2180946,31.2853889]]}},
{"type":"Feature","id":"way/108718550","properties":{"category":"place","center":[121.21830589999999,31.293733500000002],"campus":false,"name":"嘉松北路","name:en":"North Jiasong Road","highway":"primary"},"geometry":{"type":"LineString","coordinates":[[121.2182083,31.2948318],[121.2183944,31.2927286],[121.2184035,31.2926352]]}},
{"type":"Feature","id":"way/108718552","properties":{"category":"place","center":[121.21334185,31.279162],"campus":false,"name":"嘉松北路","name:en":"North Jiasong Road","highway":"primary"},"geometry":{"type":"LineString","coordinates":[[121.2132844,31.2790962],[121.2133993,31.2792278]]}},
{"type":"Feature","id":"way/108718553","properties":{"category":"place","center":[121.21826855,31.285494800000002],"campus":false,"name":"嘉松北路","name:en":"North Jiasong Road","highway":"primary"},"geometry":{"type":"LineString","coordinates":[[121.2182179,31.2853997],[121.2183192,31.2855899]]}},
{"type":"Feature","id":"way/132228614","properties":{"category":"place","center":[121.20924725,31.27874465],"campus":false,"name":"玉麦路","name:en":"Yumai Road","highway":"residential","source":"Bing"},"geometry":{"type":"LineString","coordinates":[[121.2065021,31.2799164],[121.2119924,31.2775729]]}},
{"type":"Feature","id":"way/132228615","properties":{"category":"place","center":[121.204233,31.280629],"campus":false,"name":"杭桂路","name:en":"Hanggui Road","highway":"residential","source":"Bing"},"geometry":{"type":"LineString","coordinates":[[121.2040274,31.2806351],[121.204242,31.280634],[121.2044386,31.2806229]]}},
{"type":"Feature","id":"way/132228617","properties":{"category":"place","center":[121.20547035,31.28026965],"campus":false,"name":"杭桂路","name:en":"Hanggui Road","highway":"residential","source":"Bing"},"geometry":{"type":"LineString","coordinates":[[121.2044386,31.2806229],[121.2046514,31.2805941],[121.2048642,31.280552],[121.2050978,31.2804943],[121.2053652,31.2804033],[121.2057444,31.2802409],[121.2060514,31.2801094],[121.2060678,31.2801024],[121.2065021,31.2799164]]}},
{"type":"Feature","id":"way/135372842","properties":{"category":"place","center":[121.2118328,31.2858349],"campus":true,"highway":"footway"},"geometry":{"type":"LineString","coordinates":[[121.2118232,31.2860331],[121.211735,31.2859166],[121.2117244,31.2858672],[121.211735,31.2858178],[121.2119412,31.2856367]]}},
{"type":"Feature","id":"way/135372843","properties":{"category":"place","center":[121.21016230000001,31.2864093],"campus":true,"highway":"footway"},"geometry":{"type":"LineString","coordinates":[[121.2097821,31.2864743],[121.2099117,31.2864203],[121.2100599,31.2863815],[121.2102011,31.2863638],[121.2103529,31.2863603],[121.2105425,31.2863443]]}},
{"type":"Feature","id":"way/135372844","properties":{"category":"place","center":[121.2106197,31.28652135],"campus":true,"highway":"footway"},"geometry":{"type":"LineString","coordinates":[[121.2106969,31.2866984],[121.2105602,31.2864706],[121.2105425,31.2863443]]}},
{"type":"Feature","id":"way/135372845","properties":{"category":"place","center":[121.21192955000001,31.28503855],"campus":true,"highway":"footway"},"geometry":{"type":"LineString","coordinates":[[121.2116278,31.2849565],[121.211735,31.2849636],[121.2118656,31.2849812],[121.2119785,31.2850236],[121.2120738,31.2850765],[121.2122313,31.2851206]]}},
{"type":"Feature","id":"way/135382788","properties":{"category":"place","center":[121.21003759999999,31.2852357],"campus":true,"highway":"footway"},"geometry":{"type":"LineString","coordinates":[[121.2094262,31.2860155],[121.2095995,31.2859061],[121.2096841,31.2858657],[121.209787,31.2858501],[121.2099095,31.2858097],[121.2100059,31.2857511],[121.2100893,31.2856716],[121.2101205,31.2855518],[121.2101466,31.2854515],[121.2102013,31.2853538],[121.2102495,31.2852704],[121.2102768,31.2851805],[121.210286,31.2851128],[121.2103081,31.285045],[121.2103576,31.2849538],[121.2104149,31.2849057],[121.2104827,31.2848614],[121.2105217,31.2847962],[121.2105348,31.2847611],[121.2105504,31.2847011],[121.2105647,31.2846686],[121.2105934,31.2846451],[121.2106325,31.2846204],[121.210649,31.2845742],[121.2106455,31.2844559]]}},
{"type":"Feature","id":"way/135382790","properties":{"category":"place","center":[121.21037125000001,31.2851981],"campus":true,"highway":"footway"},"geometry":{"type":"LineString","coordinates":[[121.2104657,31.2852157],[121.2103915,31.2852118],[121.2103289,31.2851961],[121.2102768,31.2851805]]}},
{"type":"Feature","id":"way/135382792","properties":{"category":"place","center":[121.21018760000001,31.2850958],"campus":true,"highway":"footway"},"geometry":{"type":"LineString","coordinates":[[121.2100671,31.2851362],[121.210101,31.2851466],[121.2101518,31.2851349],[121.2102326,31.2850919],[121.2103081,31.285045]]}},
{"type":"Feature","id":"way/135382793","properties":{"category":"place","center":[121.21012185000001,31.28577975],"campus":true,"highway":"footway"},"geometry":{"type":"LineString","coordinates":[[121.2101544,31.2858879],[121.2101244,31.2858305],[121.2100997,31.2857693],[121.2100906,31.2857224],[121.2100893,31.2856716]]}},
{"type":"Feature","id":"way/135382795","properties":{"category":"place","center":[121.21001565,31.285475599999998],"campus":true,"highway":"footway"},"geometry":{"type":"LineString","coordinates":[[121.2098847,31.2854671],[121.2099108,31.2854827],[121.209946,31.2854997],[121.2100098,31.2854971],[121.2100749,31.285484],[121.2101466,31.2854515]]}},
{"type":"Feature","id":"way/135385546","properties":{"category":"place","center":[121.21047200000001,31.28775715],"campus":true,"highway":"service"},"geometry":{"type":"LineString","coordinates":[[121.21052,31.2877292],[121.2104755,31.2877616],[121.210424,31.2877851]]}},
{"type":"Feature","id":"way/135385547","properties":{"category":"place","center":[121.20897585,31.28561905],"campus":true,"name":"中央大道","name:en":"Central Avenue","highway":"service"},"geometry":{"type":"LineString","coordinates":[[121.2086498,31.2852627],[121.2093019,31.2859754]]}},
{"type":"Feature","id":"way/135385548","properties":{"category":"place","center":[121.20964115000001,31.2870328],"campus":true,"name":"中央大道","name:en":"Zhongyan Avenue","highway":"service"},"geometry":{"type":"LineString","coordinates":[[121.2100499,31.2875526],[121.2098294,31.2872721],[121.2092324,31.286513]]}},
{"type":"Feature","id":"way/135385550","properties":{"category":"place","center":[121.20558825,31.28759045],"campus":true,"name":"嘉一路","name:en":"Jiayi Road","highway":"service"},"geometry":{"type":"LineString","coordinates":[[121.2046454,31.2883686],[121.2048676,31.2882126],[121.2049808,31.2881418],[121.205072,31.2881005],[121.2051626,31.2881071],[121.2052544,31.2881234],[121.2053295,31.2881142],[121.2054958,31.2880455],[121.2056674,31.2878942],[121.2057318,31.2877842],[121.2057747,31.2876146],[121.2058176,31.2874449],[121.2059249,31.2872937],[121.2061073,31.2871195],[121.2065311,31.2868123]]}},
{"type":"Feature","id":"way/135387800","properties":{"category":"place","center":[121.21195655,31.28311365],"campus":true,"highway":"footway"},"geometry":{"type":"LineString","coordinates":[[121.2119093,31.283086],[121.2119494,31.2831225],[121.2119672,31.2831074],[121.2120038,31.2831413]]}},
{"type":"Feature","id":"way/135404398","properties":{"category":"place","center":[121.20913285,31.2863834],"campus":true,"name":"中央大道","name:en":"Zhongyan Avenue","highway":"service"},"geometry":{"type":"LineString","coordinates":[[121.2092324,31.286513],[121.2090333,31.2862538]]}},
{"type":"Feature","id":"way/135404399","properties":{"category":"place","center":[121.2094672,31.2861939],"campus":true,"name":"中央大道","name:en":"Zhongyan Avenue","highway":"service"},"geometry":{"type":"LineString","coordinates":[[121.2093702,31.2860656],[121.2095642,31.2863222]]}},
{"type":"Feature","id":"way/135404400","properties":{"category":"place","center":[121.20995535,31.28682955],"campus":true,"name":"中央大道","name:en":"Zhongyan Avenue","highway":"service"},"geometry":{"type":"LineString","coordinates":[[121.2095642,31.2863222],[121.2099522,31.2868255],[121.2103465,31.2873369]]}},
{"type":"Feature","id":"way/135404401","properties":{"category":"place","center":[121.20899985,31.2862102],"campus":true,"highway":"service"},"geometry":{"type":"LineString","coordinates":[[121.2090333,31.2862538],[121.2089664,31.2861666]]}},
{"type":"Feature","id":"way/135419989","properties":{"category":"place","center":[121.21209635,31.28452685],"campus":true,"highway":"steps"},"geometry":{"type":"LineString","coordinates":[[121.2121663,31.2844743],[121.2120264,31.2845794]]}},
{"type":"Feature","id":"way/135419990","properties":{"category":"place","center":[121.21197095,31.2845257],"campus":true,"highway":"steps"},"geometry":{"type":"LineString","coordinates":[[121.2120264,31.2845794],[121.2119155,31.284472]]}},
{"type":"Feature","id":"way/135420816","properties":{"category":"place","center":[121.2123972,31.28468735],"campus":true,"name":"嘉二路","name:en":"Jiaer Road","highway":"service"},"geometry":{"type":"LineString","coordinates":[[121.2142353,31.2818967],[121.214225,31.2845057],[121.2142221,31.2847873],[121.2142044,31.2849409],[121.214167,31.2850711],[121.21414,31.2851181],[121.2141154,31.2851662],[121.2140778,31.2852355],[121.2139555,31.2853886],[121.2138187,31.2855025],[121.21329,31.2858128],[121.2125182,31.2862834],[121.2105591,31.287478]]}},
{"type":"Feature","id":"way/135420817","properties":{"category":"place","center":[121.21187845,31.2865774],"campus":true,"name":"嘉二路","name:en":"Jiaer Road","highway":"service"},"geometry":{"type":"LineString","coordinates":[[121.2105156,31.2874071],[121.2111148,31.2870423],[121.2126239,31.2861236],[121.2132413,31.2857477]]}},
{"type":"Feature","id":"way/135420818","properties":{"category":"place","center":[121.2141159,31.287576100000003],"campus":true,"name":"同丁路","name:en":"Tongding Road","highway":"service"},"geometry":{"type":"LineString","coordinates":[[121.2132413,31.2857477],[121.21329,31.2858128],[121.2139011,31.2865594],[121.214033,31.2867205],[121.2144863,31.2872753],[121.2146311,31.2874724],[121.214781,31.2877266],[121.2148304,31.2878385],[121.2148559,31.2878964],[121.2149637,31.2882839],[121.2149905,31.2885727],[121.2149744,31.2888156],[121.2148722,31.2894045]]}},
{"type":"Feature","id":"way/135420819","properties":{"category":"place","center":[121.2130028,31.2850669],"campus":true,"name":"同丁路","name:en":"Tongding Road","highway":"service"},"geometry":{"type":"LineString","coordinates":[[121.2132413,31.2857477],[121.2129049,31.2853323],[121.2128469,31.2852549],[121.2127888,31.2851365],[121.2127643,31.2849981],[121.2127791,31.2847227],[121.2127786,31.284472],[121.2127804,31.2843861]]}},
{"type":"Feature","id":"way/135421965","properties":{"category":"place","center":[121.2090349,31.2855691],"campus":true,"highway":"footway"},"geometry":{"type":"LineString","coordinates":[[121.2087078,31.2852054],[121.209362,31.2859328]]}},
{"type":"Feature","id":"way/135422201","properties":{"category":"place","center":[121.21114865,31.286165099999998],"campus":true,"highway":"footway"},"geometry":{"type":"LineString","coordinates":[[121.2112906,31.2863362],[121.2110067,31.285994]]}},
{"type":"Feature","id":"way/135427149","properties":{"category":"place","center":[121.2113992,31.28650195],"campus":true,"highway":"footway"},"geometry":{"type":"LineString","coordinates":[[121.2096338,31.2862831],[121.2097821,31.2864743],[121.2103785,31.287243],[121.2104178,31.2872881],[121.2104686,31.287307],[121.2105334,31.2873119],[121.2105688,31.2873044],[121.2124218,31.2861869],[121.2131462,31.28575],[121.2131646,31.285724],[121.213149,31.285692]]}},
{"type":"Feature","id":"way/135427150","properties":{"category":"place","center":[121.20953135,31.28615105],"campus":true,"highway":"footway"},"geometry":{"type":"LineString","coordinates":[[121.2094289,31.286019],[121.2096338,31.2862831]]}},
{"type":"Feature","id":"way/135428573","properties":{"category":"place","center":[121.20981305000001,31.292249750000003],"campus":true,"name":"磁悬浮试验线","name:en":"Magnetic Levitation Test Line"},"geometry":{"type":"LineString","coordinates":[[121.2029926,31.2912421],[121.2035491,31.2916673],[121.2039554,31.2919501],[121.2045928,31.292391],[121.205182,31.2927609],[121.2057707,31.2930132],[121.2062886,31.2931538],[121.2067789,31.2932199],[121.2069471,31.2932426],[121.2073836,31.2932574],[121.2117933,31.293139],[121.2132851,31.2930408],[121.2141239,31.2929318],[121.2162548,31.2925101],[121.2166335,31.2924473]]}},
{"type":"Feature","id":"way/164316004","properties":{"category":"place","center":[121.20664645,31.28673665],"campus":true,"name":"嘉一路","name:en":"Jiayi Road","highway":"service"},"geometry":{"type":"LineString","coordinates":[[121.2065311,31.2868123],[121.2065555,31.2867963],[121.2067618,31.286661]]}},
{"type":"Feature","id":"way/164316006","properties":{"category":"place","center":[121.20919355000001,31.289638449999998],"campus":true,"name":"嘉三路","name:en":"Jiasan Road","highway":"service"},"geometry":{"type":"LineString","coordinates":[[121.2092586,31.2896017],[121.209223,31.2896218],[121.2091285,31.2896752]]}},
{"type":"Feature","id":"way/164316009","properties":{"category":"place","center":[121.206883,31.291966549999998],"campus":true,"name":"绿环路","name:en":"Lühuan Road","highway":"service"},"geometry":{"type":"LineString","coordinates":[[121.2038591,31.2907614],[121.2032534,31.2913413],[121.2041267,31.2919783],[121.205013,31.2926248],[121.2051793,31.2927119],[121.2053904,31.292807],[121.2054925,31.2928459],[121.2057962,31.2929365],[121.206102,31.293019],[121.2064667,31.2931016],[121.2067176,31.2931384],[121.2069607,31.2931595],[121.2071546,31.2931686],[121.2073388,31.2931717],[121.2076981,31.2931704],[121.2097837,31.2931142],[121.2099685,31.2930991],[121.2101069,31.2930795],[121.2102428,31.2930555],[121.2103584,31.2930378],[121.2105126,31.2930238]]}},
{"type":"Feature","id":"way/164316010","properties":{"category":"place","center":[121.2049003,31.2909104],"campus":true,"name":"李庄环路","name:en":"Lizhuanghuan Road","highway":"service"},"geometry":{"type":"LineString","coordinates":[[121.2057479,31.2921206],[121.2057127,31.2918496],[121.2056633,31.2916667],[121.2055977,31.2914788],[121.2054904,31.2912267],[121.2054046,31.2910525],[121.2053159,31.290892],[121.2050988,31.2906124],[121.2048681,31.2903603],[121.2045752,31.2901231],[121.2040527,31.2897002]]}},
{"type":"Feature","id":"way/164316011","properties":{"category":"place","center":[121.2103825,31.29129085],"campus":true,"name":"嘉四路","name:en":"Jiasi Road","highway":"service"},"geometry":{"type":"LineString","coordinates":[[121.2102001,31.2913],[121.2105649,31.2912817]]}},
{"type":"Feature","id":"way/164316012","properties":{"category":"place","center":[121.20679475,31.29085325],"campus":true,"name":"同甲路","name:en":"Tongjia Road","highway":"service"},"geometry":{"type":"LineString","coordinates":[[121.207147,31.2913944],[121.2064425,31.2903121]]}},
{"type":"Feature","id":"way/164316014","properties":{"category":"place","center":[121.21080785000001,31.28811365],"campus":true,"name":"中央大道","name:en":"Zhongyan Avenue","highway":"service"},"geometry":{"type":"LineString","coordinates":[[121.21052,31.2877292],[121.2106789,31.2879415],[121.2107122,31.2879859],[121.2107453,31.2880301],[121.2110957,31.2884981]]}},
{"type":"Feature","id":"way/164316015","properties":{"category":"place","center":[121.2094213,31.2881207],"campus":true,"name":"嘉二路","name:en":"Jiaer Road","highway":"service"},"geometry":{"type":"LineString","coordinates":[[121.2101123,31.2877146],[121.2095171,31.2880644],[121.2089792,31.2883805],[121.2087881,31.2884928],[121.2087303,31.2885268]]}},
{"type":"Feature","id":"way/164316016","properties":{"category":"place","center":[121.20379115,31.2890298],"campus":true,"name":"嘉一路","name:en":"Jiayi Road","highway":"service"},"geometry":{"type":"LineString","coordinates":[[121.2046454,31.2883686],[121.203604,31.2891232],[121.2034358,31.2892555],[121.2031891,31.289448],[121.2029369,31.289691]]}},
{"type":"Feature","id":"way/164316017","properties":{"category":"place","center":[121.20936325,31.28954095],"campus":true,"name":"嘉三路","name:en":"Jiasan Road","highway":"service"},"geometry":{"type":"LineString","coordinates":[[121.2094679,31.2894802],[121.2092586,31.2896017]]}},
{"type":"Feature","id":"way/164316020","properties":{"category":"place","center":[121.2131688,31.29251945],"campus":true,"name":"中央大道","name:en":"Zhongyan Avenue","highway":"service"},"geometry":{"type":"LineString","coordinates":[[121.213235,31.2931091],[121.2132337,31.2930357],[121.2132324,31.2929623],[121.2132298,31.2928934],[121.2132229,31.2927467],[121.2131869,31.2923274],[121.2131026,31.2919298]]}},
{"type":"Feature","id":"way/164316021","properties":{"category":"place","center":[121.20646595,31.2855266],"campus":true,"name":"同嘉大道","name:en":"Tongjia Road","highway":"service"},"geometry":{"type":"LineString","coordinates":[[121.2059436,31.2859114],[121.2065122,31.2854965],[121.2069883,31.2851418]]}},
{"type":"Feature","id":"way/164316023","properties":{"category":"place","center":[121.2087002,31.291874749999998],"campus":true,"highway":"service"},"geometry":{"type":"LineString","coordinates":[[121.2087237,31.2924043],[121.2086767,31.2913452]]}},
{"type":"Feature","id":"way/164316024","properties":{"category":"place","center":[121.21439495,31.2893628],"campus":true,"name":"春归路","name:en":"Chungui Road","highway":"service"},"geometry":{"type":"LineString","coordinates":[[121.213805,31.2893105],[121.2148722,31.2894045],[121.2149849,31.2894151]]}},
{"type":"Feature","id":"way/164316028","properties":{"category":"place","center":[121.2028634,31.28703375],"campus":false,"highway":"service"},"geometry":{"type":"LineString","coordinates":[[121.2026482,31.2868291],[121.2027111,31.2869016],[121.2027309,31.2869198],[121.2028579,31.2870361],[121.2030786,31.2872384]]}},
{"type":"Feature","id":"way/164316030","properties":{"category":"place","center":[121.2142731,31.292280650000002],"campus":true,"highway":"service"},"geometry":{"type":"LineString","coordinates":[[121.2141028,31.2928579],[121.2142127,31.2925515],[121.2142412,31.2924744],[121.2143414,31.2922031],[121.2144112,31.2919922],[121.2144434,31.2918409],[121.2144219,31.2917034]]}},
{"type":"Feature","id":"way/164316031","properties":{"category":"place","center":[121.2058428,31.28598695],"campus":true,"name":"同嘉大道","highway":"service"},"geometry":{"type":"LineString","coordinates":[[121.205742,31.2860625],[121.2059436,31.2859114]]}},
{"type":"Feature","id":"way/164316033","properties":{"category":"place","center":[121.20510985,31.289619950000002],"campus":true,"name":"嘉二路","name:en":"Jiaer Road","highway":"service"},"geometry":{"type":"LineString","coordinates":[[121.2045254,31.2900147],[121.2047608,31.2897964],[121.2050768,31.289597],[121.2056943,31.2892252]]}},
{"type":"Feature","id":"way/164316037","properties":{"category":"place","center":[121.20842295,31.28870845],"campus":true,"name":"嘉二路","name:en":"Jiaer Road","highway":"service"},"geometry":{"type":"LineString","coordinates":[[121.2084874,31.2886671],[121.2084487,31.2886919],[121.2083585,31.2887498]]}},
{"type":"Feature","id":"way/164316038","properties":{"category":"place","center":[121.209374,31.28806045],"campus":true,"name":"嘉二路","name:en":"Jiaer Road","highway":"service"},"geometry":{"type":"LineString","coordinates":[[121.2086871,31.2884739],[121.2094077,31.2880401],[121.2100609,31.287647]]}},
{"type":"Feature","id":"way/164316039","properties":{"category":"place","center":[121.2131556,31.291919749999998],"campus":true,"highway":"service"},"geometry":{"type":"LineString","coordinates":[[121.2131026,31.2919298],[121.2132086,31.2919097]]}},
{"type":"Feature","id":"way/164316040","properties":{"category":"place","center":[121.2103134,31.2835247],"campus":true,"highway":"service"},"geometry":{"type":"LineString","coordinates":[[121.2107778,31.2840189],[121.2106427,31.2839011],[121.2105944,31.2838278],[121.2105676,31.2837338],[121.2105354,31.2836306],[121.2099882,31.2830438],[121.209849,31.2830305]]}},
{"type":"Feature","id":"way/164316046","properties":{"category":"place","center":[121.21100475,31.29126565],"campus":true,"name":"嘉四路","name:en":"Jiasi Road","highway":"service"},"geometry":{"type":"LineString","coordinates":[[121.2105649,31.2912817],[121.210723,31.2912759],[121.2114446,31.2912496]]}},
{"type":"Feature","id":"way/164316047","properties":{"category":"place","center":[121.21592135,31.28949825],"campus":false,"name":"春归路","name:en":"Chungui Road","highway":"service"},"geometry":{"type":"LineString","coordinates":[[121.2152587,31.2894389],[121.2152803,31.2894409],[121.2160293,31.2895108],[121.2165397,31.2895559],[121.2165588,31.2895576],[121.216584,31.2895453]]}},
{"type":"Feature","id":"way/164316048","properties":{"category":"place","center":[121.20316890000001,31.287316],"campus":true,"highway":"service"},"geometry":{"type":"LineString","coordinates":[[121.2030786,31.2872384],[121.2032592,31.2873936]]}},
{"type":"Feature","id":"way/164316051","properties":{"category":"place","center":[121.20860884999999,31.28859695],"campus":true,"name":"嘉二路","name:en":"Jiaer Road","highway":"service"},"geometry":{"type":"LineString","coordinates":[[121.2087303,31.2885268],[121.2084874,31.2886671]]}},
{"type":"Feature","id":"way/164316056","properties":{"category":"place","center":[121.20637235000001,31.2914366],"campus":true,"name":"嘉四路","name:en":"Jiasi Road","highway":"service"},"geometry":{"type":"LineString","coordinates":[[121.2055977,31.2914788],[121.207147,31.2913944]]}},
{"type":"Feature","id":"way/164316057","properties":{"category":"place","center":[121.20842525,31.284055600000002],"campus":true,"name":"同嘉大道","name:en":"Tongjia Road","highway":"service"},"geometry":{"type":"LineString","coordinates":[[121.2080309,31.2843488],[121.2088196,31.2837624]]}},
{"type":"Feature","id":"way/164316058","properties":{"category":"place","center":[121.2032961,31.290327050000002],"campus":true,"highway":"service"},"geometry":{"type":"LineString","coordinates":[[121.2027331,31.2898927],[121.2038591,31.2907614]]}},
{"type":"Feature","id":"way/164316061","properties":{"category":"place","center":[121.20534265,31.292551500000002],"campus":true,"name":"李庄环路","name:en":"Lizhuanghuan Road","highway":"service"},"geometry":{"type":"LineString","coordinates":[[121.2057479,31.2921206],[121.2057742,31.2923429],[121.2057533,31.2924644],[121.2056937,31.2926134],[121.2056138,31.2927257],[121.2054925,31.2928459],[121.2053661,31.292907],[121.205263,31.2929454],[121.2051078,31.2929765],[121.2049111,31.2929824]]}},
{"type":"Feature","id":"way/164316065","properties":{"category":"place","center":[121.2151218,31.289427],"campus":true,"name":"春归桥","name:en":"Chungui Bridge","highway":"service"},"geometry":{"type":"LineString","coordinates":[[121.2149849,31.2894151],[121.2152587,31.2894389]]}},
{"type":"Feature","id":"way/164316066","properties":{"category":"place","center":[121.20738725000001,31.285310000000003],"campus":true,"name":"嘉园路","name:en":"Jiayuan Road","highway":"service"},"geometry":{"type":"LineString","coordinates":[[121.2069883,31.2851418],[121.2071916,31.2852637],[121.2072816,31.2853176],[121.2074649,31.2853864],[121.2075015,31.2854001],[121.207727,31.2854619],[121.2077862,31.2854782]]}},
{"type":"Feature","id":"way/164316067","properties":{"category":"place","center":[121.2079062,31.284450200000002],"campus":true,"highway":"service"},"geometry":{"type":"LineString","coordinates":[[121.2080456,31.284537],[121.2080029,31.2845724],[121.2079486,31.2845934],[121.2078893,31.2845974],[121.2078318,31.2845839],[121.2077832,31.2845545],[121.2077506,31.2845154],[121.2077344,31.2844694],[121.2077363,31.2844214],[121.2077562,31.2843765],[121.2077805,31.2843487],[121.2078118,31.2843265],[121.2078562,31.2843032],[121.2078968,31.284303],[121.2079461,31.2843069],[121.2079921,31.2843226],[121.2080309,31.2843488],[121.2080639,31.2843912],[121.208078,31.2844406],[121.2080717,31.2844912],[121.2080456,31.284537]]}},
{"type":"Feature","id":"way/164316068","properties":{"category":"place","center":[121.2034948,31.28962225],"campus":true,"name":"李庄环路","name:en":"Lizhuanghuan Road","highway":"service"},"geometry":{"type":"LineString","coordinates":[[121.2040527,31.2897002],[121.2037738,31.2895764],[121.2035378,31.2895443],[121.2033393,31.2895489],[121.2031515,31.2895856],[121.2029369,31.289691]]}},
{"type":"Feature","id":"way/164316070","properties":{"category":"place","center":[121.2053295,31.292551500000002],"campus":true,"name":"李庄环路","name:en":"Lizhuanghuan Road","highway":"service"},"geometry":{"type":"LineString","coordinates":[[121.2049111,31.2929824],[121.2051042,31.2929274],[121.205249,31.2928632],[121.2053904,31.292807],[121.2055387,31.2926477],[121.2056728,31.2924323],[121.2057318,31.2922535],[121.2057479,31.2921206]]}},
{"type":"Feature","id":"way/164316074","properties":{"category":"place","center":[121.20856905,31.288544950000002],"campus":true,"name":"嘉二路","name:en":"Jiaer Road","highway":"service"},"geometry":{"type":"LineString","coordinates":[[121.208451,31.288616],[121.2086871,31.2884739]]}},
{"type":"Feature","id":"way/164316077","properties":{"category":"place","center":[121.20374425,31.289477849999997],"campus":true,"name":"李庄环路","name:en":"Lizhuanghuan Road","highway":"service"},"geometry":{"type":"LineString","coordinates":[[121.2040527,31.2897002],[121.2034358,31.2892555]]}},
{"type":"Feature","id":"way/164316078","properties":{"category":"place","center":[121.2078641,31.2864138],"campus":true,"name":"嘉一路","name:en":"Jiayi Road","highway":"service"},"geometry":{"type":"LineString","coordinates":[[121.2067618,31.286661],[121.2068058,31.2866374],[121.2069544,31.2865577],[121.2070729,31.286496],[121.2072714,31.2864364],[121.2074377,31.2864226],[121.2076725,31.2864152],[121.2077274,31.2864135],[121.2077723,31.2864167],[121.2078574,31.2864227],[121.2079849,31.2864318],[121.2081831,31.2864181],[121.2083816,31.286386],[121.2084209,31.286377],[121.208521,31.2863539],[121.2086712,31.286308],[121.2089664,31.2861666]]}},
{"type":"Feature","id":"way/168457268","properties":{"category":"place","center":[121.21769384999999,31.292536300000002],"campus":false,"highway":"service"},"geometry":{"type":"LineString","coordinates":[[121.2169842,31.2924737],[121.2177646,31.2924374],[121.2178142,31.2924399],[121.2178536,31.2924473],[121.2178915,31.2924635],[121.2179367,31.292486],[121.2179819,31.2925047],[121.2180301,31.2925196],[121.2184035,31.2926352]]}},
{"type":"Feature","id":"way/168457270","properties":{"category":"place","center":[121.21739535,31.29165565],"campus":false,"highway":"service"},"geometry":{"type":"LineString","coordinates":[[121.2169517,31.2923606],[121.2175859,31.2923723],[121.2177165,31.2923699],[121.2178217,31.2923629],[121.2179024,31.2923487],[121.21797,31.292325],[121.2180261,31.2922934],[121.2180699,31.2922542],[121.218104,31.2922111],[121.2181261,31.292171],[121.2181419,31.2921237],[121.2181489,31.29208],[121.2181949,31.2915176],[121.2182118,31.2913104],[121.2182388,31.2909803],[121.2182386,31.2909381],[121.2182273,31.290909],[121.2182066,31.2908799],[121.2181809,31.2908605],[121.2181437,31.2908456],[121.2181045,31.2908394],[121.218055,31.2908376],[121.217989,31.2908412],[121.2176997,31.2908717],[121.2176005,31.2908804],[121.2174955,31.2908867],[121.2173934,31.2908854],[121.2172767,31.2908842],[121.2167386,31.2908567],[121.2166875,31.290858],[121.2166408,31.2908692],[121.2166117,31.2908867],[121.2165869,31.2909091],[121.2165679,31.2909378],[121.2165548,31.2909764],[121.2165519,31.2910113],[121.2165621,31.2910574],[121.2166849,31.2914682],[121.2167313,31.2916234],[121.2168818,31.2921267],[121.2169517,31.2923606],[121.2169741,31.2924392],[121.2169842,31.2924737]]}},
{"type":"Feature","id":"way/168458392","properties":{"category":"place","center":[121.2174938,31.2898476],"campus":false,"highway":"footway"},"geometry":{"type":"LineString","coordinates":[[121.2175306,31.2894354],[121.2174678,31.2898756],[121.217457,31.2902598]]}},
{"type":"Feature","id":"way/168460053","properties":{"category":"place","center":[121.20744825,31.283949],"campus":true,"highway":"service"},"geometry":{"type":"LineString","coordinates":[[121.2075084,31.2839118],[121.2075486,31.2839486],[121.2075775,31.2839857],[121.2075889,31.2840332],[121.2075909,31.284059],[121.2075486,31.2841082],[121.2074974,31.2841316],[121.2074476,31.284139],[121.2073985,31.2841377],[121.2073547,31.2841249],[121.2073154,31.2840895],[121.2073056,31.2840016],[121.2073371,31.283759]]}},
{"type":"Feature","id":"way/168460054","properties":{"category":"place","center":[121.20773365,31.2843557],"campus":true,"highway":"service"},"geometry":{"type":"LineString","coordinates":[[121.2077562,31.2843765],[121.2077111,31.2843349]]}},
{"type":"Feature","id":"way/168460055","properties":{"category":"place","center":[121.20763389999999,31.284097250000002],"campus":true,"highway":"service"},"geometry":{"type":"LineString","coordinates":[[121.2075909,31.284059],[121.2076618,31.2841221],[121.2076769,31.2841355]]}},
{"type":"Feature","id":"way/171789642","properties":{"category":"water","center":[121.20629855,31.28756155],"campus":true,"name":"同舟河","waterway":"canal"},"geometry":{"type":"LineString","coordinates":[[121.2157012,31.2795973],[121.2154582,31.2796418],[121.2152338,31.2796951],[121.2150488,31.2797495],[121.2148151,31.2798361],[121.2144713,31.2799868],[121.2143421,31.2800623],[121.2137559,31.2802509],[121.2135168,31.280273],[121.2132259,31.2803006],[121.2129156,31.2803558],[121.2127476,31.2804276],[121.2125537,31.2805934],[121.2120883,31.2810298],[121.2118426,31.2812508],[121.2115518,31.2814828],[121.2089404,31.2833278],[121.2059411,31.2855761],[121.2056201,31.2856958],[121.2045514,31.2866036],[121.2042217,31.2868632],[121.2040214,31.2869516],[121.203459,31.2871891],[121.2032426,31.2872757],[121.2026252,31.2874874],[121.2024894,31.2875702],[121.2024183,31.2876697],[121.2024313,31.2877967],[121.2025217,31.2879182],[121.2034978,31.2885479],[121.203556,31.2886474],[121.2035754,31.2887578],[121.2034913,31.2888904],[121.203237,31.2890935],[121.2027997,31.2894428],[121.2026316,31.289603],[121.2020305,31.2902658],[121.2012548,31.2910391],[121.200612,31.2916392],[121.2000655,31.2921494],[121.1993157,31.2928619],[121.1986951,31.2935634],[121.1977062,31.2947012],[121.1973676,31.2950457],[121.1968959,31.2955258]]}},
{"type":"Feature","id":"way/255771324","properties":{"category":"place","center":[121.21568005,31.29235635],"campus":true,"highway":"footway"},"geometry":{"type":"LineString","coordinates":[[121.2144783,31.292575],[121.2145546,31.292586],[121.2146362,31.2924914],[121.2147745,31.2923264],[121.2148288,31.2923429],[121.2149942,31.2923264],[121.21585,31.2921552],[121.2165078,31.2922208],[121.2165229,31.2921402],[121.2168372,31.2921284],[121.2168585,31.2921279],[121.2168818,31.2921267]]}},
{"type":"Feature","id":"way/255771342","properties":{"category":"place","center":[121.21618555,31.291827599999998],"campus":true,"highway":"footway"},"geometry":{"type":"LineString","coordinates":[[121.21585,31.2921552],[121.2158104,31.2919325],[121.2157181,31.2918608],[121.2156398,31.2915621],[121.2156622,31.2915],[121.2163249,31.2915621],[121.216406,31.2916338],[121.2166905,31.2916247],[121.2167112,31.2916244],[121.2167313,31.2916234]]}},
{"type":"Feature","id":"way/255771585","properties":{"category":"place","center":[121.21608434999999,31.2830553],"campus":true,"name":"东门","name:en":"East Gate","highway":"residential"},"geometry":{"type":"LineString","coordinates":[[121.2159152,31.2831518],[121.2159423,31.2831364],[121.2162535,31.2829588]]}},
{"type":"Feature","id":"way/263913984","properties":{"category":"place","center":[121.20913415,31.286071],"campus":true,"name":"嘉一路","name:en":"Jiayi Road","highway":"service"},"geometry":{"type":"LineString","coordinates":[[121.2089664,31.2861666],[121.2093019,31.2859754]]}},
{"type":"Feature","id":"way/263913985","properties":{"category":"place","center":[121.20871285,31.285765050000002],"campus":true,"name":"中央大道","name:en":"Central Avenue","highway":"service"},"geometry":{"type":"LineString","coordinates":[[121.2089664,31.2861666],[121.2084593,31.2853635]]}},
{"type":"Feature","id":"way/263913986","properties":{"category":"place","center":[121.20933604999999,31.2860205],"campus":true,"highway":"service"},"geometry":{"type":"LineString","coordinates":[[121.2093019,31.2859754],[121.2093702,31.2860656]]}},
{"type":"Feature","id":"way/263913987","properties":{"category":"place","center":[121.20933195,31.2859541],"campus":true,"name":"嘉一路","name:en":"Jiayi Road","highway":"service"},"geometry":{"type":"LineString","coordinates":[[121.2093019,31.2859754],[121.209362,31.2859328]]}},
{"type":"Feature","id":"way/263913991","properties":{"category":"place","center":[121.21375265,31.289314750000003],"campus":true,"highway":"service"},"geometry":{"type":"LineString","coordinates":[[121.2137789,31.2894219],[121.2137326,31.2894016],[121.2137031,31.2893695],[121.2136897,31.2893351],[121.2136876,31.2892952],[121.2137085,31.2892595],[121.2137326,31.2892325],[121.2137715,31.289213],[121.2138177,31.2892076]]}},
{"type":"Feature","id":"way/263913992","properties":{"category":"place","center":[121.21297755,31.2892208],"campus":true,"name":"嘉实•同济新天地","name:en":"Jiashi · Tongji Xintiandi","highway":"pedestrian"},"geometry":{"type":"LineString","coordinates":[[121.2121501,31.2891311],[121.212712,31.2891859],[121.2131322,31.2892269],[121.2131613,31.2892297],[121.2136876,31.2892952],[121.213805,31.2893105]]}},
{"type":"Feature","id":"way/263913994","properties":{"category":"place","center":[121.21349685,31.289076],"campus":true,"highway":"footway"},"geometry":{"type":"LineString","coordinates":[[121.2131613,31.2892297],[121.2138324,31.2889223]]}},
{"type":"Feature","id":"way/263913995","properties":{"category":"place","center":[121.21194195000001,31.28923365],"campus":true,"highway":"footway"},"geometry":{"type":"LineString","coordinates":[[121.2121501,31.2891311],[121.2120937,31.2891589],[121.2117338,31.2893362]]}},
{"type":"Feature","id":"way/263922899","properties":{"category":"place","center":[121.2144004,31.29054845],"campus":true,"highway":"service"},"geometry":{"type":"LineString","coordinates":[[121.2147759,31.2906496],[121.2146021,31.290601],[121.2144613,31.2905318],[121.2143893,31.2904909],[121.2142964,31.2904524],[121.2142185,31.2904473],[121.2141226,31.2904755],[121.2140249,31.290507]]}},
{"type":"Feature","id":"way/263922900","properties":{"category":"place","center":[121.21490345000001,31.290679249999997],"campus":true,"highway":"service"},"geometry":{"type":"LineString","coordinates":[[121.215031,31.2907089],[121.2147759,31.2906496]]}},
{"type":"Feature","id":"way/263922901","properties":{"category":"place","center":[121.2155255,31.29064115],"campus":true,"highway":"service"},"geometry":{"type":"LineString","coordinates":[[121.21602,31.2905405],[121.2159207,31.2906189],[121.2157679,31.2906778],[121.2154892,31.2907316],[121.2153124,31.2907418],[121.215031,31.2907089]]}},
{"type":"Feature","id":"way/263930562","properties":{"category":"place","center":[121.21740865000001,31.2907189],"campus":false,"highway":"service"},"geometry":{"type":"LineString","coordinates":[[121.2173934,31.2908854],[121.2174081,31.2907202],[121.2174239,31.2905524]]}},
{"type":"Feature","id":"way/263930563","properties":{"category":"place","center":[121.2174337,31.2904513],"campus":false,"highway":"service"},"geometry":{"type":"LineString","coordinates":[[121.2174239,31.2905524],[121.2174435,31.2903502]]}},
{"type":"Feature","id":"way/263930564","properties":{"category":"place","center":[121.21745025,31.290305],"campus":false,"highway":"service"},"geometry":{"type":"LineString","coordinates":[[121.2174435,31.2903502],[121.217457,31.2902598]]}},
{"type":"Feature","id":"way/264726763","properties":{"category":"place","center":[121.20774765,31.2877894],"campus":true,"name":"栋梁大道","name:en":"Dongliang Avenue","highway":"pedestrian"},"geometry":{"type":"LineString","coordinates":[[121.2077484,31.2878508],[121.2077469,31.287728]]}},
{"type":"Feature","id":"way/264726764","properties":{"category":"place","center":[121.2071804,31.2891277],"campus":true,"highway":"footway"},"geometry":{"type":"LineString","coordinates":[[121.207266,31.2892326],[121.2070948,31.2890228]]}},
{"type":"Feature","id":"way/264726765","properties":{"category":"place","center":[121.20763335,31.28859435],"campus":true,"highway":"footway"},"geometry":{"type":"LineString","coordinates":[[121.2078124,31.2881659],[121.2081719,31.2885946],[121.2077128,31.2888773],[121.2074907,31.289014],[121.2071581,31.2889842],[121.2070948,31.2890228]]}},
{"type":"Feature","id":"way/264726766","properties":{"category":"place","center":[121.20777405,31.28894185],"campus":true,"highway":"footway"},"geometry":{"type":"LineString","coordinates":[[121.2077128,31.2888773],[121.2078353,31.2890064]]}},
{"type":"Feature","id":"way/264726857","properties":{"category":"place","center":[121.2069525,31.28814415],"campus":true,"highway":"footway"},"geometry":{"type":"LineString","coordinates":[[121.2075677,31.2880423],[121.2074343,31.2880124],[121.2073109,31.2879711],[121.2072627,31.2879688],[121.2072198,31.287978],[121.2071473,31.2880147],[121.2071017,31.2880513],[121.2070856,31.2880811],[121.2070642,31.2881109],[121.2070186,31.288143],[121.2069676,31.2881522],[121.2069247,31.2881705],[121.2068898,31.2882095],[121.2068711,31.2882485],[121.2068469,31.2882943],[121.206804,31.2883081],[121.2067611,31.2883195],[121.2067155,31.2883081],[121.2066619,31.2882783],[121.2066028,31.2882187],[121.2065385,31.2881522],[121.2064875,31.2881155],[121.2064151,31.2880834],[121.2063749,31.2880743],[121.2063373,31.2880468]]}},
{"type":"Feature","id":"way/266157883","properties":{"category":"place","center":[121.2140373,31.2851944],"campus":true,"name":"嘉三路","name:en":"Jiasan Road","highway":"service"},"geometry":{"type":"LineString","coordinates":[[121.2141327,31.2818907],[121.2142353,31.2818967],[121.2144431,31.2818976],[121.2146282,31.2819205],[121.2147918,31.2819709],[121.2149473,31.2820351],[121.2150788,31.2821062],[121.2151676,31.2822071],[121.2152478,31.2823193],[121.2159152,31.2831518],[121.216275,31.2836007],[121.2163625,31.283697],[121.2164464,31.2837931],[121.2165818,31.2839421],[121.2168081,31.2842145],[121.2169789,31.28442],[121.2169623,31.2847708],[121.2167978,31.2850477],[121.2164795,31.2852538],[121.2162826,31.2853762],[121.2161144,31.2854804],[121.215991,31.2855653],[121.2156254,31.285781],[121.2155774,31.2858111],[121.214033,31.2867205],[121.2133186,31.2871616],[121.2132588,31.2871985],[121.2131977,31.2872362],[121.2130084,31.2873531],[121.2110957,31.2884981]]}},
{"type":"Feature","id":"way/266161865","properties":{"category":"place","center":[121.2081531,31.286533300000002],"campus":true,"highway":"footway"},"geometry":{"type":"LineString","coordinates":[[121.2078535,31.2865814],[121.2078932,31.2865916],[121.2079208,31.2866221],[121.2079367,31.2866677],[121.2079604,31.2866744],[121.207998,31.2866694],[121.2080494,31.2866575],[121.2080988,31.286666],[121.2081265,31.2866626],[121.208168,31.2866677],[121.2081917,31.286666],[121.2082332,31.2866727],[121.2082629,31.2866829],[121.2083064,31.2866896],[121.208336,31.2866829],[121.2083716,31.2866677],[121.2084092,31.286644],[121.208429,31.2866153],[121.2084448,31.2865815],[121.2084527,31.2865545],[121.2084527,31.2865384],[121.2084527,31.2865274],[121.2084468,31.2864936],[121.2084369,31.2864666],[121.2084527,31.2864548],[121.2084409,31.2864162],[121.2084209,31.286377]]}},
{"type":"Feature","id":"way/266161866","properties":{"category":"place","center":[121.20309375,31.2913642],"campus":true,"name":"李庄环路","name:en":"Lizhuanghuan Road","highway":"service"},"geometry":{"type":"LineString","coordinates":[[121.2029369,31.289691],[121.2027331,31.2898927],[121.2020507,31.2906173],[121.2019273,31.2907451],[121.2015267,31.2911599],[121.2014135,31.2912771],[121.2013008,31.2915155],[121.2012764,31.2917495],[121.2013169,31.2919464],[121.2014397,31.2921687],[121.2020572,31.2928036],[121.2021526,31.2928715],[121.2022128,31.2929143],[121.2024335,31.2929968],[121.2026282,31.2930224],[121.2029262,31.2930374],[121.2049111,31.2929824]]}},
{"type":"Feature","id":"way/266170484","properties":{"category":"place","center":[121.21094325,31.2889894],"campus":true,"highway":"footway"},"geometry":{"type":"LineString","coordinates":[[121.2113559,31.2890523],[121.2105306,31.2889265]]}},
{"type":"Feature","id":"way/266170485","properties":{"category":"place","center":[121.2107421,31.28918635],"campus":true,"highway":"footway"},"geometry":{"type":"LineString","coordinates":[[121.2110036,31.2895064],[121.2105306,31.2889265],[121.2104806,31.2888663]]}},
{"type":"Feature","id":"way/266170486","properties":{"category":"place","center":[121.21100805,31.2902332],"campus":true,"name":"八步路","highway":"service"},"geometry":{"type":"LineString","coordinates":[[121.2114855,31.2892168],[121.2110036,31.2895064],[121.2105543,31.28978],[121.2105415,31.2897925],[121.2105324,31.2898065],[121.2105306,31.2898236],[121.210532,31.2898428],[121.2109309,31.290318],[121.2110047,31.2904088],[121.2112493,31.2907098],[121.2114203,31.2909243],[121.2114446,31.2912496]]}},
{"type":"Feature","id":"way/266170487","properties":{"category":"place","center":[121.21096764999999,31.290296599999998],"campus":true,"highway":"footway"},"geometry":{"type":"LineString","coordinates":[[121.2109309,31.290318],[121.2110044,31.2902752]]}},
{"type":"Feature","id":"way/266170488","properties":{"category":"place","center":[121.2112618,31.29070535],"campus":true,"highway":"footway"},"geometry":{"type":"LineString","coordinates":[[121.2112036,31.2907375],[121.2112493,31.2907098],[121.21132,31.2906732]]}},
{"type":"Feature","id":"way/266170490","properties":{"category":"place","center":[121.21098065000001,31.290422],"campus":true,"highway":"footway"},"geometry":{"type":"LineString","coordinates":[[121.2110047,31.2904088],[121.2109566,31.2904352]]}},
{"type":"Feature","id":"way/266171109","properties":{"category":"place","center":[121.21046390000001,31.288722],"campus":true,"highway":"footway"},"geometry":{"type":"LineString","coordinates":[[121.2103329,31.288647],[121.2105949,31.288797]]}},
{"type":"Feature","id":"way/266171110","properties":{"category":"place","center":[121.2100385,31.28842795],"campus":true,"highway":"footway"},"geometry":{"type":"LineString","coordinates":[[121.2101633,31.2885139],[121.2099137,31.288342]]}},
{"type":"Feature","id":"way/266171111","properties":{"category":"place","center":[121.20999599999999,31.288453500000003],"campus":true,"highway":"footway"},"geometry":{"type":"LineString","coordinates":[[121.2101208,31.2885394],[121.2098712,31.2883676]]}},
{"type":"Feature","id":"way/266171112","properties":{"category":"place","center":[121.20949045,31.2880617],"campus":true,"highway":"footway"},"geometry":{"type":"LineString","coordinates":[[121.2096596,31.2881664],[121.2093213,31.287957]]}},
{"type":"Feature","id":"way/266171113","properties":{"category":"place","center":[121.20959605,31.28811075],"campus":true,"highway":"footway"},"geometry":{"type":"LineString","coordinates":[[121.209675,31.2881571],[121.2095171,31.2880644]]}},
{"type":"Feature","id":"way/266171114","properties":{"category":"place","center":[121.2093526,31.288005599999998],"campus":true,"highway":"footway"},"geometry":{"type":"LineString","coordinates":[[121.2094077,31.2880401],[121.2092975,31.2879711]]}},
{"type":"Feature","id":"way/266188453","properties":{"category":"place","center":[121.20732964999999,31.28665635],"campus":true,"highway":"footway"},"geometry":{"type":"LineString","coordinates":[[121.2068058,31.2866374],[121.2068562,31.2866741],[121.2069086,31.2867065],[121.2069523,31.2867289],[121.2069742,31.2867364],[121.2069975,31.2867364],[121.2070223,31.2867339],[121.2070442,31.2867277],[121.2070675,31.286719],[121.2070937,31.2867078],[121.2071243,31.2866829],[121.2071462,31.2866679],[121.2071724,31.2866579],[121.2072016,31.2866517],[121.2072263,31.2866505],[121.207257,31.2866517],[121.2072846,31.2866567],[121.2073036,31.2866642],[121.2073269,31.2866791],[121.2073561,31.2866941],[121.2073754,31.2867015],[121.2073852,31.2867053],[121.2074318,31.2867177],[121.2074595,31.286719],[121.2074872,31.2867177],[121.2075193,31.2867103],[121.2075411,31.2867028],[121.2075776,31.2866854],[121.2076067,31.286643],[121.207633,31.2866131],[121.2076685,31.2865794],[121.2077699,31.2865763],[121.2078535,31.2865814]]}},
{"type":"Feature","id":"way/266188457","properties":{"category":"place","center":[121.2086083,31.286513499999998],"campus":true,"highway":"footway"},"geometry":{"type":"LineString","coordinates":[[121.2087639,31.2865334],[121.2087144,31.2865085],[121.2086765,31.2864935],[121.2086298,31.2864886],[121.2085978,31.2864886],[121.2085497,31.2864935],[121.2085133,31.286506],[121.2084797,31.2865234],[121.2084527,31.2865384]]}},
{"type":"Feature","id":"way/266188459","properties":{"category":"place","center":[121.20730015000001,31.2868074],"campus":true,"highway":"footway"},"geometry":{"type":"LineString","coordinates":[[121.2072249,31.2869133],[121.2072307,31.2868834],[121.2072453,31.2868547],[121.2072642,31.2868236],[121.2072861,31.2868049],[121.2073123,31.28679],[121.2073357,31.2867688],[121.2073604,31.2867389],[121.2073663,31.2867215],[121.2073754,31.2867015]]}},
{"type":"Feature","id":"way/266188461","properties":{"category":"place","center":[121.2109312,31.28334265],"campus":true,"highway":"footway"},"geometry":{"type":"LineString","coordinates":[[121.2111021,31.2839379],[121.2111125,31.2838777],[121.2111149,31.2838387],[121.2111125,31.2838038],[121.2111053,31.2837833],[121.2110861,31.2837648],[121.2110669,31.2837484],[121.2110381,31.2837525],[121.2110021,31.2837361],[121.2109661,31.2837135],[121.2109469,31.2836951],[121.2109348,31.2836684],[121.2109493,31.2836397],[121.2109733,31.2836069],[121.2109853,31.283574],[121.2109824,31.2835606],[121.2109805,31.2835515],[121.2109733,31.2835227],[121.2109613,31.2835002],[121.2109421,31.2834715],[121.21093,31.2834509],[121.2108988,31.2834366],[121.2108724,31.2834202],[121.2108532,31.2833976],[121.2108314,31.2833752],[121.2108241,31.2833565],[121.2108226,31.2833266],[121.2108255,31.283298],[121.2108285,31.283278],[121.2108328,31.2832506],[121.2108343,31.2832319],[121.2108212,31.283212],[121.2107993,31.2831958],[121.2107789,31.2831809],[121.2107556,31.2831659],[121.2107279,31.283151],[121.2107002,31.283136],[121.2106754,31.2831136],[121.2106506,31.28308],[121.2106419,31.2830513],[121.2106361,31.2830239],[121.2106332,31.2829866],[121.2106346,31.2829567],[121.2106375,31.2829268],[121.2106477,31.2828919],[121.2106638,31.2828608],[121.210674,31.2828383],[121.2106915,31.2828222],[121.2107221,31.2828072],[121.210757,31.2827948],[121.2107993,31.2827835],[121.2108474,31.2827773],[121.2108809,31.2827811],[121.2109261,31.2827873],[121.2109625,31.2827972],[121.2110077,31.2828072],[121.2110544,31.2828122],[121.2110952,31.2828085],[121.2111345,31.282791],[121.2112292,31.2827474]]}},
{"type":"Feature","id":"way/266188462","properties":{"category":"place","center":[121.2105589,31.282723],"campus":true,"highway":"footway"},"geometry":{"type":"LineString","coordinates":[[121.2104438,31.2826077],[121.210674,31.2828383]]}},
{"type":"Feature","id":"way/266188463","properties":{"category":"place","center":[121.21127055,31.28324455],"campus":true,"highway":"footway"},"geometry":{"type":"LineString","coordinates":[[121.2109824,31.2835606],[121.2110007,31.2835405],[121.2110255,31.2835216],[121.2110591,31.2834989],[121.2110989,31.2834679],[121.2111308,31.2834399],[121.2111423,31.2834157],[121.2111547,31.2833832],[121.2111591,31.2833447],[121.2111765,31.283314],[121.2111862,31.2832893],[121.2111862,31.2832668],[121.2111886,31.2832449],[121.2111842,31.2832324],[121.2112046,31.2832212],[121.2112366,31.2832075],[121.2112658,31.2831938],[121.211292,31.2831926],[121.2113153,31.2831963],[121.211346,31.2831876],[121.2113795,31.2831714],[121.2114013,31.2831539],[121.2114115,31.2831378],[121.2114145,31.2831203],[121.2114145,31.2831004],[121.2114115,31.283073],[121.2114057,31.2830456],[121.2114028,31.2830219],[121.2114072,31.282997],[121.2114174,31.2829746],[121.2114363,31.2829634],[121.2114669,31.2829435],[121.2115077,31.2829347],[121.2115587,31.2829285]]}},
{"type":"Feature","id":"way/266188464","properties":{"category":"place","center":[121.21131815,31.2835906],"campus":true,"highway":"footway"},"geometry":{"type":"LineString","coordinates":[[121.2111308,31.2834399],[121.2111272,31.2834722],[121.2111257,31.2834972],[121.2111301,31.2835221],[121.2111374,31.2835432],[121.2111505,31.2835594],[121.2111651,31.2835681],[121.2111855,31.2835756],[121.2112088,31.2835719],[121.2112452,31.2835607],[121.2112656,31.2835582],[121.211289,31.2835569],[121.2113166,31.2835669],[121.2113385,31.2835806],[121.2113516,31.2836005],[121.2113691,31.2836329],[121.2113779,31.2836491],[121.2113895,31.2836628],[121.2114157,31.2836765],[121.211442,31.2836902],[121.2114697,31.2837076],[121.2115106,31.2837413]]}},
{"type":"Feature","id":"way/266188465","properties":{"category":"place","center":[121.21189385,31.283067799999998],"campus":true,"highway":"footway"},"geometry":{"type":"LineString","coordinates":[[121.2119093,31.283086],[121.2118784,31.2830496]]}},
{"type":"Feature","id":"way/266188466","properties":{"category":"place","center":[121.2081392,31.2849887],"campus":true,"highway":"footway"},"geometry":{"type":"LineString","coordinates":[[121.2078893,31.2845974],[121.2078657,31.2847876],[121.2078627,31.284811],[121.2078585,31.284845],[121.2078609,31.2848984],[121.2078753,31.2849517],[121.2079017,31.2849927],[121.2079377,31.2850502],[121.2079833,31.2851015],[121.2080409,31.2851425],[121.2081057,31.2851733],[121.2081778,31.2851958],[121.208245,31.285204],[121.2083338,31.2852061],[121.2084199,31.28538]]}},
{"type":"Feature","id":"way/266188467","properties":{"category":"place","center":[121.20838975000001,31.2848483],"campus":true,"highway":"footway"},"geometry":{"type":"LineString","coordinates":[[121.2087078,31.2852054],[121.2086027,31.2850953],[121.2086315,31.2850604],[121.2086531,31.2850112],[121.2086627,31.2849743],[121.2086675,31.2849168],[121.2086675,31.2848717],[121.2086579,31.2848327],[121.2086411,31.2847814],[121.2086147,31.2847342],[121.2085907,31.2846952],[121.2085715,31.2846686],[121.2085427,31.2846296],[121.2085138,31.284607],[121.2084754,31.2845804],[121.208437,31.2845598],[121.2084058,31.2845496],[121.208341,31.2845332],[121.2083194,31.2845298],[121.2080717,31.2844912]]}},
{"type":"Feature","id":"way/266188468","properties":{"category":"place","center":[121.20809105000001,31.2846773],"campus":true,"highway":"footway"},"geometry":{"type":"LineString","coordinates":[[121.2078627,31.284811],[121.2080084,31.2848235],[121.208039,31.2848248],[121.2080536,31.2848223],[121.2080711,31.2848161],[121.2080842,31.2848011],[121.2081032,31.284765],[121.2081265,31.2847488],[121.2081571,31.2847326],[121.2081921,31.2847239],[121.2082198,31.2847214],[121.2082489,31.2847077],[121.2082664,31.2846915],[121.2082795,31.2846703],[121.2083194,31.2845298]]}},
{"type":"Feature","id":"way/266188469","properties":{"category":"place","center":[121.2080647,31.2846606],"campus":true,"highway":"footway"},"geometry":{"type":"LineString","coordinates":[[121.2081265,31.2847488],[121.2080813,31.2847438],[121.2080624,31.2847339],[121.2080449,31.2847177],[121.2080332,31.284684],[121.208039,31.2846579],[121.2080029,31.2845724]]}},
{"type":"Feature","id":"way/266188472","properties":{"category":"water","center":[121.20828355,31.2848908],"campus":true,"waterway":"ditch"},"geometry":{"type":"LineString","coordinates":[[121.2082919,31.2849037],[121.2082811,31.2849019],[121.2082758,31.2848941],[121.2082752,31.2848779]]}},
{"type":"Feature","id":"way/266188473","properties":{"category":"water","center":[121.20835985,31.28504235],"campus":true,"waterway":"stream"},"geometry":{"type":"LineString","coordinates":[[121.2082715,31.2849299],[121.2082833,31.2849354],[121.2083005,31.2849381],[121.2083134,31.2849418],[121.2083316,31.2849491],[121.2083445,31.2849588],[121.2083547,31.2849689],[121.2083644,31.2849826],[121.2083703,31.2849992],[121.2083714,31.2850116],[121.2083714,31.2850308],[121.2083687,31.285046],[121.208359,31.2850639],[121.2083488,31.2850827],[121.2083429,31.2850983],[121.2083386,31.2851162],[121.2083467,31.2851268],[121.2083574,31.2851392],[121.2083725,31.2851452],[121.208388,31.2851442],[121.2084009,31.2851396],[121.2084117,31.2851419],[121.2084262,31.285147],[121.2084412,31.2851525],[121.2084482,31.2851548]]}},
{"type":"Feature","id":"way/266205933","properties":{"category":"place","center":[121.20830355,31.28980895],"campus":true,"highway":"service"},"geometry":{"type":"LineString","coordinates":[[121.2077429,31.2898374],[121.2078524,31.2897769],[121.2081021,31.2900789],[121.2081197,31.290094],[121.2081374,31.2901072],[121.2081639,31.2901148],[121.2082037,31.290111],[121.208239,31.2901016],[121.2088421,31.2897467],[121.2088575,31.2897316],[121.2088642,31.2897127],[121.2088642,31.28969],[121.2088531,31.2896617],[121.2087184,31.2895031]]}},
{"type":"Feature","id":"way/266205935","properties":{"category":"place","center":[121.20889969999999,31.2897511],"campus":true,"highway":"service"},"geometry":{"type":"LineString","coordinates":[[121.2089352,31.2897895],[121.2088642,31.2897127]]}},
{"type":"Feature","id":"way/266205936","properties":{"category":"place","center":[121.20979125,31.289125249999998],"campus":true,"highway":"footway"},"geometry":{"type":"LineString","coordinates":[[121.2098775,31.2892319],[121.2098015,31.2891379],[121.209705,31.2890186]]}},
{"type":"Feature","id":"way/266205937","properties":{"category":"place","center":[121.20939035,31.2888123],"campus":true,"highway":"footway"},"geometry":{"type":"LineString","coordinates":[[121.2098015,31.2891379],[121.209728,31.2891784],[121.2096088,31.2892441],[121.2094146,31.2889988],[121.2094032,31.2889844],[121.209456,31.2889533],[121.2093622,31.2888407],[121.2089792,31.2883805]]}},
{"type":"Feature","id":"way/266205938","properties":{"category":"place","center":[121.20918305000001,31.2889531],"campus":true,"highway":"footway"},"geometry":{"type":"LineString","coordinates":[[121.209578,31.2894134],[121.2095069,31.2893451],[121.2094342,31.2892845],[121.2093723,31.289227],[121.2093286,31.2891974],[121.2092995,31.2891865],[121.2092813,31.2891742],[121.2092722,31.2891617],[121.2092704,31.2891041],[121.2092704,31.2890622],[121.2092577,31.2890124],[121.2092468,31.288986],[121.2092268,31.2889518],[121.2091958,31.2889207],[121.2091522,31.2888849],[121.2090903,31.2888461],[121.2090193,31.2887979],[121.2089866,31.2887714],[121.2089648,31.2887403],[121.2089429,31.2887015],[121.208932,31.2886673],[121.2089175,31.2886299],[121.2088956,31.2886051],[121.2088538,31.2885709],[121.2087881,31.2884928]]}},
{"type":"Feature","id":"way/266205939","properties":{"category":"place","center":[121.2092945,31.28889625],"campus":true,"highway":"footway"},"geometry":{"type":"LineString","coordinates":[[121.2092268,31.2889518],[121.2092486,31.2889331],[121.2092795,31.2888958],[121.2092995,31.2888709],[121.2093232,31.2888538],[121.2093622,31.2888407]]}},
{"type":"Feature","id":"way/266205940","properties":{"category":"place","center":[121.20883585,31.289156849999998],"campus":true,"highway":"footway"},"geometry":{"type":"LineString","coordinates":[[121.209223,31.2896218],[121.2091776,31.2895769],[121.2091467,31.2895551],[121.2091249,31.2895334],[121.2091103,31.2895023],[121.2091103,31.2894774],[121.2091212,31.2894556],[121.2091358,31.2894339],[121.2091267,31.2894121],[121.2090958,31.2893841],[121.2090703,31.2893624],[121.2090521,31.2893328],[121.2090466,31.2893173],[121.2090175,31.2892955],[121.2089811,31.2892629],[121.2089411,31.2892442],[121.2089102,31.2892209],[121.2088793,31.2891913],[121.2088538,31.2891618],[121.2088356,31.2891323],[121.2088156,31.2890949],[121.2087992,31.2890592],[121.2087846,31.2890219],[121.2087755,31.2889923],[121.2087646,31.2889612],[121.2087519,31.2889379],[121.2087264,31.2889099],[121.2086973,31.2888944],[121.2086391,31.2888742],[121.2085827,31.2888338],[121.2085354,31.2887824],[121.2084487,31.2886919]]}},
{"type":"Feature","id":"way/266205941","properties":{"category":"place","center":[121.2162247,31.2909831],"campus":true,"highway":"service"},"geometry":{"type":"LineString","coordinates":[[121.2159207,31.2906189],[121.2160282,31.2906943],[121.2161331,31.2908044],[121.2163189,31.2910579],[121.2165287,31.2913473]]}},
{"type":"Feature","id":"way/266205942","properties":{"category":"place","center":[121.21675644999999,31.291911],"campus":true,"highway":"service"},"geometry":{"type":"LineString","coordinates":[[121.2165287,31.2913473],[121.2166396,31.2915215],[121.2166905,31.2916247],[121.2168372,31.2921284],[121.2168937,31.2923563],[121.2169153,31.2924434],[121.2169243,31.2924639],[121.2169443,31.2924747],[121.2169842,31.2924737]]}},
{"type":"Feature","id":"way/266207478","properties":{"category":"place","center":[121.21270485,31.2898964],"campus":true,"highway":"footway"},"geometry":{"type":"LineString","coordinates":[[121.2123349,31.2900967],[121.2126163,31.2899573],[121.2126613,31.2898933],[121.2130748,31.2896961]]}},
{"type":"Feature","id":"way/266207479","properties":{"category":"place","center":[121.2131035,31.2894615],"campus":true,"highway":"footway"},"geometry":{"type":"LineString","coordinates":[[121.2130748,31.2896961],[121.2131322,31.2892269]]}},
{"type":"Feature","id":"way/266218620","properties":{"category":"place","center":[121.21744835000001,31.29138775],"campus":false,"highway":"footway"},"geometry":{"type":"LineString","coordinates":[[121.2166849,31.2914682],[121.2168134,31.291454],[121.2168851,31.2914267],[121.2169089,31.2914177],[121.2170222,31.2913814],[121.2171406,31.2913559],[121.2172287,31.2913494],[121.2173501,31.2913458],[121.2174272,31.2913378],[121.2174591,31.2913365],[121.2174699,31.291336],[121.2175194,31.2913285],[121.217569,31.2913179],[121.2176716,31.2913118],[121.2178061,31.2913103],[121.2179108,31.2913082],[121.217953,31.2913073],[121.2180609,31.2913118],[121.2182118,31.2913104]]}},
{"type":"Feature","id":"way/266218622","properties":{"category":"place","center":[121.217446,31.2914691],"campus":false,"highway":"footway"},"geometry":{"type":"LineString","coordinates":[[121.2175194,31.2913285],[121.2175778,31.2913542],[121.2176044,31.2913844],[121.2176221,31.2914267],[121.2176207,31.2914403],[121.2176185,31.2914615],[121.2176107,31.2915057],[121.2175884,31.2915462],[121.2175584,31.2915825],[121.2175159,31.2916022],[121.2174646,31.2916097],[121.2174302,31.2916097],[121.2174026,31.2916097],[121.2173672,31.2916022],[121.2173336,31.2915855],[121.2173218,31.2915777],[121.2173018,31.2915644],[121.2172805,31.2915356],[121.2172699,31.2915024],[121.2172722,31.291488],[121.2172752,31.2914691],[121.2172911,31.2914283],[121.2173071,31.2914071],[121.2173566,31.2913723],[121.2174272,31.2913378]]}},
{"type":"Feature","id":"way/266218624","properties":{"category":"place","center":[121.21709265,31.29151905],"campus":false,"highway":"footway"},"geometry":{"type":"LineString","coordinates":[[121.2171229,31.2914778],[121.2171367,31.2914883],[121.2171458,31.291502],[121.2171494,31.2915174],[121.217147,31.291533],[121.2171389,31.2915472],[121.2171259,31.2915584],[121.2171095,31.2915655],[121.2170912,31.2915677],[121.2170724,31.2915646],[121.2170558,31.2915564],[121.2170434,31.2915439],[121.2170397,31.2915357],[121.2170365,31.2915286],[121.2170359,31.2915123],[121.2170417,31.2914967],[121.2170531,31.2914836],[121.2170691,31.2914745],[121.2170876,31.2914704],[121.217106,31.2914716],[121.2171229,31.2914778]]}},
{"type":"Feature","id":"way/266218626","properties":{"category":"place","center":[121.2169624,31.2914842],"campus":false,"highway":"footway"},"geometry":{"type":"LineString","coordinates":[[121.2168851,31.2914267],[121.2169089,31.2914721],[121.216939,31.2915069],[121.2169655,31.2915311],[121.217008,31.2915417],[121.2170397,31.2915357]]}},
{"type":"Feature","id":"way/266218628","properties":{"category":"place","center":[121.217209,31.291496950000003],"campus":false,"highway":"footway"},"geometry":{"type":"LineString","coordinates":[[121.2171458,31.291502],[121.2171771,31.2914995],[121.21722,31.2915059],[121.2172469,31.2914986],[121.2172722,31.291488]]}},
{"type":"Feature","id":"way/266218630","properties":{"category":"place","center":[121.21786995,31.2914797],"campus":false,"highway":"footway"},"geometry":{"type":"LineString","coordinates":[[121.2178967,31.2914576],[121.2179038,31.2914665],[121.217907,31.291477],[121.2179059,31.2914877],[121.2179006,31.2914975],[121.2178919,31.2915053],[121.2178805,31.2915101],[121.217868,31.2915113],[121.2178564,31.2915092],[121.2178462,31.291504],[121.2178384,31.2914964],[121.2178338,31.291487],[121.2178329,31.2914769],[121.2178358,31.2914671],[121.2178422,31.2914585],[121.2178514,31.2914521],[121.2178626,31.2914485],[121.2178744,31.2914481],[121.2178865,31.2914512],[121.2178967,31.2914576]]}},
{"type":"Feature","id":"way/266218632","properties":{"category":"place","center":[121.21772680000001,31.2914586],"campus":false,"highway":"footway"},"geometry":{"type":"LineString","coordinates":[[121.2176207,31.2914403],[121.2176853,31.2914522],[121.2177787,31.2914679],[121.2178329,31.2914769]]}},
{"type":"Feature","id":"way/266218634","properties":{"category":"place","center":[121.2178926,31.29137815],"campus":false,"highway":"footway"},"geometry":{"type":"LineString","coordinates":[[121.2178744,31.2914481],[121.2179108,31.2913082]]}},
{"type":"Feature","id":"way/266218635","properties":{"category":"place","center":[121.21804935,31.2914896],"campus":false,"highway":"footway"},"geometry":{"type":"LineString","coordinates":[[121.2179038,31.2914665],[121.2179371,31.2914616],[121.2179694,31.2914662],[121.2179962,31.2914828],[121.2180241,31.2914984],[121.2180596,31.291502],[121.2181348,31.2915131],[121.2181949,31.2915176]]}},
{"type":"Feature","id":"way/266218637","properties":{"category":"place","center":[121.21789204999999,31.29156485],"campus":false,"highway":"footway"},"geometry":{"type":"LineString","coordinates":[[121.217868,31.2915113],[121.217878,31.2915397],[121.2178985,31.29157],[121.2179161,31.2916184]]}},
{"type":"Feature","id":"way/266218638","properties":{"category":"place","center":[121.21728454999999,31.29164355],"campus":false,"highway":"footway"},"geometry":{"type":"LineString","coordinates":[[121.2173218,31.2915777],[121.2172958,31.2916012],[121.2172657,31.2916361],[121.2172473,31.2917094]]}},
{"type":"Feature","id":"way/266218640","properties":{"category":"place","center":[121.21706655,31.2916233],"campus":false,"highway":"footway"},"geometry":{"type":"LineString","coordinates":[[121.2170724,31.2915646],[121.2170607,31.291682]]}},
{"type":"Feature","id":"way/266218642","properties":{"category":"place","center":[121.21701705000001,31.2913591],"campus":false,"highway":"footway"},"geometry":{"type":"LineString","coordinates":[[121.2170222,31.2913814],[121.2170119,31.2913368]]}},
{"type":"Feature","id":"way/266218643","properties":{"category":"place","center":[121.21744465,31.291473099999997],"campus":false,"highway":"footway"},"geometry":{"type":"LineString","coordinates":[[121.2174302,31.2916097],[121.2174433,31.2914861],[121.2174591,31.2913365]]}},
{"type":"Feature","id":"way/266218645","properties":{"category":"place","center":[121.21744294999999,31.2914874],"campus":false,"highway":"footway"},"geometry":{"type":"LineString","coordinates":[[121.2172752,31.2914691],[121.2174433,31.2914861],[121.2176107,31.2915057]]}},
{"type":"Feature","id":"way/266218646","properties":{"category":"place","center":[121.2175737,31.291634950000002],"campus":false,"highway":"footway"},"geometry":{"type":"LineString","coordinates":[[121.2175584,31.2915825],[121.217589,31.2916874]]}},
{"type":"Feature","id":"way/266218648","properties":{"category":"place","center":[121.2173921,31.2910971],"campus":false,"highway":"footway"},"geometry":{"type":"LineString","coordinates":[[121.2174239,31.2910648],[121.2174348,31.2910758],[121.2174407,31.2910893],[121.2174408,31.2910974],[121.217441,31.2911037],[121.2174355,31.2911173],[121.217425,31.2911286],[121.2174106,31.2911361],[121.2173941,31.2911391],[121.2173786,31.2911374],[121.2173645,31.2911317],[121.2173533,31.2911226],[121.2173459,31.2911108],[121.2173432,31.2910977],[121.2173455,31.2910845],[121.2173524,31.2910726],[121.2173634,31.2910632],[121.2173772,31.2910571],[121.2173926,31.2910551],[121.2174092,31.2910576],[121.2174239,31.2910648]]}},
{"type":"Feature","id":"way/266218650","properties":{"category":"place","center":[121.21739335000001,31.2910971],"campus":false,"highway":"footway"},"geometry":{"type":"LineString","coordinates":[[121.2173941,31.2911391],[121.2173934,31.2910975],[121.2173926,31.2910551]]}},
{"type":"Feature","id":"way/266218652","properties":{"category":"place","center":[121.21735665,31.2910974],"campus":false,"highway":"footway"},"geometry":{"type":"LineString","coordinates":[[121.2174408,31.2910974],[121.2173934,31.2910975],[121.2173432,31.2910977],[121.2172725,31.2910971]]}},
{"type":"Feature","id":"way/266218654","properties":{"category":"place","center":[121.217393,31.29097025],"campus":false,"highway":"footway"},"geometry":{"type":"LineString","coordinates":[[121.2173926,31.2910551],[121.2173934,31.2908854]]}},
{"type":"Feature","id":"way/266218655","properties":{"category":"place","center":[121.2174015,31.29123845],"campus":false,"highway":"footway"},"geometry":{"type":"LineString","coordinates":[[121.2173941,31.2911391],[121.2173937,31.2911648],[121.2173758,31.2912017],[121.2173823,31.2912233],[121.2174124,31.2912504],[121.2174222,31.2912783],[121.2174272,31.2913378]]}},
{"type":"Feature","id":"way/266218657","properties":{"category":"place","center":[121.2172746,31.29099065],"campus":false,"highway":"footway"},"geometry":{"type":"LineString","coordinates":[[121.2172725,31.2910971],[121.2172728,31.2910811],[121.2172767,31.2908842]]}},
{"type":"Feature","id":"way/266218659","properties":{"category":"place","center":[121.21709295,31.29114075],"campus":false,"highway":"footway"},"geometry":{"type":"LineString","coordinates":[[121.2172728,31.2910811],[121.2172524,31.2910639],[121.2172296,31.2910513],[121.2172108,31.2910352],[121.2171947,31.2910409],[121.2171478,31.2910948],[121.2171344,31.2911074],[121.2171049,31.291104],[121.2170794,31.2911154],[121.2170445,31.2911131],[121.2170204,31.2911131],[121.2170043,31.2911429],[121.2169479,31.2911544],[121.2169278,31.2911865],[121.2169131,31.2912186],[121.2169215,31.2912463]]}},
{"type":"Feature","id":"way/266218661","properties":{"category":"place","center":[121.2171129,31.291121150000002],"campus":false,"highway":"footway"},"geometry":{"type":"LineString","coordinates":[[121.2170794,31.2911154],[121.2170901,31.2911326],[121.2171223,31.2911349],[121.2171464,31.2911235],[121.2171344,31.2911074]]}},
{"type":"Feature","id":"way/266218663","properties":{"category":"place","center":[121.2171491,31.29115265],"campus":false,"highway":"footway"},"geometry":{"type":"LineString","coordinates":[[121.2171223,31.2911349],[121.2171759,31.2911704]]}},
{"type":"Feature","id":"way/266218666","properties":{"category":"place","center":[121.21788939999999,31.291038399999998],"campus":false,"highway":"footway"},"geometry":{"type":"LineString","coordinates":[[121.2179131,31.2910004],[121.217926,31.2910089],[121.2179351,31.2910205],[121.2179393,31.2910339],[121.2179383,31.2910478],[121.2179321,31.2910607],[121.2179214,31.2910711],[121.2179073,31.2910782],[121.2178914,31.2910809],[121.2178748,31.2910791],[121.2178598,31.2910727],[121.2178482,31.2910624],[121.2178411,31.2910495],[121.2178395,31.2910352],[121.2178434,31.2910213],[121.2178524,31.2910093],[121.2178656,31.2910005],[121.2178815,31.2909959],[121.2178977,31.290996],[121.2179131,31.2910004]]}},
{"type":"Feature","id":"way/266218668","properties":{"category":"place","center":[121.2176421,31.291045250000003],"campus":false,"highway":"footway"},"geometry":{"type":"LineString","coordinates":[[121.2174408,31.2910974],[121.2174956,31.291094],[121.2175063,31.2910733],[121.2175599,31.2910837],[121.2175827,31.2910802],[121.2176015,31.2910688],[121.2176404,31.2910722],[121.2176551,31.2910837],[121.217686,31.2910676],[121.2176887,31.2910516],[121.2177115,31.2910218],[121.217753,31.2909977],[121.2177852,31.2909931],[121.2178147,31.2910115],[121.2178434,31.2910213]]}},
{"type":"Feature","id":"way/266218671","properties":{"category":"place","center":[121.21766339999999,31.29111865],"campus":false,"highway":"footway"},"geometry":{"type":"LineString","coordinates":[[121.2176551,31.2910837],[121.2176592,31.2911077],[121.2176717,31.2911536]]}},
{"type":"Feature","id":"way/266218675","properties":{"category":"place","center":[121.21749555,31.29099035],"campus":false,"highway":"footway"},"geometry":{"type":"LineString","coordinates":[[121.2174956,31.291094],[121.2174955,31.2908867]]}},
{"type":"Feature","id":"way/266221576","properties":{"category":"place","center":[121.2128885,31.28674095],"campus":true,"highway":"footway"},"geometry":{"type":"LineString","coordinates":[[121.2125182,31.2862834],[121.2126353,31.2864281],[121.2132588,31.2871985]]}},
{"type":"Feature","id":"way/266221578","properties":{"category":"place","center":[121.21297695,31.286777],"campus":true,"highway":"footway"},"geometry":{"type":"LineString","coordinates":[[121.2133186,31.2871616],[121.2126912,31.2863924],[121.2126353,31.2864281]]}},
{"type":"Feature","id":"way/266233213","properties":{"category":"place","center":[121.21255985,31.28897435],"campus":true,"highway":"footway"},"geometry":{"type":"LineString","coordinates":[[121.2120937,31.2891589],[121.2119875,31.2889918],[121.2125313,31.2887218],[121.2127349,31.2890126],[121.2130068,31.2888763],[121.2131322,31.2890419],[121.2131062,31.289181],[121.2131322,31.2892269]]}},
{"type":"Feature","id":"way/266233214","properties":{"category":"place","center":[121.2127315,31.289030949999997],"campus":true,"highway":"footway"},"geometry":{"type":"LineString","coordinates":[[121.2127349,31.2890126],[121.2127281,31.2890493]]}},
{"type":"Feature","id":"way/266233215","properties":{"category":"place","center":[121.2127213,31.2890879],"campus":true,"highway":"footway"},"geometry":{"type":"LineString","coordinates":[[121.2127281,31.2890493],[121.2127145,31.2891265]]}},
{"type":"Feature","id":"way/266233216","properties":{"category":"place","center":[121.21271325000001,31.2891562],"campus":true,"highway":"footway"},"geometry":{"type":"LineString","coordinates":[[121.2127145,31.2891265],[121.212712,31.2891859]]}},
{"type":"Feature","id":"way/266345020","properties":{"category":"place","center":[121.20795685,31.291854999999998],"campus":true,"highway":"service"},"geometry":{"type":"LineString","coordinates":[[121.2079753,31.2923384],[121.2079467,31.2918193],[121.2079384,31.2913716]]}},
{"type":"Feature","id":"way/266345021","properties":{"category":"place","center":[121.20813935000001,31.2923161],"campus":true,"highway":"service"},"geometry":{"type":"LineString","coordinates":[[121.2077831,31.2919829],[121.2077269,31.2920404],[121.2076997,31.2920882],[121.2076844,31.2921275],[121.2076895,31.292181],[121.2077029,31.2922258],[121.2079274,31.292578],[121.2079606,31.2926087],[121.2080198,31.2926354],[121.2080767,31.2926493],[121.2081402,31.2926427],[121.2081976,31.2926049],[121.2082363,31.2925647],[121.2082849,31.2925313],[121.2083528,31.2925247],[121.2085943,31.292513]]}},
{"type":"Feature","id":"way/266345022","properties":{"category":"place","center":[121.2078649,31.2919011],"campus":true,"highway":"service"},"geometry":{"type":"LineString","coordinates":[[121.2077831,31.2919829],[121.2079467,31.2918193]]}},
{"type":"Feature","id":"way/266345023","properties":{"category":"place","center":[121.20837625,31.290805749999997],"campus":true,"name":"同乙路","name:en":"Tongyi Road","highway":"service"},"geometry":{"type":"LineString","coordinates":[[121.2086767,31.2913452],[121.2086605,31.2911258],[121.208631,31.2910089],[121.2085825,31.2909035],[121.2085261,31.2908118],[121.2080758,31.2902663]]}},
{"type":"Feature","id":"way/266345024","properties":{"category":"place","center":[121.20929595,31.29132815],"campus":true,"name":"嘉四路","name:en":"Jiasi Road","highway":"service"},"geometry":{"type":"LineString","coordinates":[[121.2086767,31.2913452],[121.2099152,31.2913111]]}},
{"type":"Feature","id":"way/290147408","properties":{"category":"place","center":[121.21061685000001,31.29007655],"campus":true,"name":"嘉定校区卫生所（急诊）"},"geometry":{"type":"LineString","coordinates":[[121.2106267,31.2901872],[121.2107355,31.2901264],[121.210605,31.2899659],[121.2104982,31.2900335],[121.2106267,31.2901872]]}},
{"type":"Feature","id":"way/322110434","properties":{"category":"place","center":[121.2164127,31.2930267],"campus":false,"name":"昌吉东路","name:en":"East Changji Road","highway":"tertiary"},"geometry":{"type":"LineString","coordinates":[[121.2185011,31.292734],[121.2183944,31.2927286],[121.2180451,31.2927383],[121.2175583,31.2927629],[121.2173311,31.2927777],[121.2170963,31.292793],[121.2168032,31.2928193],[121.2164963,31.292854],[121.2162254,31.2929],[121.2157594,31.2929943],[121.2152905,31.2931036],[121.2146812,31.2932498],[121.2143243,31.2933248]]}},
{"type":"Feature","id":"way/338789901","properties":{"category":"place","center":[121.21639049999999,31.29290115],"campus":false,"name":"昌吉东路","name:en":"East Changji Road","highway":"tertiary"},"geometry":{"type":"LineString","coordinates":[[121.2143775,31.2931882],[121.2147817,31.293098],[121.2151987,31.2930059],[121.215644,31.292904],[121.2159724,31.2928325],[121.2162503,31.2927801],[121.2165457,31.2927325],[121.2168526,31.2926882],[121.2172012,31.2926424],[121.2175596,31.2926212],[121.2178886,31.2926141],[121.2184035,31.2926352]]}},
{"type":"Feature","id":"way/338789902","properties":{"category":"place","center":[121.20437705,31.29439835],"campus":false,"name":"昌吉东路","name:en":"East Changji Road","highway":"tertiary"},"geometry":{"type":"LineString","coordinates":[[121.2105858,31.2935526],[121.2093352,31.2935771],[121.2085495,31.293603],[121.2076482,31.2936328],[121.204535,31.2937151],[121.2032136,31.2937534],[121.2025217,31.2937735],[121.2022017,31.2937815],[121.2018258,31.2938134],[121.2015057,31.2938532],[121.2010211,31.2939488],[121.2009187,31.2939747],[121.2006016,31.294055],[121.2001884,31.2941665],[121.1998062,31.2942966],[121.1993678,31.2944694],[121.1990663,31.2946278],[121.1989694,31.2946934],[121.1988573,31.2947473],[121.1985617,31.2949514],[121.1981683,31.2952441]]}},
{"type":"Feature","id":"way/338789904","properties":{"category":"place","center":[121.2141976,31.293219049999998],"campus":false,"name":"昌吉东路","name:en":"East Changji Road","highway":"tertiary"},"geometry":{"type":"LineString","coordinates":[[121.2140177,31.2932499],[121.2143775,31.2931882]]}},
{"type":"Feature","id":"way/338789907","properties":{"category":"place","center":[121.21073845000001,31.2935491],"campus":false,"name":"昌吉东路","name:en":"East Changji Road","highway":"tertiary"},"geometry":{"type":"LineString","coordinates":[[121.2108911,31.2935456],[121.2105858,31.2935526]]}},
{"type":"Feature","id":"way/338789908","properties":{"category":"place","center":[121.2141483,31.29335395],"campus":false,"name":"昌吉东路","name:en":"East Changji Road","highway":"tertiary"},"geometry":{"type":"LineString","coordinates":[[121.2143243,31.2933248],[121.2139723,31.2933831]]}},
{"type":"Feature","id":"way/338789909","properties":{"category":"place","center":[121.2107383,31.29342855],"campus":false,"name":"昌吉东路","name:en":"East Changji Road","highway":"tertiary"},"geometry":{"type":"LineString","coordinates":[[121.2105878,31.2934323],[121.2108888,31.2934248]]}},
{"type":"Feature","id":"way/338789914","properties":{"category":"place","center":[121.2124317,31.29346435],"campus":false,"name":"昌吉东路","name:en":"East Changji Road","highway":"tertiary"},"geometry":{"type":"LineString","coordinates":[[121.2139723,31.2933831],[121.2136219,31.2934363],[121.2132581,31.2934794],[121.2124482,31.293507],[121.2120481,31.2935206],[121.2108911,31.2935456]]}},
{"type":"Feature","id":"way/338789915","properties":{"category":"place","center":[121.21245325000001,31.29333735],"campus":false,"name":"昌吉东路","name:en":"East Changji Road","highway":"tertiary"},"geometry":{"type":"LineString","coordinates":[[121.2108888,31.2934248],[121.2116836,31.2934034],[121.2120048,31.2933947],[121.2131139,31.2933552],[121.2132461,31.2933504],[121.2134823,31.2933248],[121.2136003,31.293312],[121.2140177,31.2932499]]}},
{"type":"Feature","id":"way/342007754","properties":{"category":"water","center":[121.2093542,31.2900403],"campus":true,"name":"同舟河","waterway":"river"},"geometry":{"type":"LineString","coordinates":[[121.208031,31.2871809],[121.2082939,31.2878181],[121.2082939,31.288084],[121.208446,31.2883377],[121.2092425,31.2893665],[121.2094796,31.2896419],[121.2100025,31.2900628],[121.2102336,31.2903226],[121.2103491,31.2905356],[121.210416,31.2908422],[121.210416,31.291102],[121.2103065,31.2916319],[121.21027,31.2919073],[121.2102944,31.2921463],[121.2103552,31.2923074],[121.210568,31.2925412],[121.2106653,31.2926971],[121.2106703,31.2928469],[121.2106774,31.2928997]]}},
{"type":"Feature","id":"way/384531661","properties":{"category":"place","center":[121.20373235,31.287651850000003],"campus":true,"highway":"service"},"geometry":{"type":"LineString","coordinates":[[121.2032592,31.2873936],[121.2037549,31.2878093],[121.2038514,31.287862],[121.2039292,31.2878895],[121.2040147,31.2879031],[121.2040875,31.2879101],[121.2042055,31.287901]]}},
{"type":"Feature","id":"way/384531666","properties":{"category":"place","center":[121.2096606,31.2844698],"campus":true,"name":"桃李大道","name:en":"Taoli Avenue","highway":"pedestrian"},"geometry":{"type":"LineString","coordinates":[[121.209101,31.2844703],[121.2097473,31.2844693],[121.2102202,31.2844701]]}},
{"type":"Feature","id":"way/384531667","properties":{"category":"place","center":[121.20777534999999,31.286140500000002],"campus":true,"name":"栋梁大道","name:en":"Dongliang Avenue","highway":"pedestrian"},"geometry":{"type":"LineString","coordinates":[[121.2077862,31.2854782],[121.2077851,31.2855516],[121.2077723,31.2864167],[121.2077699,31.2865763],[121.2077645,31.2868028]]}},
{"type":"Feature","id":"way/384611956","properties":{"category":"water","center":[121.20616575,31.286271],"campus":true,"name":"同舟河","waterway":"river"},"geometry":{"type":"LineString","coordinates":[[121.2056201,31.2856958],[121.205778,31.2858927],[121.2062018,31.2863191],[121.2067114,31.2868462]]}},
{"type":"Feature","id":"way/384611957","properties":{"category":"water","center":[121.20980130000001,31.285358600000002],"campus":true,"name":"济海","waterway":"river"},"geometry":{"type":"LineString","coordinates":[[121.2129824,31.2828532],[121.2129019,31.2829082],[121.212462,31.2832658],[121.2122582,31.2835271],[121.2119739,31.2836968],[121.2116037,31.2840727],[121.2113516,31.2843157],[121.2111907,31.2846412],[121.2111317,31.284797],[121.2108903,31.2850767],[121.2106918,31.2852738],[121.2105845,31.2855718],[121.2104933,31.2858469],[121.2103324,31.2860669],[121.2098227,31.2861357],[121.2093453,31.2862411],[121.2090825,31.2864933],[121.2088089,31.2868279],[121.2084602,31.2869884],[121.208031,31.2871809],[121.2078419,31.2872009],[121.2076747,31.2872186],[121.2075107,31.2872359],[121.2068562,31.2876027],[121.2066202,31.287864]]}},
{"type":"Feature","id":"way/384792931","properties":{"category":"water","center":[121.21299335,31.2918521],"campus":true,"name":"同舟河","waterway":"stream"},"geometry":{"type":"LineString","coordinates":[[121.2054817,31.2939315],[121.2058021,31.2944265],[121.2061225,31.294753],[121.2062704,31.2951426],[121.2063382,31.295427],[121.2066216,31.2959798],[121.2071824,31.2969382],[121.2073796,31.2971962],[121.2076692,31.2973699],[121.2085935,31.2977174],[121.2096719,31.2981861],[121.209943,31.2983703],[121.2100663,31.2986125],[121.2102533,31.2987543],[121.2104574,31.2988656],[121.2107749,31.2989912],[121.2110534,31.2990335],[121.2113321,31.2991049],[121.2114034,31.2992918],[121.2114651,31.2993286],[121.2115883,31.2993023],[121.2141209,31.2984967],[121.2144413,31.2982282],[121.2146755,31.2979281],[121.2150292,31.296674],[121.215244,31.2959636],[121.215725,31.2950019],[121.2158418,31.2946827],[121.2158418,31.2944911],[121.2155709,31.2942637],[121.2155242,31.2939963],[121.2153281,31.2938806],[121.2147023,31.2937768],[121.2144735,31.2938566],[121.214268,31.2938367],[121.2141045,31.2936092],[121.2140812,31.2935135],[121.2143573,31.2927064],[121.2146416,31.2917987],[121.2146952,31.2915695],[121.214883,31.2905106],[121.2149057,31.2904161],[121.21506,31.2897725],[121.215119,31.2895021],[121.215178,31.2890024],[121.2151673,31.288521],[121.2151244,31.2879618],[121.2149581,31.2875263],[121.2147596,31.2871641],[121.2147006,31.286967],[121.2147006,31.2868432],[121.2147274,31.2867378],[121.2148883,31.2866048],[121.2154892,31.2862564],[121.2157896,31.2860089],[121.2160846,31.2858667],[121.2164708,31.2856559],[121.2167498,31.2855642],[121.2170287,31.2854771],[121.2173935,31.2853625],[121.2175813,31.2853487],[121.2177476,31.285367],[121.218001,31.2854369],[121.2184731,31.2854155],[121.2201146,31.2848012],[121.220505,31.2843756]]}},
{"type":"Feature","id":"way/401505287","properties":{"category":"place","center":[121.2181022,31.278958],"campus":false,"highway":"unclassified"},"geometry":{"type":"LineString","coordinates":[[121.2198773,31.2796468],[121.2191102,31.2799723],[121.21815,31.2803528],[121.2163271,31.2775632]]}},
{"type":"Feature","id":"way/413977263","properties":{"category":"place","center":[121.20434435,31.2943113],"campus":false,"name":"昌吉东路","name:en":"East Changji Road","highway":"tertiary"},"geometry":{"type":"LineString","coordinates":[[121.1981009,31.2951903],[121.1983001,31.2950372],[121.1985067,31.2948828],[121.1987955,31.2947014],[121.1988835,31.2946453],[121.1990128,31.294577],[121.1993105,31.2944133],[121.1996273,31.2942902],[121.2000315,31.2941456],[121.2004819,31.2939973],[121.2008751,31.2938903],[121.2011563,31.2938228],[121.2015342,31.2937477],[121.2016417,31.2937319],[121.2019428,31.2936876],[121.2022109,31.2936688],[121.2025162,31.2936575],[121.2040629,31.2936238],[121.2065959,31.2935487],[121.2076461,31.2935111],[121.208533,31.2934848],[121.2105878,31.2934323]]}},
{"type":"Feature","id":"way/424143551","properties":{"category":"place","center":[121.2102392,31.28137935],"campus":false,"name":"曹安公路","name:en":"Caoan Highway","highway":"trunk"},"geometry":{"type":"LineString","coordinates":[[121.2072784,31.2835995],[121.2076257,31.2833388],[121.212488,31.279689],[121.2129303,31.279357],[121.2132,31.2791592]]}},
{"type":"Feature","id":"way/424143552","properties":{"category":"place","center":[121.20629260000001,31.2843399],"campus":false,"name":"曹安公路","name:en":"Caoan Highway","highway":"trunk"},"geometry":{"type":"LineString","coordinates":[[121.2053068,31.2850803],[121.2058918,31.284645],[121.2061697,31.2844382],[121.2070615,31.2837636],[121.2072784,31.2835995]]}},
{"type":"Feature","id":"way/424143553","properties":{"category":"place","center":[121.21361164999999,31.2796746],"campus":false,"name":"嘉松北路","name:en":"North Jiasong Road","highway":"primary"},"geometry":{"type":"LineString","coordinates":[[121.2139148,31.2800552],[121.2134499,31.2794689],[121.2133085,31.279294]]}},
{"type":"Feature","id":"way/424143562","properties":{"category":"place","center":[121.20730775000001,31.28367925],"campus":false,"name":"黄渡 • 绿苑路","name:en":"Luyuan Road (Huangdu)","highway":"tertiary","source":"Bing"},"geometry":{"type":"LineString","coordinates":[[121.2072784,31.2835995],[121.2073371,31.283759]]}},
{"type":"Feature","id":"way/424217539","properties":{"category":"place","center":[121.20689025,31.28175795],"campus":false,"name":"黄渡 • 绿苑路","name:en":"Luyuan Road (Huangdu)","highway":"tertiary","source":"Bing"},"geometry":{"type":"LineString","coordinates":[[121.2065021,31.2799164],[121.2065494,31.2801299],[121.2068354,31.2814909],[121.2069931,31.2822415],[121.207024,31.2823887],[121.2070879,31.2826927],[121.2072784,31.2835995]]}},
{"type":"Feature","id":"way/585571080","properties":{"category":"place","center":[121.21327535,31.292507],"campus":true,"name":"中央大道","name:en":"Zhongyan Avenue","highway":"service"},"geometry":{"type":"LineString","coordinates":[[121.2132086,31.2919097],[121.2132894,31.292286],[121.2133276,31.2927691],[121.2133358,31.2929514],[121.213339,31.2930279],[121.2133421,31.2931043]]}},
{"type":"Feature","id":"way/585571081","properties":{"category":"place","center":[121.21381525000001,31.29180655],"campus":true,"highway":"service"},"geometry":{"type":"LineString","coordinates":[[121.2132086,31.2919097],[121.2144219,31.2917034]]}},
{"type":"Feature","id":"way/585572269","properties":{"category":"place","center":[121.21300790000001,31.291371050000002],"campus":true,"name":"中央大道","name:en":"Zhongyan Avenue","highway":"service"},"geometry":{"type":"LineString","coordinates":[[121.2128072,31.2908324],[121.2130325,31.2913642],[121.2131256,31.2916208],[121.2132086,31.2919097]]}},
{"type":"Feature","id":"way/585572270","properties":{"category":"place","center":[121.21341605,31.290669700000002],"campus":true,"name":"嘉四路","name:en":"Jiasi Road","highway":"service"},"geometry":{"type":"LineString","coordinates":[[121.2128072,31.2908324],[121.2140249,31.290507]]}},
{"type":"Feature","id":"way/585572271","properties":{"category":"place","center":[121.2129075,31.291396149999997],"campus":true,"name":"中央大道","name:en":"Zhongyan Avenue","highway":"service"},"geometry":{"type":"LineString","coordinates":[[121.2131026,31.2919298],[121.2129896,31.2915567],[121.2128555,31.29119],[121.2127124,31.2908625]]}},
{"type":"Feature","id":"way/585572272","properties":{"category":"place","center":[121.21422340000001,31.2911052],"campus":true,"highway":"service"},"geometry":{"type":"LineString","coordinates":[[121.2144219,31.2917034],[121.2143951,31.2915155],[121.2140249,31.290507]]}},
{"type":"Feature","id":"way/585572273","properties":{"category":"place","center":[121.21449635,31.29168395],"campus":true,"highway":"service"},"geometry":{"type":"LineString","coordinates":[[121.2144219,31.2917034],[121.2144997,31.2916805],[121.2145708,31.2916645]]}},
{"type":"Feature","id":"way/585572274","properties":{"category":"place","center":[121.2127598,31.29084745],"campus":true,"name":"嘉四路","name:en":"Jiasi Road","highway":"service"},"geometry":{"type":"LineString","coordinates":[[121.2127124,31.2908625],[121.2128072,31.2908324]]}},
{"type":"Feature","id":"way/585572275","properties":{"category":"place","center":[121.21209895,31.290039649999997],"campus":true,"name":"中央大道","name:en":"Zhongyan Avenue","highway":"service"},"geometry":{"type":"LineString","coordinates":[[121.2127124,31.2908625],[121.2125374,31.2905584],[121.2122815,31.2902273],[121.2114855,31.2892168]]}},
{"type":"Feature","id":"way/585572276","properties":{"category":"place","center":[121.21104840000001,31.2885261],"campus":true,"name":"嘉三路","name:en":"Jiasan Road","highway":"service"},"geometry":{"type":"LineString","coordinates":[[121.2110957,31.2884981],[121.2110011,31.2885541]]}},
{"type":"Feature","id":"way/585572277","properties":{"category":"place","center":[121.21141475,31.288917150000003],"campus":true,"name":"中央大道","name:en":"Zhongyan Avenue","highway":"service"},"geometry":{"type":"LineString","coordinates":[[121.2110957,31.2884981],[121.2117338,31.2893362]]}},
{"type":"Feature","id":"way/585572278","properties":{"category":"place","center":[121.21071255000001,31.2881696],"campus":true,"name":"中央大道","name:en":"Zhongyan Avenue","highway":"service"},"geometry":{"type":"LineString","coordinates":[[121.2110011,31.2885541],[121.2106988,31.2881512],[121.2105478,31.2879501],[121.210424,31.2877851]]}},
{"type":"Feature","id":"way/585572279","properties":{"category":"place","center":[121.21023450000001,31.28901715],"campus":true,"name":"嘉三路","name:en":"Jiasan Road","highway":"service"},"geometry":{"type":"LineString","coordinates":[[121.2110011,31.2885541],[121.2105949,31.288797],[121.2104806,31.2888663],[121.2098775,31.2892319],[121.20981,31.2892728],[121.209578,31.2894134],[121.2094679,31.2894802]]}},
{"type":"Feature","id":"way/585572280","properties":{"category":"place","center":[121.2136098,31.28836965],"campus":true,"highway":"service"},"geometry":{"type":"LineString","coordinates":[[121.2138324,31.2889223],[121.2138264,31.2887469],[121.2137886,31.2885106],[121.2136921,31.288263],[121.213585,31.2880592],[121.213489,31.2879416],[121.2133872,31.287817]]}},
{"type":"Feature","id":"way/585572281","properties":{"category":"place","center":[121.21382095,31.289116399999997],"campus":true,"highway":"service"},"geometry":{"type":"LineString","coordinates":[[121.213805,31.2893105],[121.2138177,31.2892076],[121.2138369,31.2890515],[121.2138324,31.2889223]]}},
{"type":"Feature","id":"way/585572282","properties":{"category":"place","center":[121.21386665,31.289908750000002],"campus":true,"highway":"service"},"geometry":{"type":"LineString","coordinates":[[121.2140249,31.290507],[121.2137567,31.2899523],[121.2137135,31.2898262],[121.2137084,31.2897231],[121.2137789,31.2894219],[121.213805,31.2893105]]}},
{"type":"Feature","id":"way/585572283","properties":{"category":"place","center":[121.2170573,31.289456899999998],"campus":false,"name":"春归路","name:en":"Chungui Road","highway":"service"},"geometry":{"type":"LineString","coordinates":[[121.216584,31.2895453],[121.2166108,31.2895298],[121.2166433,31.2895019],[121.2166539,31.2894767],[121.2166588,31.2894162],[121.2166786,31.2893891],[121.2167023,31.2893722],[121.2167343,31.2893685],[121.2167695,31.2893705],[121.2175306,31.2894354]]}},
{"type":"Feature","id":"way/585572284","properties":{"category":"place","center":[121.21809594999999,31.2896032],"campus":false,"name":"春归路","name:en":"Chungui Road","highway":"service"},"geometry":{"type":"LineString","coordinates":[[121.2175306,31.2894354],[121.2182441,31.2895018],[121.2183433,31.2897563],[121.2184499,31.2897612],[121.2186613,31.289771]]}},
{"type":"Feature","id":"way/585572285","properties":{"category":"place","center":[121.21203435000001,31.28971645],"campus":true,"name":"中央大道","name:en":"Zhongyan Avenue","highway":"service"},"geometry":{"type":"LineString","coordinates":[[121.2117338,31.2893362],[121.2123349,31.2900967]]}},
{"type":"Feature","id":"way/585572286","properties":{"category":"place","center":[121.21257105000001,31.29046455],"campus":true,"name":"中央大道","name:en":"Zhongyan Avenue","highway":"service"},"geometry":{"type":"LineString","coordinates":[[121.2123349,31.2900967],[121.2125924,31.2904405],[121.2128072,31.2908324]]}},
{"type":"Feature","id":"way/585572287","properties":{"category":"place","center":[121.21023055,31.2873773],"campus":true,"highway":"service"},"geometry":{"type":"LineString","coordinates":[[121.2101146,31.2874177],[121.2101803,31.2873699],[121.2102603,31.287342],[121.2103465,31.2873369]]}},
{"type":"Feature","id":"way/585572288","properties":{"category":"place","center":[121.21026815,31.287757900000003],"campus":true,"highway":"service"},"geometry":{"type":"LineString","coordinates":[[121.210424,31.2877851],[121.2103452,31.2878012],[121.2102643,31.2877968],[121.2101885,31.2877722],[121.2101123,31.2877146]]}},
{"type":"Feature","id":"way/585572289","properties":{"category":"place","center":[121.21008225,31.287485150000002],"campus":true,"highway":"service"},"geometry":{"type":"LineString","coordinates":[[121.2100499,31.2875526],[121.2100696,31.2874807],[121.2101146,31.2874177]]}},
{"type":"Feature","id":"way/585572290","properties":{"category":"place","center":[121.21043105,31.287371999999998],"campus":true,"highway":"service"},"geometry":{"type":"LineString","coordinates":[[121.2103465,31.2873369],[121.2104055,31.2873472],[121.2104604,31.2873683],[121.2104765,31.2873796],[121.2105156,31.2874071]]}},
{"type":"Feature","id":"way/585572291","properties":{"category":"place","center":[121.21053735,31.28744255],"campus":true,"highway":"service"},"geometry":{"type":"LineString","coordinates":[[121.2105156,31.2874071],[121.2105591,31.287478]]}},
{"type":"Feature","id":"way/585572292","properties":{"category":"place","center":[121.21055635,31.2876036],"campus":true,"highway":"service"},"geometry":{"type":"LineString","coordinates":[[121.2105591,31.287478],[121.2105927,31.2875412],[121.2105906,31.2876091],[121.2105656,31.2876736],[121.21052,31.2877292]]}},
{"type":"Feature","id":"way/585572293","properties":{"category":"place","center":[121.2122021,31.28528645],"campus":true,"highway":"footway"},"geometry":{"type":"LineString","coordinates":[[121.2119412,31.2856367],[121.2118115,31.2854639],[121.2119769,31.285336],[121.2120636,31.2852366],[121.2122313,31.2851206],[121.2125927,31.2849362]]}},
{"type":"Feature","id":"way/585572294","properties":{"category":"place","center":[121.2121815,31.2859118],"campus":true,"highway":"footway"},"geometry":{"type":"LineString","coordinates":[[121.2119412,31.2856367],[121.21206,31.2857388],[121.2124218,31.2861869]]}},
{"type":"Feature","id":"way/585572296","properties":{"category":"place","center":[121.21269075000001,31.28503635],"campus":true,"highway":"footway"},"geometry":{"type":"LineString","coordinates":[[121.2125927,31.2849362],[121.2127888,31.2851365]]}},
{"type":"Feature","id":"way/585572297","properties":{"category":"place","center":[121.2118271,31.28476795],"campus":true,"highway":"footway"},"geometry":{"type":"LineString","coordinates":[[121.2116278,31.2849565],[121.2117651,31.2849065],[121.211855,31.2848509],[121.2119248,31.2847967],[121.2119781,31.2847359],[121.2120122,31.2846719],[121.2120264,31.2845794]]}},
{"type":"Feature","id":"way/585572298","properties":{"category":"place","center":[121.21077460000001,31.28616915],"campus":true,"highway":"footway"},"geometry":{"type":"LineString","coordinates":[[121.2105425,31.2863443],[121.2106463,31.2863115],[121.2107891,31.2862368],[121.2109141,31.2861167],[121.2110067,31.285994]]}},
{"type":"Feature","id":"way/585572299","properties":{"category":"place","center":[121.21108515,31.2856504],"campus":true,"highway":"footway"},"geometry":{"type":"LineString","coordinates":[[121.2105425,31.2863443],[121.2105621,31.2862618],[121.2106095,31.2861744],[121.2106794,31.2860871],[121.2107286,31.285996],[121.2107668,31.2858949],[121.2107817,31.2857426],[121.2107867,31.2856004],[121.2108133,31.2854842],[121.2108591,31.2853857],[121.2109272,31.2852791],[121.2110513,31.2851861],[121.2111411,31.2851636],[121.2112509,31.2851436],[121.2113907,31.2850937],[121.2116278,31.2849565]]}},
{"type":"Feature","id":"way/585572300","properties":{"category":"place","center":[121.21147395,31.2857818],"campus":true,"highway":"footway"},"geometry":{"type":"LineString","coordinates":[[121.2110067,31.285994],[121.2110659,31.2859156],[121.2112353,31.2857461],[121.21132,31.2856755],[121.2114188,31.2856297],[121.21156,31.2855802],[121.2117047,31.2855696],[121.2118318,31.2855908],[121.2119412,31.2856367]]}},
{"type":"Feature","id":"way/585572301","properties":{"category":"place","center":[121.21245525,31.2829548],"campus":true,"name":"嘉一路","name:en":"Jiayi Road","highway":"service"},"geometry":{"type":"LineString","coordinates":[[121.2107778,31.2840189],[121.2108471,31.2840031],[121.2110659,31.2839531],[121.2111021,31.2839379],[121.2113765,31.2838225],[121.2115106,31.2837413],[121.2116059,31.2836425],[121.2116659,31.2835083],[121.2116695,31.2833742],[121.2116695,31.2832471],[121.2117153,31.2831412],[121.2118212,31.2830777],[121.2118784,31.2830496],[121.2120224,31.2829789],[121.212146,31.2829401],[121.2122624,31.2829365],[121.2123966,31.2829506],[121.2125413,31.2829118],[121.212686,31.282753],[121.212866,31.28252],[121.212979,31.2824636],[121.2131166,31.2824388],[121.2132154,31.2824671],[121.2137555,31.2821459],[121.213879,31.2820576],[121.2139849,31.2819482],[121.2141327,31.2818907]]}},
{"type":"Feature","id":"way/585572302","properties":{"category":"place","center":[121.2102048,31.2845194],"campus":true,"name":"嘉一路","name:en":"Jiayi Road","highway":"service"},"geometry":{"type":"LineString","coordinates":[[121.2101894,31.2845687],[121.2102202,31.2844701]]}},
{"type":"Feature","id":"way/585572303","properties":{"category":"place","center":[121.21199085,31.282459449999998],"campus":true,"name":"同嘉大道","name:en":"Tongjia Road","highway":"service"},"geometry":{"type":"LineString","coordinates":[[121.209849,31.2830305],[121.2104438,31.2826077],[121.21053,31.2825464],[121.210696,31.2824271],[121.2108516,31.2823377],[121.2110718,31.2822255],[121.2113186,31.2821154],[121.2115919,31.2820305],[121.2119755,31.2819388],[121.212252,31.2819046],[121.2125012,31.2818884],[121.2128364,31.2818884],[121.2135658,31.2818897],[121.2141327,31.2818907]]}},
{"type":"Feature","id":"way/585572304","properties":{"category":"place","center":[121.2093343,31.283396449999998],"campus":true,"name":"同嘉大道","name:en":"Tongjia Road","highway":"service"},"geometry":{"type":"LineString","coordinates":[[121.2088196,31.2837624],[121.209849,31.2830305]]}},
{"type":"Feature","id":"way/585573705","properties":{"category":"place","center":[121.21008660000001,31.2876808],"campus":true,"highway":"service"},"geometry":{"type":"LineString","coordinates":[[121.2101123,31.2877146],[121.2100869,31.2876872],[121.2100609,31.287647]]}},
{"type":"Feature","id":"way/585573706","properties":{"category":"place","center":[121.2100554,31.287599800000002],"campus":true,"highway":"service"},"geometry":{"type":"LineString","coordinates":[[121.2100609,31.287647],[121.2100511,31.287596],[121.2100499,31.2875526]]}},
{"type":"Feature","id":"way/585573707","properties":{"category":"place","center":[121.2112433,31.28888545],"campus":true,"name":"中央大道","name:en":"Zhongyan Avenue","highway":"service"},"geometry":{"type":"LineString","coordinates":[[121.2114855,31.2892168],[121.2113559,31.2890523],[121.2110011,31.2885541]]}},
{"type":"Feature","id":"way/585573708","properties":{"category":"place","center":[121.21207849999999,31.29105605],"campus":true,"name":"嘉四路","name:en":"Jiasi Road","highway":"service"},"geometry":{"type":"LineString","coordinates":[[121.2114446,31.2912496],[121.2116378,31.2912221],[121.2117826,31.2911808],[121.2127124,31.2908625]]}},
{"type":"Feature","id":"way/585573709","properties":{"category":"place","center":[121.20952185,31.290493150000003],"campus":true,"name":"同丙路","name:en":"Tongbing Road","highway":"service"},"geometry":{"type":"LineString","coordinates":[[121.2099152,31.2913111],[121.2099118,31.2912643],[121.2098719,31.2907185],[121.2098335,31.2906241],[121.2097787,31.2905106],[121.2097662,31.2904846],[121.2096654,31.2903369],[121.2091285,31.2896752]]}},
{"type":"Feature","id":"way/585573710","properties":{"category":"place","center":[121.21005765,31.29130555],"campus":true,"name":"嘉四路","name:en":"Jiasi Road","highway":"service"},"geometry":{"type":"LineString","coordinates":[[121.2099152,31.2913111],[121.2102001,31.2913]]}},
{"type":"Feature","id":"way/585573711","properties":{"category":"place","center":[121.20860215,31.289970750000002],"campus":true,"name":"嘉三路","name:en":"Jiasan Road","highway":"service"},"geometry":{"type":"LineString","coordinates":[[121.2091285,31.2896752],[121.2091004,31.2896911],[121.2089352,31.2897895],[121.2081884,31.2902342],[121.2080758,31.2902663]]}},
{"type":"Feature","id":"way/585573712","properties":{"category":"place","center":[121.2087435,31.2892125],"campus":true,"name":"同丙路","name:en":"Tongbing Road","highway":"service"},"geometry":{"type":"LineString","coordinates":[[121.2091285,31.2896752],[121.2084397,31.2888473],[121.2083585,31.2887498]]}},
{"type":"Feature","id":"way/585573713","properties":{"category":"place","center":[121.2081208,31.28890225],"campus":true,"name":"嘉二路","name:en":"Jiaer Road","highway":"service"},"geometry":{"type":"LineString","coordinates":[[121.2083585,31.2887498],[121.2078831,31.2890547]]}},
{"type":"Feature","id":"way/585573714","properties":{"category":"place","center":[121.20833535,31.2887269],"campus":true,"name":"同丙路","name:en":"Tongbing Road","highway":"service"},"geometry":{"type":"LineString","coordinates":[[121.2083585,31.2887498],[121.2083122,31.288704]]}},
{"type":"Feature","id":"way/585573715","properties":{"category":"place","center":[121.2076014,31.28917345],"campus":true,"name":"嘉二路","name:en":"Jiaer Road","highway":"service"},"geometry":{"type":"LineString","coordinates":[[121.2078831,31.2890547],[121.2076845,31.2891821],[121.2075182,31.2892601],[121.2073197,31.2892922]]}},
{"type":"Feature","id":"way/585573716","properties":{"category":"place","center":[121.20814315,31.2888112],"campus":true,"name":"嘉二路","name:en":"Jiaer Road","highway":"service"},"geometry":{"type":"LineString","coordinates":[[121.2078353,31.2890064],[121.2083122,31.288704],[121.208451,31.288616]]}},
{"type":"Feature","id":"way/585573717","properties":{"category":"place","center":[121.2078592,31.28903055],"campus":true,"highway":"footway"},"geometry":{"type":"LineString","coordinates":[[121.2078353,31.2890064],[121.2078831,31.2890547]]}},
{"type":"Feature","id":"way/585573718","properties":{"category":"place","center":[121.20755065,31.289119499999998],"campus":true,"name":"嘉二路","name:en":"Jiaer Road","highway":"service"},"geometry":{"type":"LineString","coordinates":[[121.207266,31.2892326],[121.2074785,31.2891983],[121.2076523,31.2891225],[121.2078353,31.2890064]]}},
{"type":"Feature","id":"way/585573719","properties":{"category":"place","center":[121.20729285,31.2892624],"campus":true,"name":"同乙路","name:en":"Tongyi Road","highway":"service"},"geometry":{"type":"LineString","coordinates":[[121.2073197,31.2892922],[121.207266,31.2892326]]}},
{"type":"Feature","id":"way/585573720","properties":{"category":"place","center":[121.20655655,31.2893227],"campus":true,"name":"嘉二路","name:en":"Jiaer Road","highway":"service"},"geometry":{"type":"LineString","coordinates":[[121.2073197,31.2892922],[121.2071748,31.2892922],[121.2057934,31.2893532]]}},
{"type":"Feature","id":"way/585573721","properties":{"category":"place","center":[121.20718120000001,31.2885586],"campus":true,"highway":"footway"},"geometry":{"type":"LineString","coordinates":[[121.2070948,31.2890228],[121.2067799,31.288637],[121.2067718,31.2886152],[121.2067745,31.2885923],[121.2067879,31.288574],[121.2075906,31.2880944]]}},
{"type":"Feature","id":"way/585573722","properties":{"category":"place","center":[121.20939545,31.2859759],"campus":true,"highway":"footway"},"geometry":{"type":"LineString","coordinates":[[121.209362,31.2859328],[121.2094262,31.2860155],[121.2094289,31.286019]]}},
{"type":"Feature","id":"way/585573723","properties":{"category":"place","center":[121.2097757,31.285250750000003],"campus":true,"name":"嘉一路","name:en":"Jiayi Road","highway":"service"},"geometry":{"type":"LineString","coordinates":[[121.209362,31.2859328],[121.2094941,31.2858431],[121.2096893,31.2856897],[121.2098847,31.2854671],[121.209954,31.2853508],[121.2100423,31.285199],[121.2100671,31.2851362],[121.2100988,31.2850296],[121.2101552,31.2847437],[121.2101894,31.2845687]]}},
{"type":"Feature","id":"way/585573724","properties":{"category":"place","center":[121.21233615,31.284472899999997],"campus":true,"name":"桃李大道","name:en":"Taoli Avenue","highway":"pedestrian"},"geometry":{"type":"LineString","coordinates":[[121.2118937,31.2844715],[121.2119155,31.284472],[121.2121663,31.2844743],[121.2127786,31.284472]]}},
{"type":"Feature","id":"way/585573725","properties":{"category":"place","center":[121.210499,31.2842445],"campus":true,"name":"嘉一路","name:en":"Jiayi Road","highway":"service"},"geometry":{"type":"LineString","coordinates":[[121.2102202,31.2844701],[121.2102532,31.2844016],[121.2104129,31.2841896],[121.2105329,31.2840943],[121.2107778,31.2840189]]}},
{"type":"Feature","id":"way/585573727","properties":{"category":"place","center":[121.20769775,31.28977925],"campus":true,"name":"同乙路","name:en":"Tongyi Road","highway":"service"},"geometry":{"type":"LineString","coordinates":[[121.2080758,31.2902663],[121.2077429,31.2898374],[121.2073197,31.2892922]]}},
{"type":"Feature","id":"way/585573728","properties":{"category":"place","center":[121.20725915,31.2902892],"campus":true,"name":"嘉三路","name:en":"Jiasan Road","highway":"service"},"geometry":{"type":"LineString","coordinates":[[121.2080758,31.2902663],[121.2078774,31.2902938],[121.2064425,31.2903121]]}},
{"type":"Feature","id":"way/585573729","properties":{"category":"place","center":[121.20791185,31.2913698],"campus":true,"name":"嘉四路","name:en":"Jiasi Road","highway":"service"},"geometry":{"type":"LineString","coordinates":[[121.207147,31.2913944],[121.2079384,31.2913716],[121.2086767,31.2913452]]}},
{"type":"Feature","id":"way/585573730","properties":{"category":"place","center":[121.20611794999999,31.28983265],"campus":true,"name":"同甲路","name:en":"Tongjia Road","highway":"service"},"geometry":{"type":"LineString","coordinates":[[121.2064425,31.2903121],[121.2063111,31.2901192],[121.2062955,31.2900962],[121.2062733,31.2900636],[121.2059655,31.2896115],[121.2057934,31.2893532]]}},
{"type":"Feature","id":"way/585573733","properties":{"category":"place","center":[121.2058792,31.29060205],"campus":true,"name":"嘉三路","name:en":"Jiasan Road","highway":"service"},"geometry":{"type":"LineString","coordinates":[[121.2064425,31.2903121],[121.2057215,31.2906832],[121.2056881,31.2907004],[121.2056724,31.2907085],[121.2053159,31.290892]]}},
{"type":"Feature","id":"way/585573736","properties":{"category":"place","center":[121.2051843,31.289738149999998],"campus":true,"name":"嘉二路","name:en":"Jiaer Road","highway":"service"},"geometry":{"type":"LineString","coordinates":[[121.2057934,31.2893532],[121.2051616,31.2896962],[121.2049966,31.2898013],[121.2046844,31.2900189],[121.2045752,31.2901231]]}},
{"type":"Feature","id":"way/585573737","properties":{"category":"place","center":[121.20574385,31.2892892],"campus":true,"name":"同甲路","name:en":"Tongjia Road","highway":"service"},"geometry":{"type":"LineString","coordinates":[[121.2057934,31.2893532],[121.2056943,31.2892252]]}},
{"type":"Feature","id":"way/585573738","properties":{"category":"place","center":[121.20648015,31.289228899999998],"campus":true,"name":"嘉二路","name:en":"Jiaer Road","highway":"service"},"geometry":{"type":"LineString","coordinates":[[121.2056943,31.2892252],[121.207266,31.2892326]]}},
{"type":"Feature","id":"way/585573739","properties":{"category":"place","center":[121.20516985,31.2887969],"campus":true,"name":"同甲路","name:en":"Tongjia Road","highway":"service"},"geometry":{"type":"LineString","coordinates":[[121.2056943,31.2892252],[121.2046454,31.2883686]]}},
{"type":"Feature","id":"way/585573740","properties":{"category":"place","center":[121.2049523,31.28721555],"campus":true,"name":"同嘉大道","name:en":"Tongjia Road","highway":"service"},"geometry":{"type":"LineString","coordinates":[[121.2046454,31.2883686],[121.2043825,31.2881462],[121.2043182,31.2880729],[121.2042672,31.2880064],[121.2042243,31.2879422],[121.2042055,31.287901],[121.20418,31.2878289],[121.2041626,31.2877268],[121.2041626,31.2875434],[121.2041975,31.2873738],[121.2042806,31.2872087],[121.2043231,31.2871399],[121.2043718,31.2870827],[121.2045511,31.2869473],[121.205742,31.2860625]]}},
{"type":"Feature","id":"way/585573741","properties":{"category":"place","center":[121.20738575,31.284848150000002],"campus":true,"name":"同嘉大道","name:en":"Tongjia Road","highway":"service"},"geometry":{"type":"LineString","coordinates":[[121.2069883,31.2851418],[121.2070189,31.2851192],[121.2075269,31.2847439],[121.2077832,31.2845545]]}},
{"type":"Feature","id":"way/585573742","properties":{"category":"place","center":[121.20810305,31.2854291],"campus":true,"name":"嘉园路","name:en":"Jiayuan Road","highway":"service"},"geometry":{"type":"LineString","coordinates":[[121.2077862,31.2854782],[121.2080008,31.2854782],[121.2082425,31.2854417],[121.2082901,31.2854345],[121.2084199,31.28538]]}},
{"type":"Feature","id":"way/585573743","properties":{"category":"place","center":[121.20855455,31.2853131],"campus":true,"name":"嘉园路","name:en":"Jiayuan Road","highway":"service"},"geometry":{"type":"LineString","coordinates":[[121.2084593,31.2853635],[121.2086498,31.2852627]]}},
{"type":"Feature","id":"way/585573744","properties":{"category":"place","center":[121.2086788,31.28523405],"campus":true,"name":"嘉园路","name:en":"Jiayuan Road","highway":"service"},"geometry":{"type":"LineString","coordinates":[[121.2086498,31.2852627],[121.2087078,31.2852054]]}},
{"type":"Feature","id":"way/585573745","properties":{"category":"place","center":[121.20843959999999,31.28537175],"campus":true,"name":"嘉园路","name:en":"Jiayuan Road","highway":"service"},"geometry":{"type":"LineString","coordinates":[[121.2084199,31.28538],[121.2084593,31.2853635]]}},
{"type":"Feature","id":"way/585573746","properties":{"category":"place","center":[121.2089044,31.28483785],"campus":true,"name":"嘉园路","name:en":"Jiayuan Road","highway":"service"},"geometry":{"type":"LineString","coordinates":[[121.2087078,31.2852054],[121.2088079,31.2851065],[121.2088402,31.2850747],[121.2089448,31.2849294],[121.2089904,31.2848661],[121.2090602,31.2847057],[121.2090928,31.2845174],[121.209101,31.2844703]]}},
{"type":"Feature","id":"way/585573747","properties":{"category":"place","center":[121.2089603,31.284116349999998],"campus":true,"name":"嘉园路","name:en":"Jiayuan Road","highway":"service"},"geometry":{"type":"LineString","coordinates":[[121.209101,31.2844703],[121.2090977,31.2843229],[121.2090859,31.2842726],[121.2090575,31.284151],[121.2089851,31.2839882],[121.2088939,31.283853],[121.2088196,31.2837624]]}},
{"type":"Feature","id":"way/585573845","properties":{"category":"place","center":[121.21368905,31.283819200000003],"campus":true,"name":"嘉二路","name:en":"Jiaer Road","highway":"service"},"geometry":{"type":"LineString","coordinates":[[121.2132413,31.2857477],[121.2137888,31.2854263],[121.2139076,31.2853274],[121.2140073,31.2852002],[121.214056,31.2851087],[121.2140884,31.285048],[121.2141216,31.284936],[121.2141368,31.2847912],[121.2141289,31.2844972],[121.2141327,31.2818907]]}},
{"type":"Feature","id":"way/690481868","properties":{"category":"place","center":[121.2133539,31.2792609],"campus":false,"name":"曹安公路","name:en":"Caoan Highway","highway":"trunk"},"geometry":{"type":"LineString","coordinates":[[121.2133993,31.2792278],[121.2133085,31.279294]]}},
{"type":"Feature","id":"way/690481872","properties":{"category":"place","center":[121.21371260000001,31.2796218],"campus":false,"name":"嘉松北路","name:en":"North Jiasong Road","highway":"primary"},"geometry":{"type":"LineString","coordinates":[[121.2133993,31.2792278],[121.2140259,31.2800158]]}},
{"type":"Feature","id":"way/690481873","properties":{"category":"place","center":[121.2132422,31.2791277],"campus":false,"name":"曹安公路","name:en":"Caoan Highway","highway":"trunk"},"geometry":{"type":"LineString","coordinates":[[121.2132,31.2791592],[121.2132844,31.2790962]]}},
{"type":"Feature","id":"way/690481874","properties":{"category":"place","center":[121.21325425,31.2792266],"campus":false,"name":"嘉松北路","name:en":"North Jiasong Road","highway":"primary"},"geometry":{"type":"LineString","coordinates":[[121.2133085,31.279294],[121.2132,31.2791592]]}},
{"type":"Feature","id":"way/703847710","properties":{"category":"place","center":[121.2047213,31.291435149999998],"campus":true,"highway":"service"},"geometry":{"type":"LineString","coordinates":[[121.2041267,31.2919783],[121.2045354,31.2915912],[121.2048358,31.2912818],[121.2051523,31.2909632],[121.2052354,31.2909219],[121.2053159,31.290892]]}},
{"type":"Feature","id":"way/703847711","properties":{"category":"place","center":[121.20391950000001,31.29199255],"campus":true,"name":"磁悬浮试验线","name:en":"CM1 Dolphin"},"geometry":{"type":"LineString","coordinates":[[121.2042899,31.2923178],[121.2037294,31.2918273],[121.2035491,31.2916673]]}},
{"type":"Feature","id":"way/830600182","properties":{"category":"place","center":[121.2162295,31.2903679],"campus":false,"highway":"service"},"geometry":{"type":"LineString","coordinates":[[121.216439,31.2901953],[121.2164191,31.290214],[121.2162445,31.2903775],[121.21602,31.2905405]]}},
{"type":"Feature","id":"way/830600183","properties":{"category":"place","center":[121.2164779,31.29014545],"campus":false,"highway":"service"},"geometry":{"type":"LineString","coordinates":[[121.2165168,31.2900956],[121.2164867,31.2901342],[121.216439,31.2901953]]}},
{"type":"Feature","id":"way/834486388","properties":{"category":"place","center":[121.2151837,31.2915631],"campus":true,"highway":"service"},"geometry":{"type":"LineString","coordinates":[[121.2147868,31.2916291],[121.2148806,31.291614],[121.2155806,31.2914971]]}},
{"type":"Feature","id":"way/834486389","properties":{"category":"place","center":[121.2146788,31.291646800000002],"campus":true,"highway":"service"},"geometry":{"type":"LineString","coordinates":[[121.2145708,31.2916645],[121.2147868,31.2916291]]}},
{"type":"Feature","id":"way/838873489","properties":{"category":"place","center":[121.21128935,31.2844642],"campus":true,"name":"桃李大道","name:en":"Taoli Avenue","highway":"pedestrian"},"geometry":{"type":"LineString","coordinates":[[121.210685,31.2844569],[121.2118937,31.2844715]]}},
{"type":"Feature","id":"way/838873490","properties":{"category":"place","center":[121.2104526,31.284463000000002],"campus":true,"name":"桃李大道","name:en":"Taoli Avenue","highway":"pedestrian"},"geometry":{"type":"LineString","coordinates":[[121.2102202,31.2844701],[121.2106455,31.2844559],[121.210685,31.2844569]]}},
{"type":"Feature","id":"way/839222848","properties":{"category":"place","center":[121.2078363,31.2842832],"campus":true,"highway":"service"},"geometry":{"type":"LineString","coordinates":[[121.2078164,31.2842632],[121.2078562,31.2843032]]}},
{"type":"Feature","id":"way/839222849","properties":{"category":"place","center":[121.20774664999999,31.28419935],"campus":true,"highway":"service"},"geometry":{"type":"LineString","coordinates":[[121.2076769,31.2841355],[121.2078164,31.2842632]]}},
{"type":"Feature","id":"way/839224423","properties":{"category":"place","center":[121.20764255,31.28426855],"campus":true,"highway":"service"},"geometry":{"type":"LineString","coordinates":[[121.2077111,31.2843349],[121.207574,31.2842022]]}},
{"type":"Feature","id":"way/839224424","properties":{"category":"place","center":[121.2075357,31.2841669],"campus":true,"highway":"service"},"geometry":{"type":"LineString","coordinates":[[121.207574,31.2842022],[121.2075637,31.2841927],[121.2074974,31.2841316]]}},
{"type":"Feature","id":"way/840500609","properties":{"category":"place","center":[121.21427965000001,31.29250265],"campus":true,"highway":"footway"},"geometry":{"type":"LineString","coordinates":[[121.2142412,31.2924744],[121.2143181,31.2925309]]}},
{"type":"Feature","id":"way/840500610","properties":{"category":"place","center":[121.2143982,31.29255295],"campus":true,"highway":"footway"},"geometry":{"type":"LineString","coordinates":[[121.2143181,31.2925309],[121.2144114,31.2925564],[121.2144783,31.292575]]}},
{"type":"Feature","id":"way/857060543","properties":{"category":"place","center":[121.2077557,31.287265400000003],"campus":true,"name":"栋梁大道","name:en":"Dongliang Avenue","highway":"pedestrian"},"geometry":{"type":"LineString","coordinates":[[121.2077645,31.2868028],[121.2077469,31.287728]]}},
{"type":"Feature","id":"way/914304997","properties":{"category":"place","center":[121.20487175,31.285408699999998],"campus":false,"name":"曹安公路","name:en":"Caoan Highway","highway":"trunk"},"geometry":{"type":"LineString","coordinates":[[121.2046891,31.2855488],[121.2050544,31.2852686]]}},
{"type":"Feature","id":"way/914304999","properties":{"category":"place","center":[121.2031819,31.2861621],"campus":false,"name":"曹安公路","name:en":"Caoan Highway","highway":"trunk"},"geometry":{"type":"LineString","coordinates":[[121.201337,31.2871165],[121.2014803,31.2869726],[121.2020007,31.286819],[121.202395,31.2866678],[121.2028965,31.28645],[121.2032419,31.2862864],[121.2035644,31.2861337],[121.2039882,31.2858893],[121.2044281,31.2856133],[121.2050268,31.2852077]]}},
{"type":"Feature","id":"way/914305000","properties":{"category":"place","center":[121.20356845,31.286028950000002],"campus":false,"highway":"service"},"geometry":{"type":"LineString","coordinates":[[121.2032419,31.2862864],[121.2032318,31.2861543],[121.2031487,31.2859801],[121.2035322,31.2857715],[121.2037334,31.2858701],[121.2039882,31.2858893]]}},
{"type":"Feature","id":"way/993386740","properties":{"category":"place","center":[121.2132981,31.293227899999998],"campus":false,"highway":"service"},"geometry":{"type":"LineString","coordinates":[[121.2131139,31.2933552],[121.2131365,31.2932646],[121.2131736,31.2931698],[121.213235,31.2931091],[121.2132867,31.2931006],[121.2133421,31.2931043],[121.2133998,31.2931411],[121.2134507,31.2932329],[121.2134823,31.2933248]]}},
{"type":"Feature","id":"way/993386741","properties":{"category":"place","center":[121.20992774999999,31.29157335],"campus":true,"name":"同丙路","name:en":"Tongbing Road","highway":"service"},"geometry":{"type":"LineString","coordinates":[[121.2099403,31.2918356],[121.2099152,31.2913111]]}},
{"type":"Feature","id":"way/993386742","properties":{"category":"place","center":[121.20246879999999,31.291916800000003],"campus":true,"highway":"service"},"geometry":{"type":"LineString","coordinates":[[121.2015267,31.2911599],[121.2028466,31.2922203],[121.2034109,31.2926737]]}},
{"type":"Feature","id":"way/993386743","properties":{"category":"place","center":[121.20287375,31.29188375],"campus":true,"highway":"service"},"geometry":{"type":"LineString","coordinates":[[121.2019273,31.2907451],[121.2033242,31.2917349],[121.203694,31.291997],[121.2037934,31.2920983],[121.2038202,31.2921735],[121.2038126,31.2922716],[121.203759,31.2923566],[121.2034109,31.2926737],[121.2032578,31.2928208],[121.2031048,31.2929156],[121.2029174,31.2929875],[121.2026282,31.2930224]]}},
{"type":"Feature","id":"way/993386744","properties":{"category":"place","center":[121.2148407,31.285444849999998],"campus":true,"highway":"service"},"geometry":{"type":"LineString","coordinates":[[121.214056,31.2851087],[121.21414,31.2851181],[121.2142404,31.2851234],[121.2150375,31.2851314],[121.2151022,31.2851404],[121.2151504,31.2851713],[121.2156029,31.2857521],[121.2156254,31.285781]]}},
{"type":"Feature","id":"way/993386745","properties":{"category":"place","center":[121.2125245,31.29294455],"campus":true,"name":"绿环路","name:en":"Lühuan Road","highway":"service"},"geometry":{"type":"LineString","coordinates":[[121.2107795,31.2930145],[121.2111013,31.2930236],[121.2113371,31.2930488],[121.2114232,31.2930533],[121.2115999,31.2930626],[121.2124532,31.293019],[121.2131245,31.2929723],[121.2132324,31.2929623],[121.2133358,31.2929514],[121.213474,31.292936],[121.2137956,31.2928997],[121.2141028,31.2928579],[121.2142695,31.2928265]]}},
{"type":"Feature","id":"way/993386746","properties":{"category":"place","center":[121.21064605000001,31.29301915],"campus":true,"name":"绿环路","name:en":"Lühuan Road","highway":"service"},"geometry":{"type":"LineString","coordinates":[[121.2105126,31.2930238],[121.2107795,31.2930145]]}},
{"type":"Feature","id":"way/1007363130","properties":{"category":"place","center":[121.21313295,31.28750565],"campus":true,"highway":"service"},"geometry":{"type":"LineString","coordinates":[[121.2132575,31.2876582],[121.2130084,31.2873531]]}},
{"type":"Feature","id":"way/1007363131","properties":{"category":"place","center":[121.21332235,31.2877376],"campus":true,"highway":"service"},"geometry":{"type":"LineString","coordinates":[[121.2133872,31.287817],[121.2132575,31.2876582]]}},
{"type":"Feature","id":"way/1047794582","properties":{"category":"place","center":[121.21563155,31.292582000000003],"campus":true,"name":"绿环路","name:en":"Lühuan Road","highway":"service"},"geometry":{"type":"LineString","coordinates":[[121.2143694,31.2928077],[121.2148366,31.2927196],[121.2156755,31.2925409],[121.2159101,31.2924957],[121.2161843,31.2924453],[121.2164326,31.2924086],[121.2168937,31.2923563]]}},
{"type":"Feature","id":"way/1047794583","properties":{"category":"place","center":[121.21431945,31.2928171],"campus":true,"name":"绿环路","name:en":"Lühuan Road","highway":"service"},"geometry":{"type":"LineString","coordinates":[[121.2142695,31.2928265],[121.2143694,31.2928077]]}},
{"type":"Feature","id":"way/1047794586","properties":{"category":"water","center":[121.20146385000001,31.29258515],"campus":false,"waterway":"stream"},"geometry":{"type":"LineString","coordinates":[[121.2023157,31.2935311],[121.2019241,31.2930589],[121.200612,31.2916392]]}},
{"type":"Feature","id":"way/1047794587","properties":{"category":"water","center":[121.2023385,31.293722449999997],"campus":false,"waterway":"stream"},"geometry":{"type":"LineString","coordinates":[[121.2023613,31.2939138],[121.2023157,31.2935311]]}},
{"type":"Feature","id":"way/1263190668","properties":{"category":"place","center":[121.20609595,31.2830734],"campus":false,"highway":"residential"},"geometry":{"type":"LineString","coordinates":[[121.2070879,31.2826927],[121.206751,31.282693],[121.2059628,31.2826936],[121.2059628,31.2831278],[121.2059032,31.2831851],[121.205104,31.2834541]]}},
{"type":"Feature","id":"way/1263190669","properties":{"category":"place","center":[121.2046403,31.2837398],"campus":false,"highway":"residential"},"geometry":{"type":"LineString","coordinates":[[121.2048314,31.283554],[121.2046642,31.2836536],[121.2046365,31.2839256],[121.2044492,31.2839174]]}},
{"type":"Feature","id":"way/1263190670","properties":{"category":"place","center":[121.2049677,31.283504049999998],"campus":false,"highway":"residential"},"geometry":{"type":"LineString","coordinates":[[121.205104,31.2834541],[121.2048314,31.283554]]}},
{"type":"Feature","id":"way/1263190671","properties":{"category":"place","center":[121.2058536,31.28146725],"campus":false,"highway":"residential"},"geometry":{"type":"LineString","coordinates":[[121.2059628,31.2826936],[121.2059516,31.282269],[121.2058416,31.2819939],[121.2058041,31.2816707],[121.2058001,31.2815524],[121.2057646,31.2805049],[121.2057444,31.2802409]]}},
{"type":"Feature","id":"way/1263190672","properties":{"category":"place","center":[121.20633000000001,31.28149235],"campus":false,"highway":"footway"},"geometry":{"type":"LineString","coordinates":[[121.206751,31.282693],[121.2066563,31.2822125],[121.2065977,31.282167],[121.2065999,31.2819059],[121.2065114,31.2815033],[121.2062985,31.2803249],[121.2062377,31.2802917],[121.2061211,31.2803206],[121.205909,31.2803753]]}},
{"type":"Feature","id":"way/1263190673","properties":{"category":"place","center":[121.20615575,31.28152785],"campus":false,"highway":"footway"},"geometry":{"type":"LineString","coordinates":[[121.2065114,31.2815033],[121.2058001,31.2815524]]}},
{"type":"Feature","id":"way/1263190674","properties":{"category":"place","center":[121.2066734,31.281497100000003],"campus":false,"highway":"footway"},"geometry":{"type":"LineString","coordinates":[[121.2065114,31.2815033],[121.2068354,31.2814909]]}},
{"type":"Feature","id":"way/1263190675","properties":{"category":"place","center":[121.20608625,31.280215],"campus":false,"highway":"footway"},"geometry":{"type":"LineString","coordinates":[[121.2061211,31.2803206],[121.2060514,31.2801094]]}},
{"type":"Feature","id":"way/1270942546","properties":{"category":"place","center":[121.20594645,31.284800699999998],"campus":false,"name":"曹安公路","name:en":"Caoan Highway","highway":"trunk"},"geometry":{"type":"LineString","coordinates":[[121.2064661,31.2844055],[121.2054268,31.2851959]]}},
{"type":"Feature","id":"way/1270942549","properties":{"category":"place","center":[121.20813290000001,31.2833035],"campus":true,"highway":"service"},"geometry":{"type":"LineString","coordinates":[[121.2084468,31.2829293],[121.2084648,31.2831469],[121.207801,31.2836777]]}},
{"type":"Feature","id":"way/1298839505","properties":{"category":"place","center":[121.2186308,31.290100199999998],"campus":false,"name":"嘉松北路","name:en":"North Jiasong Road","highway":"primary"},"geometry":{"type":"LineString","coordinates":[[121.2186003,31.2904294],[121.218653,31.2898611],[121.2186613,31.289771]]}},
{"type":"Feature","id":"way/1298839506","properties":{"category":"place","center":[121.2184932,31.291626100000002],"campus":false,"name":"嘉松北路","name:en":"North Jiasong Road","highway":"primary"},"geometry":{"type":"LineString","coordinates":[[121.2184035,31.2926352],[121.2185829,31.290617]]}},
{"type":"Feature","id":"way/1298839513","properties":{"category":"place","center":[121.21840645,31.29378365],"campus":false,"name":"嘉松北路","name:en":"North Jiasong Road","highway":"primary"},"geometry":{"type":"LineString","coordinates":[[121.2185011,31.292734],[121.2183118,31.2948333]]}},
{"type":"Feature","id":"way/1298839514","properties":{"category":"place","center":[121.2187402,31.290095299999997],"campus":false,"name":"嘉松北路","name:en":"North Jiasong Road","highway":"primary"},"geometry":{"type":"LineString","coordinates":[[121.2187711,31.2897525],[121.2187093,31.2904381]]}},
{"type":"Feature","id":"way/1298839515","properties":{"category":"place","center":[121.21871619999999,31.289761749999997],"campus":false,"name":"春归路","name:en":"Chungui Road","highway":"tertiary"},"geometry":{"type":"LineString","coordinates":[[121.2186613,31.289771],[121.2187711,31.2897525]]}},
{"type":"Feature","id":"way/1317559471","properties":{"category":"place","center":[121.2027384,31.2923032],"campus":true,"highway":"service"},"geometry":{"type":"LineString","coordinates":[[121.2033242,31.2917349],[121.2028466,31.2922203],[121.2021526,31.2928715]]}},
{"type":"Feature","id":"way/1334955916","properties":{"category":"place","center":[121.20742275,31.2838354],"campus":true,"highway":"service"},"geometry":{"type":"LineString","coordinates":[[121.2073371,31.283759],[121.2073745,31.2837922],[121.2074817,31.2838873],[121.2075084,31.2839118]]}},
{"type":"Feature","id":"way/1334955917","properties":{"category":"place","center":[121.2076547,31.28379475],"campus":true,"highway":"service"},"geometry":{"type":"LineString","coordinates":[[121.207801,31.2836777],[121.207603,31.2838361],[121.2075084,31.2839118]]}},
{"type":"Feature","id":"way/1334955918","properties":{"category":"place","center":[121.20789195,31.283344149999998],"campus":false,"name":"曹安公路","name:en":"Caoan Highway","highway":"trunk"},"geometry":{"type":"LineString","coordinates":[[121.2084468,31.2829293],[121.2073371,31.283759]]}},
{"type":"Feature","id":"way/1363523834","properties":{"category":"place","center":[121.20747005000001,31.28379755],"campus":true,"highway":"service"},"geometry":{"type":"LineString","coordinates":[[121.207603,31.2838361],[121.2074585,31.2837942],[121.2073371,31.283759]]}},
{"type":"Feature","id":"way/1377397390","properties":{"category":"place","center":[121.20421715,31.2904563],"campus":true,"name":"嘉二路","name:en":"Jiaer Road","highway":"service"},"geometry":{"type":"LineString","coordinates":[[121.2045752,31.2901231],[121.2038975,31.2907895],[121.2038591,31.2907614]]}},
{"type":"Feature","id":"way/1377397392","properties":{"category":"place","center":[121.20415299999999,31.29042445],"campus":true,"name":"嘉二路","name:en":"Jiaer Road","highway":"service"},"geometry":{"type":"LineString","coordinates":[[121.2038591,31.2907614],[121.2040045,31.2904978],[121.2044469,31.2900875]]}},
{"type":"Feature","id":"way/1377397393","properties":{"category":"place","center":[121.20448615,31.2900511],"campus":true,"name":"嘉二路","name:en":"Jiaer Road","highway":"service"},"geometry":{"type":"LineString","coordinates":[[121.2044469,31.2900875],[121.2045254,31.2900147]]}},
{"type":"Feature","id":"way/1378069002","properties":{"category":"place","center":[121.20552095,31.290245900000002],"campus":true,"name":"地下停车场","highway":"unclassified"},"geometry":{"type":"LineString","coordinates":[[121.2056724,31.2907085],[121.2051434,31.2899738],[121.2055165,31.2897833],[121.2058985,31.2903116],[121.2055687,31.2904798],[121.2057215,31.2906832]]}},
{"type":"Feature","id":"way/1456423194","properties":{"category":"place","center":[121.20965774999999,31.28282095],"campus":true,"highway":"path"},"geometry":{"type":"LineString","coordinates":[[121.2097517,31.2829239],[121.2095638,31.282718]]}},
{"type":"Feature","id":"way/1456423195","properties":{"category":"place","center":[121.20956104999999,31.282715],"campus":true,"highway":"path"},"geometry":{"type":"LineString","coordinates":[[121.2095638,31.282718],[121.2095583,31.282712]]}},
{"type":"Feature","id":"way/1456423196","properties":{"category":"place","center":[121.20980035,31.282977199999998],"campus":true,"highway":"path"},"geometry":{"type":"LineString","coordinates":[[121.209849,31.2830305],[121.2097517,31.2829239]]}},
{"type":"Feature","id":"way/1456430867","properties":{"category":"place","center":[121.213072,31.288408949999997],"campus":true,"highway":"footway"},"geometry":{"type":"LineString","coordinates":[[121.2130068,31.2888763],[121.212655,31.2883821],[121.213222,31.2880826],[121.213489,31.2879416]]}},
{"type":"Feature","id":"way/1456430868","properties":{"category":"place","center":[121.2135272,31.28850245],"campus":true,"highway":"footway"},"geometry":{"type":"LineString","coordinates":[[121.213222,31.2880826],[121.2138324,31.2889223]]}},
{"type":"Feature","id":"way/1456430869","properties":{"category":"place","center":[121.2133877,31.289740600000002],"campus":true,"highway":"footway"},"geometry":{"type":"LineString","coordinates":[[121.2130748,31.2896961],[121.213067,31.2898014],[121.2132312,31.2898146],[121.2135325,31.2896666],[121.2135697,31.2897171],[121.2137084,31.2897231]]}},
{"type":"Feature","id":"way/1456432431","properties":{"category":"place","center":[121.21180215,31.29208555],"campus":true,"highway":"footway"},"geometry":{"type":"LineString","coordinates":[[121.2117777,31.2913047],[121.2118772,31.2913974],[121.2119533,31.2913925],[121.2120809,31.2912982],[121.2122246,31.2912307],[121.2124339,31.2911942],[121.2125894,31.2912105],[121.2127165,31.2912489],[121.2128066,31.2913173],[121.2128825,31.2915051],[121.2130322,31.2919331],[121.2131159,31.2923499],[121.2131565,31.2928326],[121.2131525,31.2929233],[121.2130775,31.2929557],[121.2128635,31.2929618],[121.2124366,31.2929769],[121.2122147,31.2929492],[121.2120601,31.2928972],[121.21175,31.2929049],[121.2113993,31.2926422],[121.2109219,31.2926559],[121.2107715,31.2925302],[121.2105266,31.292283],[121.2104576,31.2921161],[121.2104478,31.2918426],[121.2104769,31.2916735],[121.2105104,31.2915391],[121.2106553,31.2914138],[121.2107524,31.2913668],[121.2108805,31.2913634],[121.2110198,31.2913597],[121.2114242,31.291349],[121.2114519,31.291346],[121.2116535,31.2913241],[121.2117456,31.2912979],[121.2117777,31.2913047]]}},
{"type":"Feature","id":"way/1456432602","properties":{"category":"place","center":[121.21144824999999,31.291297800000002],"campus":true,"highway":"footway"},"geometry":{"type":"LineString","coordinates":[[121.2114446,31.2912496],[121.2114519,31.291346]]}},
{"type":"Feature","id":"way/1456432603","properties":{"category":"place","center":[121.2130674,31.29193145],"campus":true,"highway":"footway"},"geometry":{"type":"LineString","coordinates":[[121.2131026,31.2919298],[121.2130322,31.2919331]]}},
{"type":"Feature","id":"way/1456433063","properties":{"category":"place","center":[121.21135129999999,31.2929003],"campus":true,"highway":"service"},"geometry":{"type":"LineString","coordinates":[[121.2114232,31.2930533],[121.2113825,31.2929756],[121.2113676,31.2928954],[121.211341,31.2927517],[121.2112794,31.2927473]]}},
{"type":"Feature","id":"way/1456433064","properties":{"category":"place","center":[121.21116760000001,31.2929073],"campus":true,"highway":"service"},"geometry":{"type":"LineString","coordinates":[[121.2113676,31.2928954],[121.2109676,31.2929192]]}},
{"type":"Feature","id":"way/1456433065","properties":{"category":"place","center":[121.21033365,31.2900855],"campus":true,"name":"嘉定校区卫生所（门诊）"},"geometry":{"type":"LineString","coordinates":[[121.210386,31.2903031],[121.2105095,31.2902318],[121.2103536,31.2900418],[121.2104816,31.28996],[121.2104102,31.2898679],[121.2101578,31.2900149],[121.210386,31.2903031]]}},
{"type":"Feature","id":"way/1456440750","properties":{"category":"place","center":[121.2136174,31.2815392],"campus":true,"highway":"service"},"geometry":{"type":"LineString","coordinates":[[121.2135658,31.2818897],[121.2134891,31.2815948],[121.2134872,31.281483],[121.2135297,31.2813679],[121.2136097,31.2812795],[121.2137476,31.2811887]]}},
{"type":"Feature","id":"way/1456449345","properties":{"category":"place","center":[121.20598645,31.284829549999998],"campus":false,"name":"曹安公路","name:en":"Caoan Highway","highway":"trunk"},"geometry":{"type":"LineString","coordinates":[[121.2064661,31.2844055],[121.2062614,31.2846988],[121.2055068,31.2852536]]}},
{"type":"Feature","id":"way/1456449346","properties":{"category":"place","center":[121.205372,31.2853523],"campus":true,"name":"曹安公路","name:en":"Caoan Highway","highway":"trunk"},"geometry":{"type":"LineString","coordinates":[[121.2055068,31.2852536],[121.2052372,31.285451]]}},
{"type":"Feature","id":"way/1456449347","properties":{"category":"place","center":[121.20627815,31.284311000000002],"campus":false,"name":"曹安公路","name:en":"Caoan Highway","highway":"trunk"},"geometry":{"type":"LineString","coordinates":[[121.2052779,31.2850225],[121.2064853,31.2841005],[121.2070929,31.2836317],[121.2072784,31.2835995]]}},
{"type":"Feature","id":"way/1456449348","properties":{"category":"place","center":[121.20515234999999,31.2851151],"campus":false,"name":"曹安公路","name:en":"Caoan Highway","highway":"trunk"},"geometry":{"type":"LineString","coordinates":[[121.2050268,31.2852077],[121.2052779,31.2850225]]}},
{"type":"Feature","id":"way/1457176856","properties":{"category":"place","center":[121.21622335,31.2898225],"campus":false,"highway":"service"},"geometry":{"type":"LineString","coordinates":[[121.2160293,31.2895108],[121.21596,31.2896229],[121.2159638,31.2897515],[121.2160541,31.2899234],[121.2162188,31.2900392],[121.2163983,31.2901045],[121.2164867,31.2901342]]}},
{"type":"Feature","id":"way/1457176857","properties":{"category":"place","center":[121.21697185,31.290197],"campus":false,"highway":"service"},"geometry":{"type":"LineString","coordinates":[[121.2164867,31.2901342],[121.2167514,31.2901908],[121.2172755,31.2902469],[121.217457,31.2902598]]}},
{"type":"Feature","id":"way/1457176858","properties":{"category":"place","center":[121.21805499999999,31.290069],"campus":false,"highway":"service"},"geometry":{"type":"LineString","coordinates":[[121.217457,31.2902598],[121.2178496,31.2902965],[121.2180156,31.2902985],[121.2181255,31.2902753],[121.218155,31.2902432],[121.2181987,31.2901113],[121.2182211,31.2899486],[121.2183035,31.2898395],[121.2184738,31.2898509],[121.218653,31.2898611]]}},
{"type":"Feature","id":"way/1457176859","properties":{"category":"place","center":[121.2165703,31.28982575],"campus":false,"highway":"service"},"geometry":{"type":"LineString","coordinates":[[121.2165168,31.2900956],[121.2165987,31.2900083],[121.2166101,31.2899108],[121.2166238,31.2897938],[121.2165844,31.2896976],[121.2165397,31.2895559]]}},
{"type":"Feature","id":"way/1457176860","properties":{"category":"place","center":[121.21742244999999,31.2898712],"campus":false,"highway":"pedestrian"},"geometry":{"type":"LineString","coordinates":[[121.2166238,31.2897938],[121.2174678,31.2898756],[121.2182211,31.2899486]]}},
{"type":"Feature","id":"way/1461701808","properties":{"category":"water","center":[121.21794505,31.282687449999997],"campus":false,"waterway":"stream"},"geometry":{"type":"LineString","coordinates":[[121.2186312,31.2820851],[121.2182741,31.2823719],[121.2179491,31.2827131],[121.217881,31.282856],[121.2172589,31.2832898]]}},
{"type":"Feature","id":"way/1540669971","properties":{"category":"place","center":[121.21597925,31.2846929],"campus":true,"highway":"service"},"geometry":{"type":"LineString","coordinates":[[121.2151504,31.2851713],[121.2156572,31.2848809],[121.21619,31.2845679],[121.2168081,31.2842145]]}},
{"type":"Feature","id":"node/1455069210","properties":{"category":"place","center":[121.2027945,31.2803956],"campus":false,"name":"杭桂路绿苑路"},"geometry":{"type":"Point","coordinates":[121.2027945,31.2803956]}},
{"type":"Feature","id":"node/1487478691","properties":{"category":"place","center":[121.205182,31.2927609],"campus":true,"highway":"motorway_junction"},"geometry":{"type":"Point","coordinates":[121.205182,31.2927609]}},
{"type":"Feature","id":"node/1487478722","properties":{"category":"place","center":[121.2069471,31.2932426],"campus":true,"highway":"motorway_junction"},"geometry":{"type":"Point","coordinates":[121.2069471,31.2932426]}},
{"type":"Feature","id":"node/1751008985","properties":{"category":"place","center":[121.2136229,31.2790737],"campus":false,"highway":"traffic_signals"},"geometry":{"type":"Point","coordinates":[121.2136229,31.2790737]}},
{"type":"Feature","id":"node/1797189473","properties":{"category":"place","center":[121.2169741,31.2924392],"campus":false,"barrier":"gate"},"geometry":{"type":"Point","coordinates":[121.2169741,31.2924392]}},
{"type":"Feature","id":"node/2696142198","properties":{"category":"place","center":[121.2174081,31.2907202],"campus":false,"barrier":"lift_gate"},"geometry":{"type":"Point","coordinates":[121.2174081,31.2907202]}},
{"type":"Feature","id":"node/2717869303","properties":{"category":"food","center":[121.2180107,31.2901727],"campus":false,"name":"麦当劳","name:en":"McDonald's","amenity":"fast_food"},"geometry":{"type":"Point","coordinates":[121.2180107,31.2901727]}},
{"type":"Feature","id":"node/2718016377","properties":{"category":"place","center":[121.2119209,31.2889576],"campus":true,"name":"鲜德宝超市","name:en":"Xiandebao Supermarket"},"geometry":{"type":"Point","coordinates":[121.2119209,31.2889576]}},
{"type":"Feature","id":"node/2718016378","properties":{"category":"place","center":[121.2123915,31.2890786],"campus":true,"name":"罗森","name:en":"Lawson"},"geometry":{"type":"Point","coordinates":[121.2123915,31.2890786]}},
{"type":"Feature","id":"node/2718016399","properties":{"category":"place","center":[121.2127345,31.2889556],"campus":true,"name":"中国农业银行","name:en":"Agricultural Bank of China","amenity":"atm"},"geometry":{"type":"Point","coordinates":[121.2127345,31.2889556]}},
{"type":"Feature","id":"node/2718016431","properties":{"category":"food","center":[121.2154838,31.2895725],"campus":false,"name":"星巴克","name:en":"Starbucks","amenity":"cafe"},"geometry":{"type":"Point","coordinates":[121.2154838,31.2895725]}},
{"type":"Feature","id":"node/2718016434","properties":{"category":"place","center":[121.2158479,31.2894172],"campus":false,"name":"全家","name:en":"FamilyMart"},"geometry":{"type":"Point","coordinates":[121.2158479,31.2894172]}},
{"type":"Feature","id":"node/2719031570","properties":{"category":"food","center":[121.2167281,31.2898513],"campus":false,"name":"呷哺呷哺","name:en":"Xiabuxiabu","amenity":"restaurant"},"geometry":{"type":"Point","coordinates":[121.2167281,31.2898513]}},
{"type":"Feature","id":"node/2719031571","properties":{"category":"place","center":[121.2169854,31.2899432],"campus":false,"name":"横店影视城","amenity":"cinema"},"geometry":{"type":"Point","coordinates":[121.2169854,31.2899432]}},
{"type":"Feature","id":"node/2719031572","properties":{"category":"place","center":[121.2176287,31.2900306],"campus":false,"name":"KTV","amenity":"pub"},"geometry":{"type":"Point","coordinates":[121.2176287,31.2900306]}},
{"type":"Feature","id":"node/2719146673","properties":{"category":"place","center":[121.2168585,31.2921279],"campus":false,"barrier":"gate"},"geometry":{"type":"Point","coordinates":[121.2168585,31.2921279]}},
{"type":"Feature","id":"node/2719146676","properties":{"category":"place","center":[121.2167112,31.2916244],"campus":false,"barrier":"gate"},"geometry":{"type":"Point","coordinates":[121.2167112,31.2916244]}},
{"type":"Feature","id":"node/2924278551","properties":{"category":"food","center":[121.212472,31.28927],"campus":true,"name":"FA","amenity":"restaurant"},"geometry":{"type":"Point","coordinates":[121.212472,31.28927]}},
{"type":"Feature","id":"node/2936743995","properties":{"category":"place","center":[121.2177805,31.2900977],"campus":false,"name":"横店影视城","amenity":"cinema"},"geometry":{"type":"Point","coordinates":[121.2177805,31.2900977]}},
{"type":"Feature","id":"node/5855098280","properties":{"category":"place","center":[121.2069612,31.2823984],"campus":false,"name":"绿苑路曹安公路","name:en":"LvYuan Road CaoAn Highway","highway":"bus_stop"},"geometry":{"type":"Point","coordinates":[121.2069612,31.2823984]}},
{"type":"Feature","id":"node/5855104723","properties":{"category":"place","center":[121.2070792,31.2822287],"campus":false,"name":"绿苑路曹安公路","name:en":"LvYuan Road CaoAn Highway","highway":"bus_stop"},"geometry":{"type":"Point","coordinates":[121.2070792,31.2822287]}},
{"type":"Feature","id":"node/6478003743","properties":{"category":"place","center":[121.213167,31.2789332],"campus":false,"highway":"traffic_signals"},"geometry":{"type":"Point","coordinates":[121.213167,31.2789332]}},
{"type":"Feature","id":"node/6478003744","properties":{"category":"place","center":[121.2129303,31.279357],"campus":false,"highway":"traffic_signals"},"geometry":{"type":"Point","coordinates":[121.2129303,31.279357]}},
{"type":"Feature","id":"node/6478003745","properties":{"category":"place","center":[121.2134499,31.2794689],"campus":false,"highway":"traffic_signals"},"geometry":{"type":"Point","coordinates":[121.2134499,31.2794689]}},
{"type":"Feature","id":"node/6478003746","properties":{"category":"place","center":[121.2069931,31.2822415],"campus":false,"name":"绿苑路曹安公路"},"geometry":{"type":"Point","coordinates":[121.2069931,31.2822415]}},
{"type":"Feature","id":"node/6478003747","properties":{"category":"place","center":[121.207024,31.2823887],"campus":false,"name":"绿苑路曹安公路"},"geometry":{"type":"Point","coordinates":[121.207024,31.2823887]}},
{"type":"Feature","id":"node/8493506716","properties":{"category":"place","center":[121.2020007,31.286819],"campus":false,"name":"曹安公路二十三号桥"},"geometry":{"type":"Point","coordinates":[121.2020007,31.286819]}},
{"type":"Feature","id":"node/9177577131","properties":{"category":"place","center":[121.2175596,31.2926212],"campus":false,"name":"昌吉东路嘉松北路"},"geometry":{"type":"Point","coordinates":[121.2175596,31.2926212]}},
{"type":"Feature","id":"node/9293518853","properties":{"category":"place","center":[121.2077723,31.2864167],"campus":true,"highway":"crossing"},"geometry":{"type":"Point","coordinates":[121.2077723,31.2864167]}},
{"type":"Feature","id":"node/9722149162","properties":{"category":"place","center":[121.2132337,31.2930357],"campus":true,"name":"同济大学嘉定校区北门","entrance":"yes"},"geometry":{"type":"Point","coordinates":[121.2132337,31.2930357]}},
{"type":"Feature","id":"node/11309212730","properties":{"category":"place","center":[121.2144971,31.2807286],"campus":false,"name":"嘉松北路曹安路"},"geometry":{"type":"Point","coordinates":[121.2144971,31.2807286]}},
{"type":"Feature","id":"node/11309225292","properties":{"category":"place","center":[121.2151784,31.2814484],"campus":false,"name":"嘉松北路曹安路"},"geometry":{"type":"Point","coordinates":[121.2151784,31.2814484]}},
{"type":"Feature","id":"node/11309225293","properties":{"category":"place","center":[121.2152427,31.2814392],"campus":false,"name":"嘉松北路曹安路","highway":"bus_stop"},"geometry":{"type":"Point","coordinates":[121.2152427,31.2814392]}},
{"type":"Feature","id":"node/11309225294","properties":{"category":"place","center":[121.2143871,31.2807653],"campus":false,"name":"嘉松北路曹安路","highway":"bus_stop"},"geometry":{"type":"Point","coordinates":[121.2143871,31.2807653]}},
{"type":"Feature","id":"node/11309225295","properties":{"category":"place","center":[121.2187993,31.2894091],"campus":false,"name":"老宅"},"geometry":{"type":"Point","coordinates":[121.2187993,31.2894091]}},
{"type":"Feature","id":"node/11309225296","properties":{"category":"place","center":[121.2187108,31.2890722],"campus":false,"name":"老宅"},"geometry":{"type":"Point","coordinates":[121.2187108,31.2890722]}},
{"type":"Feature","id":"node/11309225297","properties":{"category":"place","center":[121.2186411,31.2890607],"campus":false,"name":"老宅","highway":"bus_stop"},"geometry":{"type":"Point","coordinates":[121.2186411,31.2890607]}},
{"type":"Feature","id":"node/11309225298","properties":{"category":"place","center":[121.2188664,31.2894023],"campus":false,"name":"老宅","highway":"bus_stop"},"geometry":{"type":"Point","coordinates":[121.2188664,31.2894023]}},
{"type":"Feature","id":"node/11802550496","properties":{"category":"place","center":[121.2021381,31.2871171],"campus":false,"name":"曹安公路二十三号桥"},"geometry":{"type":"Point","coordinates":[121.2021381,31.2871171]}},
{"type":"Feature","id":"node/11802550497","properties":{"category":"place","center":[121.2019765,31.2867526],"campus":false,"name":"曹安公路二十三号桥","highway":"bus_stop"},"geometry":{"type":"Point","coordinates":[121.2019765,31.2867526]}},
{"type":"Feature","id":"node/11802550498","properties":{"category":"place","center":[121.2021938,31.2872293],"campus":false,"name":"曹安公路二十三号桥","highway":"bus_stop"},"geometry":{"type":"Point","coordinates":[121.2021938,31.2872293]}},
{"type":"Feature","id":"node/11802550513","properties":{"category":"place","center":[121.2076257,31.2833388],"campus":false,"name":"曹安公路绿苑路"},"geometry":{"type":"Point","coordinates":[121.2076257,31.2833388]}},
{"type":"Feature","id":"node/11802550514","properties":{"category":"place","center":[121.2075197,31.2832582],"campus":false,"name":"曹安公路绿苑路","highway":"bus_stop"},"geometry":{"type":"Point","coordinates":[121.2075197,31.2832582]}},
{"type":"Feature","id":"node/11802550518","properties":{"category":"place","center":[121.2066692,31.2842548],"campus":false,"name":"曹安公路绿苑路"},"geometry":{"type":"Point","coordinates":[121.2066692,31.2842548]}},
{"type":"Feature","id":"node/11802550519","properties":{"category":"place","center":[121.207801,31.2836777],"campus":true,"name":"曹安公路绿苑路"},"geometry":{"type":"Point","coordinates":[121.207801,31.2836777]}},
{"type":"Feature","id":"node/11802550520","properties":{"category":"place","center":[121.2067857,31.2843091],"campus":true,"name":"曹安公路绿苑路","highway":"bus_stop"},"geometry":{"type":"Point","coordinates":[121.2067857,31.2843091]}},
{"type":"Feature","id":"node/11802550521","properties":{"category":"place","center":[121.2078452,31.2837223],"campus":true,"name":"曹安公路绿苑路","highway":"bus_stop"},"geometry":{"type":"Point","coordinates":[121.2078452,31.2837223]}},
{"type":"Feature","id":"node/11802550525","properties":{"category":"place","center":[121.2128192,31.2796599],"campus":false,"name":"曹安公路嘉松北路"},"geometry":{"type":"Point","coordinates":[121.2128192,31.2796599]}},
{"type":"Feature","id":"node/11802550526","properties":{"category":"place","center":[121.212488,31.279689],"campus":false,"name":"曹安公路嘉松北路"},"geometry":{"type":"Point","coordinates":[121.212488,31.279689]}},
{"type":"Feature","id":"node/11802550527","properties":{"category":"place","center":[121.212413,31.2796443],"campus":false,"name":"曹安公路嘉松北路","highway":"bus_stop"},"geometry":{"type":"Point","coordinates":[121.212413,31.2796443]}},
{"type":"Feature","id":"node/11802550528","properties":{"category":"place","center":[121.2129146,31.2797383],"campus":true,"name":"曹安公路嘉松北路","highway":"bus_stop"},"geometry":{"type":"Point","coordinates":[121.2129146,31.2797383]}},
{"type":"Feature","id":"node/12035041580","properties":{"category":"place","center":[121.2032136,31.2937534],"campus":false,"name":"昌吉东路安虹北路"},"geometry":{"type":"Point","coordinates":[121.2032136,31.2937534]}},
{"type":"Feature","id":"node/12035041581","properties":{"category":"place","center":[121.2016417,31.2937319],"campus":false,"name":"昌吉东路安虹北路"},"geometry":{"type":"Point","coordinates":[121.2016417,31.2937319]}},
{"type":"Feature","id":"node/12035041582","properties":{"category":"place","center":[121.2016252,31.2936746],"campus":false,"name":"昌吉东路安虹北路","highway":"bus_stop"},"geometry":{"type":"Point","coordinates":[121.2016252,31.2936746]}},
{"type":"Feature","id":"node/12035041583","properties":{"category":"place","center":[121.2032103,31.2938488],"campus":false,"name":"昌吉东路安虹北路","highway":"bus_stop"},"geometry":{"type":"Point","coordinates":[121.2032103,31.2938488]}},
{"type":"Feature","id":"node/12035041584","properties":{"category":"place","center":[121.2124482,31.293507],"campus":false,"name":"昌吉东路绿苑路"},"geometry":{"type":"Point","coordinates":[121.2124482,31.293507]}},
{"type":"Feature","id":"node/12035041585","properties":{"category":"place","center":[121.2116836,31.2934034],"campus":false,"name":"昌吉东路绿苑路"},"geometry":{"type":"Point","coordinates":[121.2116836,31.2934034]}},
{"type":"Feature","id":"node/12035041586","properties":{"category":"place","center":[121.2116808,31.2933515],"campus":false,"name":"昌吉东路绿苑路","highway":"bus_stop"},"geometry":{"type":"Point","coordinates":[121.2116808,31.2933515]}},
{"type":"Feature","id":"node/12035041587","properties":{"category":"place","center":[121.2124532,31.2935577],"campus":false,"name":"昌吉东路绿苑路","highway":"bus_stop"},"geometry":{"type":"Point","coordinates":[121.2124532,31.2935577]}},
{"type":"Feature","id":"node/12035041588","properties":{"category":"place","center":[121.2173311,31.2927777],"campus":false,"name":"昌吉东路嘉松北路"},"geometry":{"type":"Point","coordinates":[121.2173311,31.2927777]}},
{"type":"Feature","id":"node/12035041589","properties":{"category":"place","center":[121.2175575,31.2925538],"campus":false,"name":"昌吉东路嘉松北路","highway":"bus_stop"},"geometry":{"type":"Point","coordinates":[121.2175575,31.2925538]}},
{"type":"Feature","id":"node/12035041590","properties":{"category":"place","center":[121.2173536,31.2928541],"campus":false,"name":"昌吉东路嘉松北路","highway":"bus_stop"},"geometry":{"type":"Point","coordinates":[121.2173536,31.2928541]}},
{"type":"Feature","id":"node/12040237920","properties":{"category":"place","center":[121.2028908,31.2804279],"campus":false,"name":"杭桂路绿苑路"},"geometry":{"type":"Point","coordinates":[121.2028908,31.2804279]}},
{"type":"Feature","id":"node/12040237921","properties":{"category":"place","center":[121.2028992,31.2803813],"campus":false,"name":"杭桂路绿苑路","highway":"bus_stop"},"geometry":{"type":"Point","coordinates":[121.2028992,31.2803813]}},
{"type":"Feature","id":"node/12040237922","properties":{"category":"place","center":[121.2027906,31.280434],"campus":false,"name":"杭桂路绿苑路","highway":"bus_stop"},"geometry":{"type":"Point","coordinates":[121.2027906,31.280434]}},
{"type":"Feature","id":"node/13335815436","properties":{"category":"food","center":[121.2089479,31.2879912],"campus":true,"name":"肯德基","name:en":"KFC","amenity":"fast_food"},"geometry":{"type":"Point","coordinates":[121.2089479,31.2879912]}},
{"type":"Feature","id":"node/13355960718","properties":{"category":"place","center":[121.2132717,31.2872771],"campus":true,"name":"同济大学嘉定校区7号楼短驳车候车点","highway":"bus_stop"},"geometry":{"type":"Point","coordinates":[121.2132717,31.2872771]}},
{"type":"Feature","id":"node/13356982084","properties":{"category":"food","center":[121.2167085,31.289624],"campus":false,"name":"塔可星 Taco Star","amenity":"restaurant"},"geometry":{"type":"Point","coordinates":[121.2167085,31.289624]}},
{"type":"Feature","id":"node/13356992301","properties":{"category":"place","center":[121.2121871,31.2892019],"campus":true,"name":"全家","name:en":"FamilyMart"},"geometry":{"type":"Point","coordinates":[121.2121871,31.2892019]}},
{"type":"Feature","id":"node/13356992302","properties":{"category":"place","center":[121.2094312,31.2839748],"campus":true,"name":"同济大学-计算机科学与技术学院","name:en":"School of Computer Science and Technology, Tongji University","amenity":"college"},"geometry":{"type":"Point","coordinates":[121.2094312,31.2839748]}},
{"type":"Feature","id":"node/13356992605","properties":{"category":"food","center":[121.2120202,31.2889412],"campus":true,"name":"蜜雪冰城","name:en":"Mixue Ice Cream & Tea","amenity":"cafe"},"geometry":{"type":"Point","coordinates":[121.2120202,31.2889412]}},
{"type":"Feature","id":"node/13356992606","properties":{"category":"food","center":[121.2120483,31.2889251],"campus":true,"name":"瑞幸咖啡","name:en":"Luckin Coffee","amenity":"cafe"},"geometry":{"type":"Point","coordinates":[121.2120483,31.2889251]}},
{"type":"Feature","id":"node/13356992608","properties":{"category":"place","center":[121.2094195,31.2838918],"campus":true,"name":"同济大学中德工程学院","amenity":"college"},"geometry":{"type":"Point","coordinates":[121.2094195,31.2838918]}},
{"type":"Feature","id":"node/13357048533","properties":{"category":"place","center":[121.2028579,31.2870361],"campus":false,"name":"同济大学嘉定校区西门","entrance":"yes"},"geometry":{"type":"Point","coordinates":[121.2028579,31.2870361]}},
{"type":"Feature","id":"node/13357048534","properties":{"category":"place","center":[121.2075637,31.2841927],"campus":true,"name":"同济大学嘉定校区南门","entrance":"yes"},"geometry":{"type":"Point","coordinates":[121.2075637,31.2841927]}},
{"type":"Feature","id":"node/13357048536","properties":{"category":"place","center":[121.2159423,31.2831364],"campus":true,"name":"同济大学嘉定校区东门","entrance":"yes"},"geometry":{"type":"Point","coordinates":[121.2159423,31.2831364]}},
{"type":"Feature","id":"node/13357057667","properties":{"category":"place","center":[121.2152803,31.2894409],"campus":false,"name":"同济大学嘉定校区东1门","entrance":"yes"},"geometry":{"type":"Point","coordinates":[121.2152803,31.2894409]}},
{"type":"Feature","id":"node/13357057668","properties":{"category":"place","center":[121.2164191,31.290214],"campus":false,"name":"同济大学嘉定校区东2门","entrance":"yes"},"geometry":{"type":"Point","coordinates":[121.2164191,31.290214]}},
{"type":"Feature","id":"node/13357064040","properties":{"category":"food","center":[121.2171184,31.2899002],"campus":false,"name":"老乡鸡","name:en":"Home Original Chicken","amenity":"restaurant"},"geometry":{"type":"Point","coordinates":[121.2171184,31.2899002]}},
{"type":"Feature","id":"node/13357064041","properties":{"category":"place","center":[121.2157726,31.2897322],"campus":false,"name":"国大药房","amenity":"pharmacy"},"geometry":{"type":"Point","coordinates":[121.2157726,31.2897322]}},
{"type":"Feature","id":"node/13357064042","properties":{"category":"place","center":[121.2157081,31.2894246],"campus":false,"name":"农夫果园"},"geometry":{"type":"Point","coordinates":[121.2157081,31.2894246]}},
{"type":"Feature","id":"node/13357064043","properties":{"category":"food","center":[121.2135208,31.2889826],"campus":true,"name":"悸动","amenity":"cafe"},"geometry":{"type":"Point","coordinates":[121.2135208,31.2889826]}},
{"type":"Feature","id":"node/13357076711","properties":{"category":"place","center":[121.2082161,31.2895232],"campus":true,"name":"一鸣真鲜奶吧"},"geometry":{"type":"Point","coordinates":[121.2082161,31.2895232]}},
{"type":"Feature","id":"node/13357076712","properties":{"category":"place","center":[121.21276,31.2889391],"campus":true,"name":"上海教育超市"},"geometry":{"type":"Point","coordinates":[121.21276,31.2889391]}},
{"type":"Feature","id":"node/13357076713","properties":{"category":"place","center":[121.2128637,31.2888927],"campus":true,"name":"水果店"},"geometry":{"type":"Point","coordinates":[121.2128637,31.2888927]}},
{"type":"Feature","id":"node/13357076714","properties":{"category":"food","center":[121.213304,31.2890741],"campus":true,"name":"天然果汁吧","amenity":"fast_food"},"geometry":{"type":"Point","coordinates":[121.213304,31.2890741]}},
{"type":"Feature","id":"node/13357076715","properties":{"category":"food","center":[121.2124809,31.2887022],"campus":true,"name":"库迪咖啡","name:en":"Cotti Coffee","amenity":"cafe"},"geometry":{"type":"Point","coordinates":[121.2124809,31.2887022]}},
{"type":"Feature","id":"node/13357076716","properties":{"category":"food","center":[121.2123994,31.2887363],"campus":true,"name":"茉沏 More Cheers","amenity":"cafe"},"geometry":{"type":"Point","coordinates":[121.2123994,31.2887363]}},
{"type":"Feature","id":"node/13357076717","properties":{"category":"food","center":[121.2074659,31.2827414],"campus":false,"name":"喜茶","name:en":"Heytea","amenity":"cafe"},"geometry":{"type":"Point","coordinates":[121.2074659,31.2827414]}},
{"type":"Feature","id":"node/13357076718","properties":{"category":"food","center":[121.2062362,31.2804895],"campus":false,"name":"必胜客","name:en":"Pizza Hut","amenity":"restaurant"},"geometry":{"type":"Point","coordinates":[121.2062362,31.2804895]}},
{"type":"Feature","id":"node/13357076719","properties":{"category":"food","center":[121.2062582,31.2806063],"campus":false,"name":"1点点","name:en":"ALittle Tea","amenity":"cafe"},"geometry":{"type":"Point","coordinates":[121.2062582,31.2806063]}},
{"type":"Feature","id":"node/13357076720","properties":{"category":"food","center":[121.2062555,31.2807417],"campus":false,"name":"汉堡王","name:en":"Burger King","amenity":"fast_food"},"geometry":{"type":"Point","coordinates":[121.2062555,31.2807417]}},
{"type":"Feature","id":"node/13357076721","properties":{"category":"food","center":[121.2063503,31.2813847],"campus":false,"name":"茶百道","name:en":"ChaPanda","amenity":"cafe"},"geometry":{"type":"Point","coordinates":[121.2063503,31.2813847]}},
{"type":"Feature","id":"node/13357076722","properties":{"category":"food","center":[121.2065457,31.2822759],"campus":false,"name":"星巴克","name:en":"Starbucks","amenity":"cafe"},"geometry":{"type":"Point","coordinates":[121.2065457,31.2822759]}},
{"type":"Feature","id":"node/13357076723","properties":{"category":"place","center":[121.206498,31.282128],"campus":false,"name":"中国工商银行","name:en":"Industrial and Commercial Bank of China","amenity":"bank"},"geometry":{"type":"Point","coordinates":[121.206498,31.282128]}},
{"type":"Feature","id":"node/13357076724","properties":{"category":"place","center":[121.2073821,31.2821337],"campus":false,"name":"格林豪泰"},"geometry":{"type":"Point","coordinates":[121.2073821,31.2821337]}},
{"type":"Feature","id":"node/13357076727","properties":{"category":"place","center":[121.2124535,31.2890942],"campus":true,"name":"中国邮政同济大学主题邮局","name:en":"China Post","amenity":"post_office"},"geometry":{"type":"Point","coordinates":[121.2124535,31.2890942]}},
{"type":"Feature","id":"node/13357076728","properties":{"category":"place","center":[121.2115452,31.287714],"campus":true,"amenity":"atm"},"geometry":{"type":"Point","coordinates":[121.2115452,31.287714]}},
{"type":"Feature","id":"node/13357107081","properties":{"category":"place","center":[121.2050356,31.2874868],"campus":true,"name":"同济大学艺术与传媒学院","name:en":"College of Art & Media, Tongji University","amenity":"college"},"geometry":{"type":"Point","coordinates":[121.2050356,31.2874868]}},
{"type":"Feature","id":"node/13357107082","properties":{"category":"place","center":[121.2079414,31.2895628],"campus":true,"name":"同济大学电子与信息工程学院","name:en":"College of Electronic and Information Engineering, Tongji University","amenity":"college"},"geometry":{"type":"Point","coordinates":[121.2079414,31.2895628]}},
{"type":"Feature","id":"node/13357107083","properties":{"category":"place","center":[121.2067121,31.2897623],"campus":true,"name":"同济大学材料科学与工程学院","name:en":"School Of Materials Science And Engineering, Tongji University","amenity":"college"},"geometry":{"type":"Point","coordinates":[121.2067121,31.2897623]}},
{"type":"Feature","id":"node/13357107084","properties":{"category":"place","center":[121.2089539,31.2903976],"campus":true,"name":"同济大学交通学院","name:en":"College of Transportation Engineering, Tongji University","amenity":"college"},"geometry":{"type":"Point","coordinates":[121.2089539,31.2903976]}},
{"type":"Feature","id":"node/13357107085","properties":{"category":"place","center":[121.2075728,31.2906606],"campus":true,"name":"同济大学机械与能源工程学院","name:en":"School of Mechanical Engineering, Tongji University","amenity":"college"},"geometry":{"type":"Point","coordinates":[121.2075728,31.2906606]}},
{"type":"Feature","id":"node/13357107086","properties":{"category":"place","center":[121.2062522,31.2908624],"campus":true,"name":"同济大学汽车学院","name:en":"School of Automotive Studies, Tongji University","amenity":"college"},"geometry":{"type":"Point","coordinates":[121.2062522,31.2908624]}},
{"type":"Feature","id":"node/13357126800","properties":{"category":"place","center":[121.2115657,31.2869291],"campus":true,"name":"同济大学嘉定校区定班车候车点","highway":"bus_stop"},"geometry":{"type":"Point","coordinates":[121.2115657,31.2869291]}},
{"type":"Feature","id":"node/13357186264","properties":{"category":"place","center":[121.2149032,31.2922798],"campus":true,"amenity":"bicycle_parking"},"geometry":{"type":"Point","coordinates":[121.2149032,31.2922798]}},
{"type":"Feature","id":"node/13357186265","properties":{"category":"place","center":[121.2132792,31.2879526],"campus":true,"amenity":"bicycle_parking"},"geometry":{"type":"Point","coordinates":[121.2132792,31.2879526]}},
{"type":"Feature","id":"node/13357186266","properties":{"category":"place","center":[121.2095605,31.2842259],"campus":true,"amenity":"bicycle_parking"},"geometry":{"type":"Point","coordinates":[121.2095605,31.2842259]}},
{"type":"Feature","id":"node/13357306311","properties":{"category":"place","center":[121.2131977,31.2872362],"campus":true,"name":"同济大学嘉定校区7号楼短驳车候车点"},"geometry":{"type":"Point","coordinates":[121.2131977,31.2872362]}},
{"type":"Feature","id":"node/13363966247","properties":{"category":"food","center":[121.2122394,31.2890712],"campus":true,"name":"吉祥馄饨","amenity":"restaurant"},"geometry":{"type":"Point","coordinates":[121.2122394,31.2890712]}},
{"type":"Feature","id":"node/13363966248","properties":{"category":"food","center":[121.2122695,31.2890399],"campus":true,"name":"梦飨餐厅","amenity":"restaurant"},"geometry":{"type":"Point","coordinates":[121.2122695,31.2890399]}},
{"type":"Feature","id":"node/13363966249","properties":{"category":"food","center":[121.2127447,31.289093],"campus":true,"amenity":"restaurant"},"geometry":{"type":"Point","coordinates":[121.2127447,31.289093]}},
{"type":"Feature","id":"node/13363966250","properties":{"category":"food","center":[121.2125424,31.2892325],"campus":true,"name":"面霸","amenity":"restaurant"},"geometry":{"type":"Point","coordinates":[121.2125424,31.2892325]}},
{"type":"Feature","id":"node/13363966251","properties":{"category":"food","center":[121.2125705,31.2889487],"campus":true,"name":"哆吉客汉堡","amenity":"fast_food"},"geometry":{"type":"Point","coordinates":[121.2125705,31.2889487]}},
{"type":"Feature","id":"node/13363966252","properties":{"category":"place","center":[121.2127237,31.2889526],"campus":true,"name":"云印社"},"geometry":{"type":"Point","coordinates":[121.2127237,31.2889526]}},
{"type":"Feature","id":"node/13363966253","properties":{"category":"food","center":[121.2132295,31.2889946],"campus":true,"name":"乐惠","amenity":"restaurant"},"geometry":{"type":"Point","coordinates":[121.2132295,31.2889946]}},
{"type":"Feature","id":"node/13363966254","properties":{"category":"food","center":[121.2134749,31.2890051],"campus":true,"name":"热火功夫麻辣烫","amenity":"restaurant"},"geometry":{"type":"Point","coordinates":[121.2134749,31.2890051]}},
{"type":"Feature","id":"node/13363966255","properties":{"category":"place","center":[121.2134193,31.2890263],"campus":true,"name":"森发水果店"},"geometry":{"type":"Point","coordinates":[121.2134193,31.2890263]}},
{"type":"Feature","id":"node/13363966256","properties":{"category":"food","center":[121.2135987,31.2889385],"campus":true,"name":"疯狂小丸子","amenity":"restaurant"},"geometry":{"type":"Point","coordinates":[121.2135987,31.2889385]}},
{"type":"Feature","id":"node/13363966257","properties":{"category":"food","center":[121.2135795,31.2891708],"campus":true,"name":"祥客基鲍汁肥牛鸡公煲","amenity":"restaurant"},"geometry":{"type":"Point","coordinates":[121.2135795,31.2891708]}},
{"type":"Feature","id":"node/13363966269","properties":{"category":"food","center":[121.2155537,31.2896012],"campus":false,"name":"全牛道","amenity":"restaurant"},"geometry":{"type":"Point","coordinates":[121.2155537,31.2896012]}},
{"type":"Feature","id":"node/13363966270","properties":{"category":"food","center":[121.2156882,31.2896125],"campus":false,"name":"湘楚鱼粉","amenity":"restaurant"},"geometry":{"type":"Point","coordinates":[121.2156882,31.2896125]}},
{"type":"Feature","id":"node/13383724645","properties":{"category":"place","center":[121.2066161,31.2824265],"campus":false,"name":"上海农商银行","name:en":"Shanghai Rural Commercial Bank","amenity":"bank"},"geometry":{"type":"Point","coordinates":[121.2066161,31.2824265]}},
{"type":"Feature","id":"node/13383724646","properties":{"category":"place","center":[121.206479,31.281947],"campus":false,"name":"全家","name:en":"FamilyMart"},"geometry":{"type":"Point","coordinates":[121.206479,31.281947]}},
{"type":"Feature","id":"node/13383724647","properties":{"category":"food","center":[121.2063746,31.2817028],"campus":false,"name":"云锦龙凤楼","amenity":"restaurant"},"geometry":{"type":"Point","coordinates":[121.2063746,31.2817028]}},
{"type":"Feature","id":"node/13383724648","properties":{"category":"place","center":[121.2061745,31.2803593],"campus":false,"name":"一嗨租车","amenity":"car_rental"},"geometry":{"type":"Point","coordinates":[121.2061745,31.2803593]}},
{"type":"Feature","id":"node/13383724649","properties":{"category":"food","center":[121.2062469,31.2805636],"campus":false,"name":"杨国福麻辣烫","name:en":"Yangguofu Spicy Hot Pot","amenity":"restaurant"},"geometry":{"type":"Point","coordinates":[121.2062469,31.2805636]}},
{"type":"Feature","id":"node/13383724650","properties":{"category":"food","center":[121.2062943,31.2808617],"campus":false,"name":"小杨生煎","amenity":"restaurant"},"geometry":{"type":"Point","coordinates":[121.2062943,31.2808617]}},
{"type":"Feature","id":"node/13383724651","properties":{"category":"place","center":[121.2075459,31.2828307],"campus":false,"name":"嘉实多护车保养站"},"geometry":{"type":"Point","coordinates":[121.2075459,31.2828307]}},
{"type":"Feature","id":"node/13383724652","properties":{"category":"food","center":[121.2074078,31.2826533],"campus":false,"name":"西北匠青海牛肉面","amenity":"restaurant"},"geometry":{"type":"Point","coordinates":[121.2074078,31.2826533]}},
{"type":"Feature","id":"node/13383724653","properties":{"category":"food","center":[121.2073785,31.2825141],"campus":false,"name":"新疆阿里拌面","amenity":"restaurant"},"geometry":{"type":"Point","coordinates":[121.2073785,31.2825141]}},
{"type":"Feature","id":"node/13383724654","properties":{"category":"place","center":[121.207334,31.2817883],"campus":false,"name":"7天优品酒店"},"geometry":{"type":"Point","coordinates":[121.207334,31.2817883]}},
{"type":"Feature","id":"node/13383724655","properties":{"category":"food","center":[121.2073019,31.2817061],"campus":false,"name":"淮南牛肉汤","amenity":"restaurant"},"geometry":{"type":"Point","coordinates":[121.2073019,31.2817061]}},
{"type":"Feature","id":"node/13644690178","properties":{"category":"food","center":[121.217687,31.2900073],"campus":false,"name":"萨莉亚","name:en":"Saizeriya","amenity":"restaurant"},"geometry":{"type":"Point","coordinates":[121.217687,31.2900073]}},
{"type":"Feature","id":"node/13658879838","properties":{"category":"place","center":[121.2055514,31.2932079],"campus":true,"name":"轨道交通试验基地"},"geometry":{"type":"Point","coordinates":[121.2055514,31.2932079]}},
{"type":"Feature","id":"node/13948537557","properties":{"category":"food","center":[121.2071744,31.2809827],"campus":false,"name":"呼伦小筑涮羊肉","amenity":"restaurant"},"geometry":{"type":"Point","coordinates":[121.2071744,31.2809827]}},
{"type":"Feature","id":"node/14168333705","properties":{"category":"place","center":[121.2147721,31.2788084],"campus":false,"name":"黄沈村"},"geometry":{"type":"Point","coordinates":[121.2147721,31.2788084]}},
{"type":"Feature","id":"way/442185664","properties":{"category":"sport","center":[121.2108473,31.29203065],"campus":true,"name":"同济大学嘉定校区游泳馆","building":"yes","leisure":"swimming_pool","source":"OSM geometry; indoor classification checked against Tongji official plan"},"geometry":{"type":"Polygon","coordinates":[[[121.2106508,31.2923415],[121.210651,31.2917158],[121.2110408,31.2917159],[121.2110438,31.2923455],[121.2106508,31.2923415]]]}},
{"type":"Feature","id":"relation/1822753","properties":{"category":"sport","center":[121.21159515,31.290238449999997],"campus":true,"name":"嘉定校区田径场","leisure":"track","source":"OSM geometry; activity names checked against supplied Tongji sports distribution guide"},"geometry":{"type":"Polygon","coordinates":[[[121.2108079,31.2900275],[121.2108401,31.2900091],[121.210824,31.2899358],[121.2108347,31.2898647],[121.2108481,31.2897982],[121.2108911,31.2897249],[121.2109501,31.2896516],[121.2110547,31.2895713],[121.2111781,31.2895117],[121.2113102,31.2894822],[121.2114731,31.2895094],[121.2115857,31.2895645],[121.2116169,31.2895495],[121.2123824,31.2905363],[121.2123153,31.2905798],[121.2122938,31.2906715],[121.2122322,31.2907815],[121.2121571,31.2908526],[121.212082,31.290903],[121.2119827,31.2909466],[121.2118781,31.2909672],[121.2117923,31.2909695],[121.2116662,31.2909489],[121.211575,31.2909947],[121.21132,31.2906732],[121.2110044,31.2902752],[121.2108079,31.2900275]],[[121.210962,31.2899938],[121.2115669,31.2908001],[121.2121526,31.2904792],[121.2115477,31.2896729],[121.210962,31.2899938]]]}},
{"type":"Feature","id":"way/263914853","properties":{"category":"sport","center":[121.2110332,31.28922865],"campus":true,"name":"嘉定校区器械活动区","leisure":"pitch","sport":"gymnastics","source":"OSM geometry; activity names checked against supplied Tongji sports distribution guide"},"geometry":{"type":"Polygon","coordinates":[[[121.2110091,31.2894705],[121.2106443,31.2890098],[121.2106577,31.2889868],[121.2113363,31.2891152],[121.2114221,31.2892229],[121.2110091,31.2894705]]]}},
{"type":"Feature","id":"way/1456432428","properties":{"category":"sport","center":[121.2112146,31.29206665],"campus":true,"name":"嘉定同济体育中心","building":"yes","leisure":"sports_hall","sport":"basketball;badminton;table_tennis;fitness;weightlifting;swimming","source":"OSM geometry; activity names checked against supplied Tongji sports distribution guide"},"geometry":{"type":"Polygon","coordinates":[[[121.2109968,31.2923855],[121.2110438,31.2923455],[121.2106508,31.2923415],[121.210651,31.2917158],[121.2110408,31.2917159],[121.211161,31.2917321],[121.21122,31.2917401],[121.2112477,31.2915441],[121.211399,31.2915596],[121.2113282,31.2917454],[121.2113102,31.2918445],[121.2117431,31.2918207],[121.2117784,31.2925628],[121.2110046,31.2925892],[121.2109968,31.2923855]]]}},
{"type":"Feature","id":"way/1456432429","properties":{"category":"sport","center":[121.21242795,31.2921568],"campus":true,"name":"嘉定同济体育中心田径场","leisure":"track","source":"OSM geometry; activity names checked against supplied Tongji sports distribution guide"},"geometry":{"type":"Polygon","coordinates":[[[121.2117784,31.2925628],[121.2117321,31.291609],[121.2119026,31.2915867],[121.2118997,31.2915345],[121.2118947,31.2914169],[121.2120195,31.2913939],[121.2125577,31.2913567],[121.212719,31.291404],[121.2128367,31.2914928],[121.2129343,31.2916506],[121.2130253,31.2919833],[121.2130798,31.292344],[121.213117,31.2927465],[121.2131238,31.292911],[121.2130347,31.2929167],[121.2130168,31.2927727],[121.2129139,31.2927912],[121.2128429,31.2928488],[121.2126916,31.2929386],[121.2124049,31.2929569],[121.2122355,31.2929015],[121.2121119,31.2928143],[121.2120384,31.2928078],[121.212036,31.2928823],[121.2119673,31.2928823],[121.2119645,31.2927479],[121.2117845,31.2927518],[121.2117784,31.2925628]]]}}
]}
